video_id,video_path,label,label_name,manipulation_type,source_video
000,/Users/nihaldastagiri/Desktop/Major Project/FaceForensics++_C23/original/000.mp4,0,REAL,original,000
001,/Users/nihaldastagiri/Desktop/Major Project/FaceForensics++_C23/original/001.mp4,0,REAL,original,001
002,/Users/nihaldastagiri/Desktop/Major Project/FaceForensics++_C23/original/002.mp4,0,REAL,original,002
003,/Users/nihaldastagiri/Desktop/Major Project/FaceForensics++_C23/original/003.mp4,0,REAL,original,003
004,/Users/nihaldastagiri/Desktop/Major Project/FaceForensics++_C23/original/004.mp4,0,REAL,original,004
005,/Users/nihaldastagiri/Desktop/Major Project/FaceForensics++_C23/original/005.mp4,0,REAL,original,005
006,/Users/nihaldastagiri/Desktop/Major Project/FaceForensics++_C23/original/006.mp4,0,REAL,original,006
007,/Users/nihaldastagiri/Desktop/Major Project/FaceForensics++_C23/original/007.mp4,0,REAL,original,007
008,/Users/nihaldastagiri/Desktop/Major Project/FaceForensics++_C23/original/008.mp4,0,REAL,original,008
009,/Users/nihaldastagiri/Desktop/Major Project/FaceForensics++_C23/original/009.mp4,0,REAL,original,009
010,/Users/nihaldastagiri/Desktop/Major Project/FaceForensics++_C23/original/010.mp4,0,REAL,original,010
011,/Users/nihaldastagiri/Desktop/Major Project/FaceForensics++_C23/original/011.mp4,0,REAL,original,011
012,/Users/nihaldastagiri/Desktop/Major Project/FaceForensics++_C23/original/012.mp4,0,REAL,original,012
013,/Users/nihaldastagiri/Desktop/Major Project/FaceForensics++_C23/original/013.mp4,0,REAL,original,013
014,/Users/nihaldastagiri/Desktop/Major Project/FaceForensics++_C23/original/014.mp4,0,REAL,original,014
015,/Users/nihaldastagiri/Desktop/Major Project/FaceForensics++_C23/original/015.mp4,0,REAL,original,015
016,/Users/nihaldastagiri/Desktop/Major Project/FaceForensics++_C23/original/016.mp4,0,REAL,original,016
017,/Users/nihaldastagiri/Desktop/Major Project/FaceForensics++_C23/original/017.mp4,0,REAL,original,017
018,/Users/nihaldastagiri/Desktop/Major Project/FaceForensics++_C23/original/018.mp4,0,REAL,original,018
019,/Users/nihaldastagiri/Desktop/Major Project/FaceForensics++_C23/original/019.mp4,0,REAL,original,019
020,/Users/nihaldastagiri/Desktop/Major Project/FaceForensics++_C23/original/020.mp4,0,REAL,original,020
021,/Users/nihaldastagiri/Desktop/Major Project/FaceForensics++_C23/original/021.mp4,0,REAL,original,021
022,/Users/nihaldastagiri/Desktop/Major Project/FaceForensics++_C23/original/022.mp4,0,REAL,original,022
023,/Users/nihaldastagiri/Desktop/Major Project/FaceForensics++_C23/original/023.mp4,0,REAL,original,023
024,/Users/nihaldastagiri/Desktop/Major Project/FaceForensics++_C23/original/024.mp4,0,REAL,original,024
025,/Users/nihaldastagiri/Desktop/Major Project/FaceForensics++_C23/original/025.mp4,0,REAL,original,025
026,/Users/nihaldastagiri/Desktop/Major Project/FaceForensics++_C23/original/026.mp4,0,REAL,original,026
027,/Users/nihaldastagiri/Desktop/Major Project/FaceForensics++_C23/original/027.mp4,0,REAL,original,027
028,/Users/nihaldastagiri/Desktop/Major Project/FaceForensics++_C23/original/028.mp4,0,REAL,original,028
029,/Users/nihaldastagiri/Desktop/Major Project/FaceForensics++_C23/original/029.mp4,0,REAL,original,029
030,/Users/nihaldastagiri/Desktop/Major Project/FaceForensics++_C23/original/030.mp4,0,REAL,original,030
031,/Users/nihaldastagiri/Desktop/Major Project/FaceForensics++_C23/original/031.mp4,0,REAL,original,031
032,/Users/nihaldastagiri/Desktop/Major Project/FaceForensics++_C23/original/032.mp4,0,REAL,original,032
033,/Users/nihaldastagiri/Desktop/Major Project/FaceForensics++_C23/original/033.mp4,0,REAL,original,033
034,/Users/nihaldastagiri/Desktop/Major Project/FaceForensics++_C23/original/034.mp4,0,REAL,original,034
035,/Users/nihaldastagiri/Desktop/Major Project/FaceForensics++_C23/original/035.mp4,0,REAL,original,035
036,/Users/nihaldastagiri/Desktop/Major Project/FaceForensics++_C23/original/036.mp4,0,REAL,original,036
037,/Users/nihaldastagiri/Desktop/Major Project/FaceForensics++_C23/original/037.mp4,0,REAL,original,037
038,/Users/nihaldastagiri/Desktop/Major Project/FaceForensics++_C23/original/038.mp4,0,REAL,original,038
039,/Users/nihaldastagiri/Desktop/Major Project/FaceForensics++_C23/original/039.mp4,0,REAL,original,039
040,/Users/nihaldastagiri/Desktop/Major Project/FaceForensics++_C23/original/040.mp4,0,REAL,original,040
041,/Users/nihaldastagiri/Desktop/Major Project/FaceForensics++_C23/original/041.mp4,0,REAL,original,041
042,/Users/nihaldastagiri/Desktop/Major Project/FaceForensics++_C23/original/042.mp4,0,REAL,original,042
043,/Users/nihaldastagiri/Desktop/Major Project/FaceForensics++_C23/original/043.mp4,0,REAL,original,043
044,/Users/nihaldastagiri/Desktop/Major Project/FaceForensics++_C23/original/044.mp4,0,REAL,original,044
045,/Users/nihaldastagiri/Desktop/Major Project/FaceForensics++_C23/original/045.mp4,0,REAL,original,045
046,/Users/nihaldastagiri/Desktop/Major Project/FaceForensics++_C23/original/046.mp4,0,REAL,original,046
047,/Users/nihaldastagiri/Desktop/Major Project/FaceForensics++_C23/original/047.mp4,0,REAL,original,047
048,/Users/nihaldastagiri/Desktop/Major Project/FaceForensics++_C23/original/048.mp4,0,REAL,original,048
049,/Users/nihaldastagiri/Desktop/Major Project/FaceForensics++_C23/original/049.mp4,0,REAL,original,049
050,/Users/nihaldastagiri/Desktop/Major Project/FaceForensics++_C23/original/050.mp4,0,REAL,original,050
051,/Users/nihaldastagiri/Desktop/Major Project/FaceForensics++_C23/original/051.mp4,0,REAL,original,051
052,/Users/nihaldastagiri/Desktop/Major Project/FaceForensics++_C23/original/052.mp4,0,REAL,original,052
053,/Users/nihaldastagiri/Desktop/Major Project/FaceForensics++_C23/original/053.mp4,0,REAL,original,053
054,/Users/nihaldastagiri/Desktop/Major Project/FaceForensics++_C23/original/054.mp4,0,REAL,original,054
055,/Users/nihaldastagiri/Desktop/Major Project/FaceForensics++_C23/original/055.mp4,0,REAL,original,055
056,/Users/nihaldastagiri/Desktop/Major Project/FaceForensics++_C23/original/056.mp4,0,REAL,original,056
057,/Users/nihaldastagiri/Desktop/Major Project/FaceForensics++_C23/original/057.mp4,0,REAL,original,057
058,/Users/nihaldastagiri/Desktop/Major Project/FaceForensics++_C23/original/058.mp4,0,REAL,original,058
059,/Users/nihaldastagiri/Desktop/Major Project/FaceForensics++_C23/original/059.mp4,0,REAL,original,059
060,/Users/nihaldastagiri/Desktop/Major Project/FaceForensics++_C23/original/060.mp4,0,REAL,original,060
061,/Users/nihaldastagiri/Desktop/Major Project/FaceForensics++_C23/original/061.mp4,0,REAL,original,061
062,/Users/nihaldastagiri/Desktop/Major Project/FaceForensics++_C23/original/062.mp4,0,REAL,original,062
063,/Users/nihaldastagiri/Desktop/Major Project/FaceForensics++_C23/original/063.mp4,0,REAL,original,063
064,/Users/nihaldastagiri/Desktop/Major Project/FaceForensics++_C23/original/064.mp4,0,REAL,original,064
065,/Users/nihaldastagiri/Desktop/Major Project/FaceForensics++_C23/original/065.mp4,0,REAL,original,065
066,/Users/nihaldastagiri/Desktop/Major Project/FaceForensics++_C23/original/066.mp4,0,REAL,original,066
067,/Users/nihaldastagiri/Desktop/Major Project/FaceForensics++_C23/original/067.mp4,0,REAL,original,067
068,/Users/nihaldastagiri/Desktop/Major Project/FaceForensics++_C23/original/068.mp4,0,REAL,original,068
069,/Users/nihaldastagiri/Desktop/Major Project/FaceForensics++_C23/original/069.mp4,0,REAL,original,069
070,/Users/nihaldastagiri/Desktop/Major Project/FaceForensics++_C23/original/070.mp4,0,REAL,original,070
071,/Users/nihaldastagiri/Desktop/Major Project/FaceForensics++_C23/original/071.mp4,0,REAL,original,071
072,/Users/nihaldastagiri/Desktop/Major Project/FaceForensics++_C23/original/072.mp4,0,REAL,original,072
073,/Users/nihaldastagiri/Desktop/Major Project/FaceForensics++_C23/original/073.mp4,0,REAL,original,073
074,/Users/nihaldastagiri/Desktop/Major Project/FaceForensics++_C23/original/074.mp4,0,REAL,original,074
075,/Users/nihaldastagiri/Desktop/Major Project/FaceForensics++_C23/original/075.mp4,0,REAL,original,075
076,/Users/nihaldastagiri/Desktop/Major Project/FaceForensics++_C23/original/076.mp4,0,REAL,original,076
077,/Users/nihaldastagiri/Desktop/Major Project/FaceForensics++_C23/original/077.mp4,0,REAL,original,077
078,/Users/nihaldastagiri/Desktop/Major Project/FaceForensics++_C23/original/078.mp4,0,REAL,original,078
079,/Users/nihaldastagiri/Desktop/Major Project/FaceForensics++_C23/original/079.mp4,0,REAL,original,079
080,/Users/nihaldastagiri/Desktop/Major Project/FaceForensics++_C23/original/080.mp4,0,REAL,original,080
081,/Users/nihaldastagiri/Desktop/Major Project/FaceForensics++_C23/original/081.mp4,0,REAL,original,081
082,/Users/nihaldastagiri/Desktop/Major Project/FaceForensics++_C23/original/082.mp4,0,REAL,original,082
083,/Users/nihaldastagiri/Desktop/Major Project/FaceForensics++_C23/original/083.mp4,0,REAL,original,083
084,/Users/nihaldastagiri/Desktop/Major Project/FaceForensics++_C23/original/084.mp4,0,REAL,original,084
085,/Users/nihaldastagiri/Desktop/Major Project/FaceForensics++_C23/original/085.mp4,0,REAL,original,085
086,/Users/nihaldastagiri/Desktop/Major Project/FaceForensics++_C23/original/086.mp4,0,REAL,original,086
087,/Users/nihaldastagiri/Desktop/Major Project/FaceForensics++_C23/original/087.mp4,0,REAL,original,087
088,/Users/nihaldastagiri/Desktop/Major Project/FaceForensics++_C23/original/088.mp4,0,REAL,original,088
089,/Users/nihaldastagiri/Desktop/Major Project/FaceForensics++_C23/original/089.mp4,0,REAL,original,089
090,/Users/nihaldastagiri/Desktop/Major Project/FaceForensics++_C23/original/090.mp4,0,REAL,original,090
091,/Users/nihaldastagiri/Desktop/Major Project/FaceForensics++_C23/original/091.mp4,0,REAL,original,091
092,/Users/nihaldastagiri/Desktop/Major Project/FaceForensics++_C23/original/092.mp4,0,REAL,original,092
093,/Users/nihaldastagiri/Desktop/Major Project/FaceForensics++_C23/original/093.mp4,0,REAL,original,093
094,/Users/nihaldastagiri/Desktop/Major Project/FaceForensics++_C23/original/094.mp4,0,REAL,original,094
095,/Users/nihaldastagiri/Desktop/Major Project/FaceForensics++_C23/original/095.mp4,0,REAL,original,095
096,/Users/nihaldastagiri/Desktop/Major Project/FaceForensics++_C23/original/096.mp4,0,REAL,original,096
097,/Users/nihaldastagiri/Desktop/Major Project/FaceForensics++_C23/original/097.mp4,0,REAL,original,097
098,/Users/nihaldastagiri/Desktop/Major Project/FaceForensics++_C23/original/098.mp4,0,REAL,original,098
099,/Users/nihaldastagiri/Desktop/Major Project/FaceForensics++_C23/original/099.mp4,0,REAL,original,099
100,/Users/nihaldastagiri/Desktop/Major Project/FaceForensics++_C23/original/100.mp4,0,REAL,original,100
101,/Users/nihaldastagiri/Desktop/Major Project/FaceForensics++_C23/original/101.mp4,0,REAL,original,101
102,/Users/nihaldastagiri/Desktop/Major Project/FaceForensics++_C23/original/102.mp4,0,REAL,original,102
103,/Users/nihaldastagiri/Desktop/Major Project/FaceForensics++_C23/original/103.mp4,0,REAL,original,103
104,/Users/nihaldastagiri/Desktop/Major Project/FaceForensics++_C23/original/104.mp4,0,REAL,original,104
105,/Users/nihaldastagiri/Desktop/Major Project/FaceForensics++_C23/original/105.mp4,0,REAL,original,105
106,/Users/nihaldastagiri/Desktop/Major Project/FaceForensics++_C23/original/106.mp4,0,REAL,original,106
107,/Users/nihaldastagiri/Desktop/Major Project/FaceForensics++_C23/original/107.mp4,0,REAL,original,107
108,/Users/nihaldastagiri/Desktop/Major Project/FaceForensics++_C23/original/108.mp4,0,REAL,original,108
109,/Users/nihaldastagiri/Desktop/Major Project/FaceForensics++_C23/original/109.mp4,0,REAL,original,109
110,/Users/nihaldastagiri/Desktop/Major Project/FaceForensics++_C23/original/110.mp4,0,REAL,original,110
111,/Users/nihaldastagiri/Desktop/Major Project/FaceForensics++_C23/original/111.mp4,0,REAL,original,111
112,/Users/nihaldastagiri/Desktop/Major Project/FaceForensics++_C23/original/112.mp4,0,REAL,original,112
113,/Users/nihaldastagiri/Desktop/Major Project/FaceForensics++_C23/original/113.mp4,0,REAL,original,113
114,/Users/nihaldastagiri/Desktop/Major Project/FaceForensics++_C23/original/114.mp4,0,REAL,original,114
115,/Users/nihaldastagiri/Desktop/Major Project/FaceForensics++_C23/original/115.mp4,0,REAL,original,115
116,/Users/nihaldastagiri/Desktop/Major Project/FaceForensics++_C23/original/116.mp4,0,REAL,original,116
117,/Users/nihaldastagiri/Desktop/Major Project/FaceForensics++_C23/original/117.mp4,0,REAL,original,117
118,/Users/nihaldastagiri/Desktop/Major Project/FaceForensics++_C23/original/118.mp4,0,REAL,original,118
119,/Users/nihaldastagiri/Desktop/Major Project/FaceForensics++_C23/original/119.mp4,0,REAL,original,119
120,/Users/nihaldastagiri/Desktop/Major Project/FaceForensics++_C23/original/120.mp4,0,REAL,original,120
121,/Users/nihaldastagiri/Desktop/Major Project/FaceForensics++_C23/original/121.mp4,0,REAL,original,121
122,/Users/nihaldastagiri/Desktop/Major Project/FaceForensics++_C23/original/122.mp4,0,REAL,original,122
123,/Users/nihaldastagiri/Desktop/Major Project/FaceForensics++_C23/original/123.mp4,0,REAL,original,123
124,/Users/nihaldastagiri/Desktop/Major Project/FaceForensics++_C23/original/124.mp4,0,REAL,original,124
125,/Users/nihaldastagiri/Desktop/Major Project/FaceForensics++_C23/original/125.mp4,0,REAL,original,125
126,/Users/nihaldastagiri/Desktop/Major Project/FaceForensics++_C23/original/126.mp4,0,REAL,original,126
127,/Users/nihaldastagiri/Desktop/Major Project/FaceForensics++_C23/original/127.mp4,0,REAL,original,127
128,/Users/nihaldastagiri/Desktop/Major Project/FaceForensics++_C23/original/128.mp4,0,REAL,original,128
129,/Users/nihaldastagiri/Desktop/Major Project/FaceForensics++_C23/original/129.mp4,0,REAL,original,129
130,/Users/nihaldastagiri/Desktop/Major Project/FaceForensics++_C23/original/130.mp4,0,REAL,original,130
131,/Users/nihaldastagiri/Desktop/Major Project/FaceForensics++_C23/original/131.mp4,0,REAL,original,131
132,/Users/nihaldastagiri/Desktop/Major Project/FaceForensics++_C23/original/132.mp4,0,REAL,original,132
133,/Users/nihaldastagiri/Desktop/Major Project/FaceForensics++_C23/original/133.mp4,0,REAL,original,133
134,/Users/nihaldastagiri/Desktop/Major Project/FaceForensics++_C23/original/134.mp4,0,REAL,original,134
135,/Users/nihaldastagiri/Desktop/Major Project/FaceForensics++_C23/original/135.mp4,0,REAL,original,135
136,/Users/nihaldastagiri/Desktop/Major Project/FaceForensics++_C23/original/136.mp4,0,REAL,original,136
137,/Users/nihaldastagiri/Desktop/Major Project/FaceForensics++_C23/original/137.mp4,0,REAL,original,137
138,/Users/nihaldastagiri/Desktop/Major Project/FaceForensics++_C23/original/138.mp4,0,REAL,original,138
139,/Users/nihaldastagiri/Desktop/Major Project/FaceForensics++_C23/original/139.mp4,0,REAL,original,139
140,/Users/nihaldastagiri/Desktop/Major Project/FaceForensics++_C23/original/140.mp4,0,REAL,original,140
141,/Users/nihaldastagiri/Desktop/Major Project/FaceForensics++_C23/original/141.mp4,0,REAL,original,141
142,/Users/nihaldastagiri/Desktop/Major Project/FaceForensics++_C23/original/142.mp4,0,REAL,original,142
143,/Users/nihaldastagiri/Desktop/Major Project/FaceForensics++_C23/original/143.mp4,0,REAL,original,143
144,/Users/nihaldastagiri/Desktop/Major Project/FaceForensics++_C23/original/144.mp4,0,REAL,original,144
145,/Users/nihaldastagiri/Desktop/Major Project/FaceForensics++_C23/original/145.mp4,0,REAL,original,145
146,/Users/nihaldastagiri/Desktop/Major Project/FaceForensics++_C23/original/146.mp4,0,REAL,original,146
147,/Users/nihaldastagiri/Desktop/Major Project/FaceForensics++_C23/original/147.mp4,0,REAL,original,147
148,/Users/nihaldastagiri/Desktop/Major Project/FaceForensics++_C23/original/148.mp4,0,REAL,original,148
149,/Users/nihaldastagiri/Desktop/Major Project/FaceForensics++_C23/original/149.mp4,0,REAL,original,149
150,/Users/nihaldastagiri/Desktop/Major Project/FaceForensics++_C23/original/150.mp4,0,REAL,original,150
151,/Users/nihaldastagiri/Desktop/Major Project/FaceForensics++_C23/original/151.mp4,0,REAL,original,151
152,/Users/nihaldastagiri/Desktop/Major Project/FaceForensics++_C23/original/152.mp4,0,REAL,original,152
153,/Users/nihaldastagiri/Desktop/Major Project/FaceForensics++_C23/original/153.mp4,0,REAL,original,153
154,/Users/nihaldastagiri/Desktop/Major Project/FaceForensics++_C23/original/154.mp4,0,REAL,original,154
155,/Users/nihaldastagiri/Desktop/Major Project/FaceForensics++_C23/original/155.mp4,0,REAL,original,155
156,/Users/nihaldastagiri/Desktop/Major Project/FaceForensics++_C23/original/156.mp4,0,REAL,original,156
157,/Users/nihaldastagiri/Desktop/Major Project/FaceForensics++_C23/original/157.mp4,0,REAL,original,157
158,/Users/nihaldastagiri/Desktop/Major Project/FaceForensics++_C23/original/158.mp4,0,REAL,original,158
159,/Users/nihaldastagiri/Desktop/Major Project/FaceForensics++_C23/original/159.mp4,0,REAL,original,159
160,/Users/nihaldastagiri/Desktop/Major Project/FaceForensics++_C23/original/160.mp4,0,REAL,original,160
161,/Users/nihaldastagiri/Desktop/Major Project/FaceForensics++_C23/original/161.mp4,0,REAL,original,161
162,/Users/nihaldastagiri/Desktop/Major Project/FaceForensics++_C23/original/162.mp4,0,REAL,original,162
163,/Users/nihaldastagiri/Desktop/Major Project/FaceForensics++_C23/original/163.mp4,0,REAL,original,163
164,/Users/nihaldastagiri/Desktop/Major Project/FaceForensics++_C23/original/164.mp4,0,REAL,original,164
165,/Users/nihaldastagiri/Desktop/Major Project/FaceForensics++_C23/original/165.mp4,0,REAL,original,165
166,/Users/nihaldastagiri/Desktop/Major Project/FaceForensics++_C23/original/166.mp4,0,REAL,original,166
167,/Users/nihaldastagiri/Desktop/Major Project/FaceForensics++_C23/original/167.mp4,0,REAL,original,167
168,/Users/nihaldastagiri/Desktop/Major Project/FaceForensics++_C23/original/168.mp4,0,REAL,original,168
169,/Users/nihaldastagiri/Desktop/Major Project/FaceForensics++_C23/original/169.mp4,0,REAL,original,169
170,/Users/nihaldastagiri/Desktop/Major Project/FaceForensics++_C23/original/170.mp4,0,REAL,original,170
171,/Users/nihaldastagiri/Desktop/Major Project/FaceForensics++_C23/original/171.mp4,0,REAL,original,171
172,/Users/nihaldastagiri/Desktop/Major Project/FaceForensics++_C23/original/172.mp4,0,REAL,original,172
173,/Users/nihaldastagiri/Desktop/Major Project/FaceForensics++_C23/original/173.mp4,0,REAL,original,173
174,/Users/nihaldastagiri/Desktop/Major Project/FaceForensics++_C23/original/174.mp4,0,REAL,original,174
175,/Users/nihaldastagiri/Desktop/Major Project/FaceForensics++_C23/original/175.mp4,0,REAL,original,175
176,/Users/nihaldastagiri/Desktop/Major Project/FaceForensics++_C23/original/176.mp4,0,REAL,original,176
177,/Users/nihaldastagiri/Desktop/Major Project/FaceForensics++_C23/original/177.mp4,0,REAL,original,177
178,/Users/nihaldastagiri/Desktop/Major Project/FaceForensics++_C23/original/178.mp4,0,REAL,original,178
179,/Users/nihaldastagiri/Desktop/Major Project/FaceForensics++_C23/original/179.mp4,0,REAL,original,179
180,/Users/nihaldastagiri/Desktop/Major Project/FaceForensics++_C23/original/180.mp4,0,REAL,original,180
181,/Users/nihaldastagiri/Desktop/Major Project/FaceForensics++_C23/original/181.mp4,0,REAL,original,181
182,/Users/nihaldastagiri/Desktop/Major Project/FaceForensics++_C23/original/182.mp4,0,REAL,original,182
183,/Users/nihaldastagiri/Desktop/Major Project/FaceForensics++_C23/original/183.mp4,0,REAL,original,183
184,/Users/nihaldastagiri/Desktop/Major Project/FaceForensics++_C23/original/184.mp4,0,REAL,original,184
185,/Users/nihaldastagiri/Desktop/Major Project/FaceForensics++_C23/original/185.mp4,0,REAL,original,185
186,/Users/nihaldastagiri/Desktop/Major Project/FaceForensics++_C23/original/186.mp4,0,REAL,original,186
187,/Users/nihaldastagiri/Desktop/Major Project/FaceForensics++_C23/original/187.mp4,0,REAL,original,187
188,/Users/nihaldastagiri/Desktop/Major Project/FaceForensics++_C23/original/188.mp4,0,REAL,original,188
189,/Users/nihaldastagiri/Desktop/Major Project/FaceForensics++_C23/original/189.mp4,0,REAL,original,189
190,/Users/nihaldastagiri/Desktop/Major Project/FaceForensics++_C23/original/190.mp4,0,REAL,original,190
191,/Users/nihaldastagiri/Desktop/Major Project/FaceForensics++_C23/original/191.mp4,0,REAL,original,191
192,/Users/nihaldastagiri/Desktop/Major Project/FaceForensics++_C23/original/192.mp4,0,REAL,original,192
193,/Users/nihaldastagiri/Desktop/Major Project/FaceForensics++_C23/original/193.mp4,0,REAL,original,193
194,/Users/nihaldastagiri/Desktop/Major Project/FaceForensics++_C23/original/194.mp4,0,REAL,original,194
195,/Users/nihaldastagiri/Desktop/Major Project/FaceForensics++_C23/original/195.mp4,0,REAL,original,195
196,/Users/nihaldastagiri/Desktop/Major Project/FaceForensics++_C23/original/196.mp4,0,REAL,original,196
197,/Users/nihaldastagiri/Desktop/Major Project/FaceForensics++_C23/original/197.mp4,0,REAL,original,197
198,/Users/nihaldastagiri/Desktop/Major Project/FaceForensics++_C23/original/198.mp4,0,REAL,original,198
199,/Users/nihaldastagiri/Desktop/Major Project/FaceForensics++_C23/original/199.mp4,0,REAL,original,199
200,/Users/nihaldastagiri/Desktop/Major Project/FaceForensics++_C23/original/200.mp4,0,REAL,original,200
201,/Users/nihaldastagiri/Desktop/Major Project/FaceForensics++_C23/original/201.mp4,0,REAL,original,201
202,/Users/nihaldastagiri/Desktop/Major Project/FaceForensics++_C23/original/202.mp4,0,REAL,original,202
203,/Users/nihaldastagiri/Desktop/Major Project/FaceForensics++_C23/original/203.mp4,0,REAL,original,203
204,/Users/nihaldastagiri/Desktop/Major Project/FaceForensics++_C23/original/204.mp4,0,REAL,original,204
205,/Users/nihaldastagiri/Desktop/Major Project/FaceForensics++_C23/original/205.mp4,0,REAL,original,205
206,/Users/nihaldastagiri/Desktop/Major Project/FaceForensics++_C23/original/206.mp4,0,REAL,original,206
207,/Users/nihaldastagiri/Desktop/Major Project/FaceForensics++_C23/original/207.mp4,0,REAL,original,207
208,/Users/nihaldastagiri/Desktop/Major Project/FaceForensics++_C23/original/208.mp4,0,REAL,original,208
209,/Users/nihaldastagiri/Desktop/Major Project/FaceForensics++_C23/original/209.mp4,0,REAL,original,209
210,/Users/nihaldastagiri/Desktop/Major Project/FaceForensics++_C23/original/210.mp4,0,REAL,original,210
211,/Users/nihaldastagiri/Desktop/Major Project/FaceForensics++_C23/original/211.mp4,0,REAL,original,211
212,/Users/nihaldastagiri/Desktop/Major Project/FaceForensics++_C23/original/212.mp4,0,REAL,original,212
213,/Users/nihaldastagiri/Desktop/Major Project/FaceForensics++_C23/original/213.mp4,0,REAL,original,213
214,/Users/nihaldastagiri/Desktop/Major Project/FaceForensics++_C23/original/214.mp4,0,REAL,original,214
215,/Users/nihaldastagiri/Desktop/Major Project/FaceForensics++_C23/original/215.mp4,0,REAL,original,215
216,/Users/nihaldastagiri/Desktop/Major Project/FaceForensics++_C23/original/216.mp4,0,REAL,original,216
217,/Users/nihaldastagiri/Desktop/Major Project/FaceForensics++_C23/original/217.mp4,0,REAL,original,217
218,/Users/nihaldastagiri/Desktop/Major Project/FaceForensics++_C23/original/218.mp4,0,REAL,original,218
219,/Users/nihaldastagiri/Desktop/Major Project/FaceForensics++_C23/original/219.mp4,0,REAL,original,219
220,/Users/nihaldastagiri/Desktop/Major Project/FaceForensics++_C23/original/220.mp4,0,REAL,original,220
221,/Users/nihaldastagiri/Desktop/Major Project/FaceForensics++_C23/original/221.mp4,0,REAL,original,221
222,/Users/nihaldastagiri/Desktop/Major Project/FaceForensics++_C23/original/222.mp4,0,REAL,original,222
223,/Users/nihaldastagiri/Desktop/Major Project/FaceForensics++_C23/original/223.mp4,0,REAL,original,223
224,/Users/nihaldastagiri/Desktop/Major Project/FaceForensics++_C23/original/224.mp4,0,REAL,original,224
225,/Users/nihaldastagiri/Desktop/Major Project/FaceForensics++_C23/original/225.mp4,0,REAL,original,225
226,/Users/nihaldastagiri/Desktop/Major Project/FaceForensics++_C23/original/226.mp4,0,REAL,original,226
227,/Users/nihaldastagiri/Desktop/Major Project/FaceForensics++_C23/original/227.mp4,0,REAL,original,227
228,/Users/nihaldastagiri/Desktop/Major Project/FaceForensics++_C23/original/228.mp4,0,REAL,original,228
229,/Users/nihaldastagiri/Desktop/Major Project/FaceForensics++_C23/original/229.mp4,0,REAL,original,229
230,/Users/nihaldastagiri/Desktop/Major Project/FaceForensics++_C23/original/230.mp4,0,REAL,original,230
231,/Users/nihaldastagiri/Desktop/Major Project/FaceForensics++_C23/original/231.mp4,0,REAL,original,231
232,/Users/nihaldastagiri/Desktop/Major Project/FaceForensics++_C23/original/232.mp4,0,REAL,original,232
233,/Users/nihaldastagiri/Desktop/Major Project/FaceForensics++_C23/original/233.mp4,0,REAL,original,233
234,/Users/nihaldastagiri/Desktop/Major Project/FaceForensics++_C23/original/234.mp4,0,REAL,original,234
235,/Users/nihaldastagiri/Desktop/Major Project/FaceForensics++_C23/original/235.mp4,0,REAL,original,235
236,/Users/nihaldastagiri/Desktop/Major Project/FaceForensics++_C23/original/236.mp4,0,REAL,original,236
237,/Users/nihaldastagiri/Desktop/Major Project/FaceForensics++_C23/original/237.mp4,0,REAL,original,237
238,/Users/nihaldastagiri/Desktop/Major Project/FaceForensics++_C23/original/238.mp4,0,REAL,original,238
239,/Users/nihaldastagiri/Desktop/Major Project/FaceForensics++_C23/original/239.mp4,0,REAL,original,239
240,/Users/nihaldastagiri/Desktop/Major Project/FaceForensics++_C23/original/240.mp4,0,REAL,original,240
241,/Users/nihaldastagiri/Desktop/Major Project/FaceForensics++_C23/original/241.mp4,0,REAL,original,241
242,/Users/nihaldastagiri/Desktop/Major Project/FaceForensics++_C23/original/242.mp4,0,REAL,original,242
243,/Users/nihaldastagiri/Desktop/Major Project/FaceForensics++_C23/original/243.mp4,0,REAL,original,243
244,/Users/nihaldastagiri/Desktop/Major Project/FaceForensics++_C23/original/244.mp4,0,REAL,original,244
245,/Users/nihaldastagiri/Desktop/Major Project/FaceForensics++_C23/original/245.mp4,0,REAL,original,245
246,/Users/nihaldastagiri/Desktop/Major Project/FaceForensics++_C23/original/246.mp4,0,REAL,original,246
247,/Users/nihaldastagiri/Desktop/Major Project/FaceForensics++_C23/original/247.mp4,0,REAL,original,247
248,/Users/nihaldastagiri/Desktop/Major Project/FaceForensics++_C23/original/248.mp4,0,REAL,original,248
249,/Users/nihaldastagiri/Desktop/Major Project/FaceForensics++_C23/original/249.mp4,0,REAL,original,249
250,/Users/nihaldastagiri/Desktop/Major Project/FaceForensics++_C23/original/250.mp4,0,REAL,original,250
251,/Users/nihaldastagiri/Desktop/Major Project/FaceForensics++_C23/original/251.mp4,0,REAL,original,251
252,/Users/nihaldastagiri/Desktop/Major Project/FaceForensics++_C23/original/252.mp4,0,REAL,original,252
253,/Users/nihaldastagiri/Desktop/Major Project/FaceForensics++_C23/original/253.mp4,0,REAL,original,253
254,/Users/nihaldastagiri/Desktop/Major Project/FaceForensics++_C23/original/254.mp4,0,REAL,original,254
255,/Users/nihaldastagiri/Desktop/Major Project/FaceForensics++_C23/original/255.mp4,0,REAL,original,255
256,/Users/nihaldastagiri/Desktop/Major Project/FaceForensics++_C23/original/256.mp4,0,REAL,original,256
257,/Users/nihaldastagiri/Desktop/Major Project/FaceForensics++_C23/original/257.mp4,0,REAL,original,257
258,/Users/nihaldastagiri/Desktop/Major Project/FaceForensics++_C23/original/258.mp4,0,REAL,original,258
259,/Users/nihaldastagiri/Desktop/Major Project/FaceForensics++_C23/original/259.mp4,0,REAL,original,259
260,/Users/nihaldastagiri/Desktop/Major Project/FaceForensics++_C23/original/260.mp4,0,REAL,original,260
261,/Users/nihaldastagiri/Desktop/Major Project/FaceForensics++_C23/original/261.mp4,0,REAL,original,261
262,/Users/nihaldastagiri/Desktop/Major Project/FaceForensics++_C23/original/262.mp4,0,REAL,original,262
263,/Users/nihaldastagiri/Desktop/Major Project/FaceForensics++_C23/original/263.mp4,0,REAL,original,263
264,/Users/nihaldastagiri/Desktop/Major Project/FaceForensics++_C23/original/264.mp4,0,REAL,original,264
265,/Users/nihaldastagiri/Desktop/Major Project/FaceForensics++_C23/original/265.mp4,0,REAL,original,265
266,/Users/nihaldastagiri/Desktop/Major Project/FaceForensics++_C23/original/266.mp4,0,REAL,original,266
267,/Users/nihaldastagiri/Desktop/Major Project/FaceForensics++_C23/original/267.mp4,0,REAL,original,267
268,/Users/nihaldastagiri/Desktop/Major Project/FaceForensics++_C23/original/268.mp4,0,REAL,original,268
269,/Users/nihaldastagiri/Desktop/Major Project/FaceForensics++_C23/original/269.mp4,0,REAL,original,269
270,/Users/nihaldastagiri/Desktop/Major Project/FaceForensics++_C23/original/270.mp4,0,REAL,original,270
271,/Users/nihaldastagiri/Desktop/Major Project/FaceForensics++_C23/original/271.mp4,0,REAL,original,271
272,/Users/nihaldastagiri/Desktop/Major Project/FaceForensics++_C23/original/272.mp4,0,REAL,original,272
273,/Users/nihaldastagiri/Desktop/Major Project/FaceForensics++_C23/original/273.mp4,0,REAL,original,273
274,/Users/nihaldastagiri/Desktop/Major Project/FaceForensics++_C23/original/274.mp4,0,REAL,original,274
275,/Users/nihaldastagiri/Desktop/Major Project/FaceForensics++_C23/original/275.mp4,0,REAL,original,275
276,/Users/nihaldastagiri/Desktop/Major Project/FaceForensics++_C23/original/276.mp4,0,REAL,original,276
277,/Users/nihaldastagiri/Desktop/Major Project/FaceForensics++_C23/original/277.mp4,0,REAL,original,277
278,/Users/nihaldastagiri/Desktop/Major Project/FaceForensics++_C23/original/278.mp4,0,REAL,original,278
279,/Users/nihaldastagiri/Desktop/Major Project/FaceForensics++_C23/original/279.mp4,0,REAL,original,279
280,/Users/nihaldastagiri/Desktop/Major Project/FaceForensics++_C23/original/280.mp4,0,REAL,original,280
281,/Users/nihaldastagiri/Desktop/Major Project/FaceForensics++_C23/original/281.mp4,0,REAL,original,281
282,/Users/nihaldastagiri/Desktop/Major Project/FaceForensics++_C23/original/282.mp4,0,REAL,original,282
283,/Users/nihaldastagiri/Desktop/Major Project/FaceForensics++_C23/original/283.mp4,0,REAL,original,283
284,/Users/nihaldastagiri/Desktop/Major Project/FaceForensics++_C23/original/284.mp4,0,REAL,original,284
285,/Users/nihaldastagiri/Desktop/Major Project/FaceForensics++_C23/original/285.mp4,0,REAL,original,285
286,/Users/nihaldastagiri/Desktop/Major Project/FaceForensics++_C23/original/286.mp4,0,REAL,original,286
287,/Users/nihaldastagiri/Desktop/Major Project/FaceForensics++_C23/original/287.mp4,0,REAL,original,287
288,/Users/nihaldastagiri/Desktop/Major Project/FaceForensics++_C23/original/288.mp4,0,REAL,original,288
289,/Users/nihaldastagiri/Desktop/Major Project/FaceForensics++_C23/original/289.mp4,0,REAL,original,289
290,/Users/nihaldastagiri/Desktop/Major Project/FaceForensics++_C23/original/290.mp4,0,REAL,original,290
291,/Users/nihaldastagiri/Desktop/Major Project/FaceForensics++_C23/original/291.mp4,0,REAL,original,291
292,/Users/nihaldastagiri/Desktop/Major Project/FaceForensics++_C23/original/292.mp4,0,REAL,original,292
293,/Users/nihaldastagiri/Desktop/Major Project/FaceForensics++_C23/original/293.mp4,0,REAL,original,293
294,/Users/nihaldastagiri/Desktop/Major Project/FaceForensics++_C23/original/294.mp4,0,REAL,original,294
295,/Users/nihaldastagiri/Desktop/Major Project/FaceForensics++_C23/original/295.mp4,0,REAL,original,295
296,/Users/nihaldastagiri/Desktop/Major Project/FaceForensics++_C23/original/296.mp4,0,REAL,original,296
297,/Users/nihaldastagiri/Desktop/Major Project/FaceForensics++_C23/original/297.mp4,0,REAL,original,297
298,/Users/nihaldastagiri/Desktop/Major Project/FaceForensics++_C23/original/298.mp4,0,REAL,original,298
299,/Users/nihaldastagiri/Desktop/Major Project/FaceForensics++_C23/original/299.mp4,0,REAL,original,299
300,/Users/nihaldastagiri/Desktop/Major Project/FaceForensics++_C23/original/300.mp4,0,REAL,original,300
301,/Users/nihaldastagiri/Desktop/Major Project/FaceForensics++_C23/original/301.mp4,0,REAL,original,301
302,/Users/nihaldastagiri/Desktop/Major Project/FaceForensics++_C23/original/302.mp4,0,REAL,original,302
303,/Users/nihaldastagiri/Desktop/Major Project/FaceForensics++_C23/original/303.mp4,0,REAL,original,303
304,/Users/nihaldastagiri/Desktop/Major Project/FaceForensics++_C23/original/304.mp4,0,REAL,original,304
305,/Users/nihaldastagiri/Desktop/Major Project/FaceForensics++_C23/original/305.mp4,0,REAL,original,305
306,/Users/nihaldastagiri/Desktop/Major Project/FaceForensics++_C23/original/306.mp4,0,REAL,original,306
307,/Users/nihaldastagiri/Desktop/Major Project/FaceForensics++_C23/original/307.mp4,0,REAL,original,307
308,/Users/nihaldastagiri/Desktop/Major Project/FaceForensics++_C23/original/308.mp4,0,REAL,original,308
309,/Users/nihaldastagiri/Desktop/Major Project/FaceForensics++_C23/original/309.mp4,0,REAL,original,309
310,/Users/nihaldastagiri/Desktop/Major Project/FaceForensics++_C23/original/310.mp4,0,REAL,original,310
311,/Users/nihaldastagiri/Desktop/Major Project/FaceForensics++_C23/original/311.mp4,0,REAL,original,311
312,/Users/nihaldastagiri/Desktop/Major Project/FaceForensics++_C23/original/312.mp4,0,REAL,original,312
313,/Users/nihaldastagiri/Desktop/Major Project/FaceForensics++_C23/original/313.mp4,0,REAL,original,313
314,/Users/nihaldastagiri/Desktop/Major Project/FaceForensics++_C23/original/314.mp4,0,REAL,original,314
315,/Users/nihaldastagiri/Desktop/Major Project/FaceForensics++_C23/original/315.mp4,0,REAL,original,315
316,/Users/nihaldastagiri/Desktop/Major Project/FaceForensics++_C23/original/316.mp4,0,REAL,original,316
317,/Users/nihaldastagiri/Desktop/Major Project/FaceForensics++_C23/original/317.mp4,0,REAL,original,317
318,/Users/nihaldastagiri/Desktop/Major Project/FaceForensics++_C23/original/318.mp4,0,REAL,original,318
319,/Users/nihaldastagiri/Desktop/Major Project/FaceForensics++_C23/original/319.mp4,0,REAL,original,319
320,/Users/nihaldastagiri/Desktop/Major Project/FaceForensics++_C23/original/320.mp4,0,REAL,original,320
321,/Users/nihaldastagiri/Desktop/Major Project/FaceForensics++_C23/original/321.mp4,0,REAL,original,321
322,/Users/nihaldastagiri/Desktop/Major Project/FaceForensics++_C23/original/322.mp4,0,REAL,original,322
323,/Users/nihaldastagiri/Desktop/Major Project/FaceForensics++_C23/original/323.mp4,0,REAL,original,323
324,/Users/nihaldastagiri/Desktop/Major Project/FaceForensics++_C23/original/324.mp4,0,REAL,original,324
325,/Users/nihaldastagiri/Desktop/Major Project/FaceForensics++_C23/original/325.mp4,0,REAL,original,325
326,/Users/nihaldastagiri/Desktop/Major Project/FaceForensics++_C23/original/326.mp4,0,REAL,original,326
327,/Users/nihaldastagiri/Desktop/Major Project/FaceForensics++_C23/original/327.mp4,0,REAL,original,327
328,/Users/nihaldastagiri/Desktop/Major Project/FaceForensics++_C23/original/328.mp4,0,REAL,original,328
329,/Users/nihaldastagiri/Desktop/Major Project/FaceForensics++_C23/original/329.mp4,0,REAL,original,329
330,/Users/nihaldastagiri/Desktop/Major Project/FaceForensics++_C23/original/330.mp4,0,REAL,original,330
331,/Users/nihaldastagiri/Desktop/Major Project/FaceForensics++_C23/original/331.mp4,0,REAL,original,331
332,/Users/nihaldastagiri/Desktop/Major Project/FaceForensics++_C23/original/332.mp4,0,REAL,original,332
333,/Users/nihaldastagiri/Desktop/Major Project/FaceForensics++_C23/original/333.mp4,0,REAL,original,333
334,/Users/nihaldastagiri/Desktop/Major Project/FaceForensics++_C23/original/334.mp4,0,REAL,original,334
335,/Users/nihaldastagiri/Desktop/Major Project/FaceForensics++_C23/original/335.mp4,0,REAL,original,335
336,/Users/nihaldastagiri/Desktop/Major Project/FaceForensics++_C23/original/336.mp4,0,REAL,original,336
337,/Users/nihaldastagiri/Desktop/Major Project/FaceForensics++_C23/original/337.mp4,0,REAL,original,337
338,/Users/nihaldastagiri/Desktop/Major Project/FaceForensics++_C23/original/338.mp4,0,REAL,original,338
339,/Users/nihaldastagiri/Desktop/Major Project/FaceForensics++_C23/original/339.mp4,0,REAL,original,339
340,/Users/nihaldastagiri/Desktop/Major Project/FaceForensics++_C23/original/340.mp4,0,REAL,original,340
341,/Users/nihaldastagiri/Desktop/Major Project/FaceForensics++_C23/original/341.mp4,0,REAL,original,341
342,/Users/nihaldastagiri/Desktop/Major Project/FaceForensics++_C23/original/342.mp4,0,REAL,original,342
343,/Users/nihaldastagiri/Desktop/Major Project/FaceForensics++_C23/original/343.mp4,0,REAL,original,343
344,/Users/nihaldastagiri/Desktop/Major Project/FaceForensics++_C23/original/344.mp4,0,REAL,original,344
345,/Users/nihaldastagiri/Desktop/Major Project/FaceForensics++_C23/original/345.mp4,0,REAL,original,345
346,/Users/nihaldastagiri/Desktop/Major Project/FaceForensics++_C23/original/346.mp4,0,REAL,original,346
347,/Users/nihaldastagiri/Desktop/Major Project/FaceForensics++_C23/original/347.mp4,0,REAL,original,347
348,/Users/nihaldastagiri/Desktop/Major Project/FaceForensics++_C23/original/348.mp4,0,REAL,original,348
349,/Users/nihaldastagiri/Desktop/Major Project/FaceForensics++_C23/original/349.mp4,0,REAL,original,349
350,/Users/nihaldastagiri/Desktop/Major Project/FaceForensics++_C23/original/350.mp4,0,REAL,original,350
351,/Users/nihaldastagiri/Desktop/Major Project/FaceForensics++_C23/original/351.mp4,0,REAL,original,351
352,/Users/nihaldastagiri/Desktop/Major Project/FaceForensics++_C23/original/352.mp4,0,REAL,original,352
353,/Users/nihaldastagiri/Desktop/Major Project/FaceForensics++_C23/original/353.mp4,0,REAL,original,353
354,/Users/nihaldastagiri/Desktop/Major Project/FaceForensics++_C23/original/354.mp4,0,REAL,original,354
355,/Users/nihaldastagiri/Desktop/Major Project/FaceForensics++_C23/original/355.mp4,0,REAL,original,355
356,/Users/nihaldastagiri/Desktop/Major Project/FaceForensics++_C23/original/356.mp4,0,REAL,original,356
357,/Users/nihaldastagiri/Desktop/Major Project/FaceForensics++_C23/original/357.mp4,0,REAL,original,357
358,/Users/nihaldastagiri/Desktop/Major Project/FaceForensics++_C23/original/358.mp4,0,REAL,original,358
359,/Users/nihaldastagiri/Desktop/Major Project/FaceForensics++_C23/original/359.mp4,0,REAL,original,359
360,/Users/nihaldastagiri/Desktop/Major Project/FaceForensics++_C23/original/360.mp4,0,REAL,original,360
361,/Users/nihaldastagiri/Desktop/Major Project/FaceForensics++_C23/original/361.mp4,0,REAL,original,361
362,/Users/nihaldastagiri/Desktop/Major Project/FaceForensics++_C23/original/362.mp4,0,REAL,original,362
363,/Users/nihaldastagiri/Desktop/Major Project/FaceForensics++_C23/original/363.mp4,0,REAL,original,363
364,/Users/nihaldastagiri/Desktop/Major Project/FaceForensics++_C23/original/364.mp4,0,REAL,original,364
365,/Users/nihaldastagiri/Desktop/Major Project/FaceForensics++_C23/original/365.mp4,0,REAL,original,365
366,/Users/nihaldastagiri/Desktop/Major Project/FaceForensics++_C23/original/366.mp4,0,REAL,original,366
367,/Users/nihaldastagiri/Desktop/Major Project/FaceForensics++_C23/original/367.mp4,0,REAL,original,367
368,/Users/nihaldastagiri/Desktop/Major Project/FaceForensics++_C23/original/368.mp4,0,REAL,original,368
369,/Users/nihaldastagiri/Desktop/Major Project/FaceForensics++_C23/original/369.mp4,0,REAL,original,369
370,/Users/nihaldastagiri/Desktop/Major Project/FaceForensics++_C23/original/370.mp4,0,REAL,original,370
371,/Users/nihaldastagiri/Desktop/Major Project/FaceForensics++_C23/original/371.mp4,0,REAL,original,371
372,/Users/nihaldastagiri/Desktop/Major Project/FaceForensics++_C23/original/372.mp4,0,REAL,original,372
373,/Users/nihaldastagiri/Desktop/Major Project/FaceForensics++_C23/original/373.mp4,0,REAL,original,373
374,/Users/nihaldastagiri/Desktop/Major Project/FaceForensics++_C23/original/374.mp4,0,REAL,original,374
375,/Users/nihaldastagiri/Desktop/Major Project/FaceForensics++_C23/original/375.mp4,0,REAL,original,375
376,/Users/nihaldastagiri/Desktop/Major Project/FaceForensics++_C23/original/376.mp4,0,REAL,original,376
377,/Users/nihaldastagiri/Desktop/Major Project/FaceForensics++_C23/original/377.mp4,0,REAL,original,377
378,/Users/nihaldastagiri/Desktop/Major Project/FaceForensics++_C23/original/378.mp4,0,REAL,original,378
379,/Users/nihaldastagiri/Desktop/Major Project/FaceForensics++_C23/original/379.mp4,0,REAL,original,379
380,/Users/nihaldastagiri/Desktop/Major Project/FaceForensics++_C23/original/380.mp4,0,REAL,original,380
381,/Users/nihaldastagiri/Desktop/Major Project/FaceForensics++_C23/original/381.mp4,0,REAL,original,381
382,/Users/nihaldastagiri/Desktop/Major Project/FaceForensics++_C23/original/382.mp4,0,REAL,original,382
383,/Users/nihaldastagiri/Desktop/Major Project/FaceForensics++_C23/original/383.mp4,0,REAL,original,383
384,/Users/nihaldastagiri/Desktop/Major Project/FaceForensics++_C23/original/384.mp4,0,REAL,original,384
385,/Users/nihaldastagiri/Desktop/Major Project/FaceForensics++_C23/original/385.mp4,0,REAL,original,385
386,/Users/nihaldastagiri/Desktop/Major Project/FaceForensics++_C23/original/386.mp4,0,REAL,original,386
387,/Users/nihaldastagiri/Desktop/Major Project/FaceForensics++_C23/original/387.mp4,0,REAL,original,387
388,/Users/nihaldastagiri/Desktop/Major Project/FaceForensics++_C23/original/388.mp4,0,REAL,original,388
389,/Users/nihaldastagiri/Desktop/Major Project/FaceForensics++_C23/original/389.mp4,0,REAL,original,389
390,/Users/nihaldastagiri/Desktop/Major Project/FaceForensics++_C23/original/390.mp4,0,REAL,original,390
391,/Users/nihaldastagiri/Desktop/Major Project/FaceForensics++_C23/original/391.mp4,0,REAL,original,391
392,/Users/nihaldastagiri/Desktop/Major Project/FaceForensics++_C23/original/392.mp4,0,REAL,original,392
393,/Users/nihaldastagiri/Desktop/Major Project/FaceForensics++_C23/original/393.mp4,0,REAL,original,393
394,/Users/nihaldastagiri/Desktop/Major Project/FaceForensics++_C23/original/394.mp4,0,REAL,original,394
395,/Users/nihaldastagiri/Desktop/Major Project/FaceForensics++_C23/original/395.mp4,0,REAL,original,395
396,/Users/nihaldastagiri/Desktop/Major Project/FaceForensics++_C23/original/396.mp4,0,REAL,original,396
397,/Users/nihaldastagiri/Desktop/Major Project/FaceForensics++_C23/original/397.mp4,0,REAL,original,397
398,/Users/nihaldastagiri/Desktop/Major Project/FaceForensics++_C23/original/398.mp4,0,REAL,original,398
399,/Users/nihaldastagiri/Desktop/Major Project/FaceForensics++_C23/original/399.mp4,0,REAL,original,399
400,/Users/nihaldastagiri/Desktop/Major Project/FaceForensics++_C23/original/400.mp4,0,REAL,original,400
401,/Users/nihaldastagiri/Desktop/Major Project/FaceForensics++_C23/original/401.mp4,0,REAL,original,401
402,/Users/nihaldastagiri/Desktop/Major Project/FaceForensics++_C23/original/402.mp4,0,REAL,original,402
403,/Users/nihaldastagiri/Desktop/Major Project/FaceForensics++_C23/original/403.mp4,0,REAL,original,403
404,/Users/nihaldastagiri/Desktop/Major Project/FaceForensics++_C23/original/404.mp4,0,REAL,original,404
405,/Users/nihaldastagiri/Desktop/Major Project/FaceForensics++_C23/original/405.mp4,0,REAL,original,405
406,/Users/nihaldastagiri/Desktop/Major Project/FaceForensics++_C23/original/406.mp4,0,REAL,original,406
407,/Users/nihaldastagiri/Desktop/Major Project/FaceForensics++_C23/original/407.mp4,0,REAL,original,407
408,/Users/nihaldastagiri/Desktop/Major Project/FaceForensics++_C23/original/408.mp4,0,REAL,original,408
409,/Users/nihaldastagiri/Desktop/Major Project/FaceForensics++_C23/original/409.mp4,0,REAL,original,409
410,/Users/nihaldastagiri/Desktop/Major Project/FaceForensics++_C23/original/410.mp4,0,REAL,original,410
411,/Users/nihaldastagiri/Desktop/Major Project/FaceForensics++_C23/original/411.mp4,0,REAL,original,411
412,/Users/nihaldastagiri/Desktop/Major Project/FaceForensics++_C23/original/412.mp4,0,REAL,original,412
413,/Users/nihaldastagiri/Desktop/Major Project/FaceForensics++_C23/original/413.mp4,0,REAL,original,413
414,/Users/nihaldastagiri/Desktop/Major Project/FaceForensics++_C23/original/414.mp4,0,REAL,original,414
415,/Users/nihaldastagiri/Desktop/Major Project/FaceForensics++_C23/original/415.mp4,0,REAL,original,415
416,/Users/nihaldastagiri/Desktop/Major Project/FaceForensics++_C23/original/416.mp4,0,REAL,original,416
417,/Users/nihaldastagiri/Desktop/Major Project/FaceForensics++_C23/original/417.mp4,0,REAL,original,417
418,/Users/nihaldastagiri/Desktop/Major Project/FaceForensics++_C23/original/418.mp4,0,REAL,original,418
419,/Users/nihaldastagiri/Desktop/Major Project/FaceForensics++_C23/original/419.mp4,0,REAL,original,419
420,/Users/nihaldastagiri/Desktop/Major Project/FaceForensics++_C23/original/420.mp4,0,REAL,original,420
421,/Users/nihaldastagiri/Desktop/Major Project/FaceForensics++_C23/original/421.mp4,0,REAL,original,421
422,/Users/nihaldastagiri/Desktop/Major Project/FaceForensics++_C23/original/422.mp4,0,REAL,original,422
423,/Users/nihaldastagiri/Desktop/Major Project/FaceForensics++_C23/original/423.mp4,0,REAL,original,423
424,/Users/nihaldastagiri/Desktop/Major Project/FaceForensics++_C23/original/424.mp4,0,REAL,original,424
425,/Users/nihaldastagiri/Desktop/Major Project/FaceForensics++_C23/original/425.mp4,0,REAL,original,425
426,/Users/nihaldastagiri/Desktop/Major Project/FaceForensics++_C23/original/426.mp4,0,REAL,original,426
427,/Users/nihaldastagiri/Desktop/Major Project/FaceForensics++_C23/original/427.mp4,0,REAL,original,427
428,/Users/nihaldastagiri/Desktop/Major Project/FaceForensics++_C23/original/428.mp4,0,REAL,original,428
429,/Users/nihaldastagiri/Desktop/Major Project/FaceForensics++_C23/original/429.mp4,0,REAL,original,429
430,/Users/nihaldastagiri/Desktop/Major Project/FaceForensics++_C23/original/430.mp4,0,REAL,original,430
431,/Users/nihaldastagiri/Desktop/Major Project/FaceForensics++_C23/original/431.mp4,0,REAL,original,431
432,/Users/nihaldastagiri/Desktop/Major Project/FaceForensics++_C23/original/432.mp4,0,REAL,original,432
433,/Users/nihaldastagiri/Desktop/Major Project/FaceForensics++_C23/original/433.mp4,0,REAL,original,433
434,/Users/nihaldastagiri/Desktop/Major Project/FaceForensics++_C23/original/434.mp4,0,REAL,original,434
435,/Users/nihaldastagiri/Desktop/Major Project/FaceForensics++_C23/original/435.mp4,0,REAL,original,435
436,/Users/nihaldastagiri/Desktop/Major Project/FaceForensics++_C23/original/436.mp4,0,REAL,original,436
437,/Users/nihaldastagiri/Desktop/Major Project/FaceForensics++_C23/original/437.mp4,0,REAL,original,437
438,/Users/nihaldastagiri/Desktop/Major Project/FaceForensics++_C23/original/438.mp4,0,REAL,original,438
439,/Users/nihaldastagiri/Desktop/Major Project/FaceForensics++_C23/original/439.mp4,0,REAL,original,439
440,/Users/nihaldastagiri/Desktop/Major Project/FaceForensics++_C23/original/440.mp4,0,REAL,original,440
441,/Users/nihaldastagiri/Desktop/Major Project/FaceForensics++_C23/original/441.mp4,0,REAL,original,441
442,/Users/nihaldastagiri/Desktop/Major Project/FaceForensics++_C23/original/442.mp4,0,REAL,original,442
443,/Users/nihaldastagiri/Desktop/Major Project/FaceForensics++_C23/original/443.mp4,0,REAL,original,443
444,/Users/nihaldastagiri/Desktop/Major Project/FaceForensics++_C23/original/444.mp4,0,REAL,original,444
445,/Users/nihaldastagiri/Desktop/Major Project/FaceForensics++_C23/original/445.mp4,0,REAL,original,445
446,/Users/nihaldastagiri/Desktop/Major Project/FaceForensics++_C23/original/446.mp4,0,REAL,original,446
447,/Users/nihaldastagiri/Desktop/Major Project/FaceForensics++_C23/original/447.mp4,0,REAL,original,447
448,/Users/nihaldastagiri/Desktop/Major Project/FaceForensics++_C23/original/448.mp4,0,REAL,original,448
449,/Users/nihaldastagiri/Desktop/Major Project/FaceForensics++_C23/original/449.mp4,0,REAL,original,449
450,/Users/nihaldastagiri/Desktop/Major Project/FaceForensics++_C23/original/450.mp4,0,REAL,original,450
451,/Users/nihaldastagiri/Desktop/Major Project/FaceForensics++_C23/original/451.mp4,0,REAL,original,451
452,/Users/nihaldastagiri/Desktop/Major Project/FaceForensics++_C23/original/452.mp4,0,REAL,original,452
453,/Users/nihaldastagiri/Desktop/Major Project/FaceForensics++_C23/original/453.mp4,0,REAL,original,453
454,/Users/nihaldastagiri/Desktop/Major Project/FaceForensics++_C23/original/454.mp4,0,REAL,original,454
455,/Users/nihaldastagiri/Desktop/Major Project/FaceForensics++_C23/original/455.mp4,0,REAL,original,455
456,/Users/nihaldastagiri/Desktop/Major Project/FaceForensics++_C23/original/456.mp4,0,REAL,original,456
457,/Users/nihaldastagiri/Desktop/Major Project/FaceForensics++_C23/original/457.mp4,0,REAL,original,457
458,/Users/nihaldastagiri/Desktop/Major Project/FaceForensics++_C23/original/458.mp4,0,REAL,original,458
459,/Users/nihaldastagiri/Desktop/Major Project/FaceForensics++_C23/original/459.mp4,0,REAL,original,459
460,/Users/nihaldastagiri/Desktop/Major Project/FaceForensics++_C23/original/460.mp4,0,REAL,original,460
461,/Users/nihaldastagiri/Desktop/Major Project/FaceForensics++_C23/original/461.mp4,0,REAL,original,461
462,/Users/nihaldastagiri/Desktop/Major Project/FaceForensics++_C23/original/462.mp4,0,REAL,original,462
463,/Users/nihaldastagiri/Desktop/Major Project/FaceForensics++_C23/original/463.mp4,0,REAL,original,463
464,/Users/nihaldastagiri/Desktop/Major Project/FaceForensics++_C23/original/464.mp4,0,REAL,original,464
465,/Users/nihaldastagiri/Desktop/Major Project/FaceForensics++_C23/original/465.mp4,0,REAL,original,465
466,/Users/nihaldastagiri/Desktop/Major Project/FaceForensics++_C23/original/466.mp4,0,REAL,original,466
467,/Users/nihaldastagiri/Desktop/Major Project/FaceForensics++_C23/original/467.mp4,0,REAL,original,467
468,/Users/nihaldastagiri/Desktop/Major Project/FaceForensics++_C23/original/468.mp4,0,REAL,original,468
469,/Users/nihaldastagiri/Desktop/Major Project/FaceForensics++_C23/original/469.mp4,0,REAL,original,469
470,/Users/nihaldastagiri/Desktop/Major Project/FaceForensics++_C23/original/470.mp4,0,REAL,original,470
471,/Users/nihaldastagiri/Desktop/Major Project/FaceForensics++_C23/original/471.mp4,0,REAL,original,471
472,/Users/nihaldastagiri/Desktop/Major Project/FaceForensics++_C23/original/472.mp4,0,REAL,original,472
473,/Users/nihaldastagiri/Desktop/Major Project/FaceForensics++_C23/original/473.mp4,0,REAL,original,473
474,/Users/nihaldastagiri/Desktop/Major Project/FaceForensics++_C23/original/474.mp4,0,REAL,original,474
475,/Users/nihaldastagiri/Desktop/Major Project/FaceForensics++_C23/original/475.mp4,0,REAL,original,475
476,/Users/nihaldastagiri/Desktop/Major Project/FaceForensics++_C23/original/476.mp4,0,REAL,original,476
477,/Users/nihaldastagiri/Desktop/Major Project/FaceForensics++_C23/original/477.mp4,0,REAL,original,477
478,/Users/nihaldastagiri/Desktop/Major Project/FaceForensics++_C23/original/478.mp4,0,REAL,original,478
479,/Users/nihaldastagiri/Desktop/Major Project/FaceForensics++_C23/original/479.mp4,0,REAL,original,479
480,/Users/nihaldastagiri/Desktop/Major Project/FaceForensics++_C23/original/480.mp4,0,REAL,original,480
481,/Users/nihaldastagiri/Desktop/Major Project/FaceForensics++_C23/original/481.mp4,0,REAL,original,481
482,/Users/nihaldastagiri/Desktop/Major Project/FaceForensics++_C23/original/482.mp4,0,REAL,original,482
483,/Users/nihaldastagiri/Desktop/Major Project/FaceForensics++_C23/original/483.mp4,0,REAL,original,483
484,/Users/nihaldastagiri/Desktop/Major Project/FaceForensics++_C23/original/484.mp4,0,REAL,original,484
485,/Users/nihaldastagiri/Desktop/Major Project/FaceForensics++_C23/original/485.mp4,0,REAL,original,485
486,/Users/nihaldastagiri/Desktop/Major Project/FaceForensics++_C23/original/486.mp4,0,REAL,original,486
487,/Users/nihaldastagiri/Desktop/Major Project/FaceForensics++_C23/original/487.mp4,0,REAL,original,487
488,/Users/nihaldastagiri/Desktop/Major Project/FaceForensics++_C23/original/488.mp4,0,REAL,original,488
489,/Users/nihaldastagiri/Desktop/Major Project/FaceForensics++_C23/original/489.mp4,0,REAL,original,489
490,/Users/nihaldastagiri/Desktop/Major Project/FaceForensics++_C23/original/490.mp4,0,REAL,original,490
491,/Users/nihaldastagiri/Desktop/Major Project/FaceForensics++_C23/original/491.mp4,0,REAL,original,491
492,/Users/nihaldastagiri/Desktop/Major Project/FaceForensics++_C23/original/492.mp4,0,REAL,original,492
493,/Users/nihaldastagiri/Desktop/Major Project/FaceForensics++_C23/original/493.mp4,0,REAL,original,493
494,/Users/nihaldastagiri/Desktop/Major Project/FaceForensics++_C23/original/494.mp4,0,REAL,original,494
495,/Users/nihaldastagiri/Desktop/Major Project/FaceForensics++_C23/original/495.mp4,0,REAL,original,495
496,/Users/nihaldastagiri/Desktop/Major Project/FaceForensics++_C23/original/496.mp4,0,REAL,original,496
497,/Users/nihaldastagiri/Desktop/Major Project/FaceForensics++_C23/original/497.mp4,0,REAL,original,497
498,/Users/nihaldastagiri/Desktop/Major Project/FaceForensics++_C23/original/498.mp4,0,REAL,original,498
499,/Users/nihaldastagiri/Desktop/Major Project/FaceForensics++_C23/original/499.mp4,0,REAL,original,499
500,/Users/nihaldastagiri/Desktop/Major Project/FaceForensics++_C23/original/500.mp4,0,REAL,original,500
501,/Users/nihaldastagiri/Desktop/Major Project/FaceForensics++_C23/original/501.mp4,0,REAL,original,501
502,/Users/nihaldastagiri/Desktop/Major Project/FaceForensics++_C23/original/502.mp4,0,REAL,original,502
503,/Users/nihaldastagiri/Desktop/Major Project/FaceForensics++_C23/original/503.mp4,0,REAL,original,503
504,/Users/nihaldastagiri/Desktop/Major Project/FaceForensics++_C23/original/504.mp4,0,REAL,original,504
505,/Users/nihaldastagiri/Desktop/Major Project/FaceForensics++_C23/original/505.mp4,0,REAL,original,505
506,/Users/nihaldastagiri/Desktop/Major Project/FaceForensics++_C23/original/506.mp4,0,REAL,original,506
507,/Users/nihaldastagiri/Desktop/Major Project/FaceForensics++_C23/original/507.mp4,0,REAL,original,507
508,/Users/nihaldastagiri/Desktop/Major Project/FaceForensics++_C23/original/508.mp4,0,REAL,original,508
509,/Users/nihaldastagiri/Desktop/Major Project/FaceForensics++_C23/original/509.mp4,0,REAL,original,509
510,/Users/nihaldastagiri/Desktop/Major Project/FaceForensics++_C23/original/510.mp4,0,REAL,original,510
511,/Users/nihaldastagiri/Desktop/Major Project/FaceForensics++_C23/original/511.mp4,0,REAL,original,511
512,/Users/nihaldastagiri/Desktop/Major Project/FaceForensics++_C23/original/512.mp4,0,REAL,original,512
513,/Users/nihaldastagiri/Desktop/Major Project/FaceForensics++_C23/original/513.mp4,0,REAL,original,513
514,/Users/nihaldastagiri/Desktop/Major Project/FaceForensics++_C23/original/514.mp4,0,REAL,original,514
515,/Users/nihaldastagiri/Desktop/Major Project/FaceForensics++_C23/original/515.mp4,0,REAL,original,515
516,/Users/nihaldastagiri/Desktop/Major Project/FaceForensics++_C23/original/516.mp4,0,REAL,original,516
517,/Users/nihaldastagiri/Desktop/Major Project/FaceForensics++_C23/original/517.mp4,0,REAL,original,517
518,/Users/nihaldastagiri/Desktop/Major Project/FaceForensics++_C23/original/518.mp4,0,REAL,original,518
519,/Users/nihaldastagiri/Desktop/Major Project/FaceForensics++_C23/original/519.mp4,0,REAL,original,519
520,/Users/nihaldastagiri/Desktop/Major Project/FaceForensics++_C23/original/520.mp4,0,REAL,original,520
521,/Users/nihaldastagiri/Desktop/Major Project/FaceForensics++_C23/original/521.mp4,0,REAL,original,521
522,/Users/nihaldastagiri/Desktop/Major Project/FaceForensics++_C23/original/522.mp4,0,REAL,original,522
523,/Users/nihaldastagiri/Desktop/Major Project/FaceForensics++_C23/original/523.mp4,0,REAL,original,523
524,/Users/nihaldastagiri/Desktop/Major Project/FaceForensics++_C23/original/524.mp4,0,REAL,original,524
525,/Users/nihaldastagiri/Desktop/Major Project/FaceForensics++_C23/original/525.mp4,0,REAL,original,525
526,/Users/nihaldastagiri/Desktop/Major Project/FaceForensics++_C23/original/526.mp4,0,REAL,original,526
527,/Users/nihaldastagiri/Desktop/Major Project/FaceForensics++_C23/original/527.mp4,0,REAL,original,527
528,/Users/nihaldastagiri/Desktop/Major Project/FaceForensics++_C23/original/528.mp4,0,REAL,original,528
529,/Users/nihaldastagiri/Desktop/Major Project/FaceForensics++_C23/original/529.mp4,0,REAL,original,529
530,/Users/nihaldastagiri/Desktop/Major Project/FaceForensics++_C23/original/530.mp4,0,REAL,original,530
531,/Users/nihaldastagiri/Desktop/Major Project/FaceForensics++_C23/original/531.mp4,0,REAL,original,531
532,/Users/nihaldastagiri/Desktop/Major Project/FaceForensics++_C23/original/532.mp4,0,REAL,original,532
533,/Users/nihaldastagiri/Desktop/Major Project/FaceForensics++_C23/original/533.mp4,0,REAL,original,533
534,/Users/nihaldastagiri/Desktop/Major Project/FaceForensics++_C23/original/534.mp4,0,REAL,original,534
535,/Users/nihaldastagiri/Desktop/Major Project/FaceForensics++_C23/original/535.mp4,0,REAL,original,535
536,/Users/nihaldastagiri/Desktop/Major Project/FaceForensics++_C23/original/536.mp4,0,REAL,original,536
537,/Users/nihaldastagiri/Desktop/Major Project/FaceForensics++_C23/original/537.mp4,0,REAL,original,537
538,/Users/nihaldastagiri/Desktop/Major Project/FaceForensics++_C23/original/538.mp4,0,REAL,original,538
539,/Users/nihaldastagiri/Desktop/Major Project/FaceForensics++_C23/original/539.mp4,0,REAL,original,539
540,/Users/nihaldastagiri/Desktop/Major Project/FaceForensics++_C23/original/540.mp4,0,REAL,original,540
541,/Users/nihaldastagiri/Desktop/Major Project/FaceForensics++_C23/original/541.mp4,0,REAL,original,541
542,/Users/nihaldastagiri/Desktop/Major Project/FaceForensics++_C23/original/542.mp4,0,REAL,original,542
543,/Users/nihaldastagiri/Desktop/Major Project/FaceForensics++_C23/original/543.mp4,0,REAL,original,543
544,/Users/nihaldastagiri/Desktop/Major Project/FaceForensics++_C23/original/544.mp4,0,REAL,original,544
545,/Users/nihaldastagiri/Desktop/Major Project/FaceForensics++_C23/original/545.mp4,0,REAL,original,545
546,/Users/nihaldastagiri/Desktop/Major Project/FaceForensics++_C23/original/546.mp4,0,REAL,original,546
547,/Users/nihaldastagiri/Desktop/Major Project/FaceForensics++_C23/original/547.mp4,0,REAL,original,547
548,/Users/nihaldastagiri/Desktop/Major Project/FaceForensics++_C23/original/548.mp4,0,REAL,original,548
549,/Users/nihaldastagiri/Desktop/Major Project/FaceForensics++_C23/original/549.mp4,0,REAL,original,549
550,/Users/nihaldastagiri/Desktop/Major Project/FaceForensics++_C23/original/550.mp4,0,REAL,original,550
551,/Users/nihaldastagiri/Desktop/Major Project/FaceForensics++_C23/original/551.mp4,0,REAL,original,551
552,/Users/nihaldastagiri/Desktop/Major Project/FaceForensics++_C23/original/552.mp4,0,REAL,original,552
553,/Users/nihaldastagiri/Desktop/Major Project/FaceForensics++_C23/original/553.mp4,0,REAL,original,553
554,/Users/nihaldastagiri/Desktop/Major Project/FaceForensics++_C23/original/554.mp4,0,REAL,original,554
555,/Users/nihaldastagiri/Desktop/Major Project/FaceForensics++_C23/original/555.mp4,0,REAL,original,555
556,/Users/nihaldastagiri/Desktop/Major Project/FaceForensics++_C23/original/556.mp4,0,REAL,original,556
557,/Users/nihaldastagiri/Desktop/Major Project/FaceForensics++_C23/original/557.mp4,0,REAL,original,557
558,/Users/nihaldastagiri/Desktop/Major Project/FaceForensics++_C23/original/558.mp4,0,REAL,original,558
559,/Users/nihaldastagiri/Desktop/Major Project/FaceForensics++_C23/original/559.mp4,0,REAL,original,559
560,/Users/nihaldastagiri/Desktop/Major Project/FaceForensics++_C23/original/560.mp4,0,REAL,original,560
561,/Users/nihaldastagiri/Desktop/Major Project/FaceForensics++_C23/original/561.mp4,0,REAL,original,561
562,/Users/nihaldastagiri/Desktop/Major Project/FaceForensics++_C23/original/562.mp4,0,REAL,original,562
563,/Users/nihaldastagiri/Desktop/Major Project/FaceForensics++_C23/original/563.mp4,0,REAL,original,563
564,/Users/nihaldastagiri/Desktop/Major Project/FaceForensics++_C23/original/564.mp4,0,REAL,original,564
565,/Users/nihaldastagiri/Desktop/Major Project/FaceForensics++_C23/original/565.mp4,0,REAL,original,565
566,/Users/nihaldastagiri/Desktop/Major Project/FaceForensics++_C23/original/566.mp4,0,REAL,original,566
567,/Users/nihaldastagiri/Desktop/Major Project/FaceForensics++_C23/original/567.mp4,0,REAL,original,567
568,/Users/nihaldastagiri/Desktop/Major Project/FaceForensics++_C23/original/568.mp4,0,REAL,original,568
569,/Users/nihaldastagiri/Desktop/Major Project/FaceForensics++_C23/original/569.mp4,0,REAL,original,569
570,/Users/nihaldastagiri/Desktop/Major Project/FaceForensics++_C23/original/570.mp4,0,REAL,original,570
571,/Users/nihaldastagiri/Desktop/Major Project/FaceForensics++_C23/original/571.mp4,0,REAL,original,571
572,/Users/nihaldastagiri/Desktop/Major Project/FaceForensics++_C23/original/572.mp4,0,REAL,original,572
573,/Users/nihaldastagiri/Desktop/Major Project/FaceForensics++_C23/original/573.mp4,0,REAL,original,573
574,/Users/nihaldastagiri/Desktop/Major Project/FaceForensics++_C23/original/574.mp4,0,REAL,original,574
575,/Users/nihaldastagiri/Desktop/Major Project/FaceForensics++_C23/original/575.mp4,0,REAL,original,575
576,/Users/nihaldastagiri/Desktop/Major Project/FaceForensics++_C23/original/576.mp4,0,REAL,original,576
577,/Users/nihaldastagiri/Desktop/Major Project/FaceForensics++_C23/original/577.mp4,0,REAL,original,577
578,/Users/nihaldastagiri/Desktop/Major Project/FaceForensics++_C23/original/578.mp4,0,REAL,original,578
579,/Users/nihaldastagiri/Desktop/Major Project/FaceForensics++_C23/original/579.mp4,0,REAL,original,579
580,/Users/nihaldastagiri/Desktop/Major Project/FaceForensics++_C23/original/580.mp4,0,REAL,original,580
581,/Users/nihaldastagiri/Desktop/Major Project/FaceForensics++_C23/original/581.mp4,0,REAL,original,581
582,/Users/nihaldastagiri/Desktop/Major Project/FaceForensics++_C23/original/582.mp4,0,REAL,original,582
583,/Users/nihaldastagiri/Desktop/Major Project/FaceForensics++_C23/original/583.mp4,0,REAL,original,583
584,/Users/nihaldastagiri/Desktop/Major Project/FaceForensics++_C23/original/584.mp4,0,REAL,original,584
585,/Users/nihaldastagiri/Desktop/Major Project/FaceForensics++_C23/original/585.mp4,0,REAL,original,585
586,/Users/nihaldastagiri/Desktop/Major Project/FaceForensics++_C23/original/586.mp4,0,REAL,original,586
587,/Users/nihaldastagiri/Desktop/Major Project/FaceForensics++_C23/original/587.mp4,0,REAL,original,587
588,/Users/nihaldastagiri/Desktop/Major Project/FaceForensics++_C23/original/588.mp4,0,REAL,original,588
589,/Users/nihaldastagiri/Desktop/Major Project/FaceForensics++_C23/original/589.mp4,0,REAL,original,589
590,/Users/nihaldastagiri/Desktop/Major Project/FaceForensics++_C23/original/590.mp4,0,REAL,original,590
591,/Users/nihaldastagiri/Desktop/Major Project/FaceForensics++_C23/original/591.mp4,0,REAL,original,591
592,/Users/nihaldastagiri/Desktop/Major Project/FaceForensics++_C23/original/592.mp4,0,REAL,original,592
593,/Users/nihaldastagiri/Desktop/Major Project/FaceForensics++_C23/original/593.mp4,0,REAL,original,593
594,/Users/nihaldastagiri/Desktop/Major Project/FaceForensics++_C23/original/594.mp4,0,REAL,original,594
595,/Users/nihaldastagiri/Desktop/Major Project/FaceForensics++_C23/original/595.mp4,0,REAL,original,595
596,/Users/nihaldastagiri/Desktop/Major Project/FaceForensics++_C23/original/596.mp4,0,REAL,original,596
597,/Users/nihaldastagiri/Desktop/Major Project/FaceForensics++_C23/original/597.mp4,0,REAL,original,597
598,/Users/nihaldastagiri/Desktop/Major Project/FaceForensics++_C23/original/598.mp4,0,REAL,original,598
599,/Users/nihaldastagiri/Desktop/Major Project/FaceForensics++_C23/original/599.mp4,0,REAL,original,599
600,/Users/nihaldastagiri/Desktop/Major Project/FaceForensics++_C23/original/600.mp4,0,REAL,original,600
601,/Users/nihaldastagiri/Desktop/Major Project/FaceForensics++_C23/original/601.mp4,0,REAL,original,601
602,/Users/nihaldastagiri/Desktop/Major Project/FaceForensics++_C23/original/602.mp4,0,REAL,original,602
603,/Users/nihaldastagiri/Desktop/Major Project/FaceForensics++_C23/original/603.mp4,0,REAL,original,603
604,/Users/nihaldastagiri/Desktop/Major Project/FaceForensics++_C23/original/604.mp4,0,REAL,original,604
605,/Users/nihaldastagiri/Desktop/Major Project/FaceForensics++_C23/original/605.mp4,0,REAL,original,605
606,/Users/nihaldastagiri/Desktop/Major Project/FaceForensics++_C23/original/606.mp4,0,REAL,original,606
607,/Users/nihaldastagiri/Desktop/Major Project/FaceForensics++_C23/original/607.mp4,0,REAL,original,607
608,/Users/nihaldastagiri/Desktop/Major Project/FaceForensics++_C23/original/608.mp4,0,REAL,original,608
609,/Users/nihaldastagiri/Desktop/Major Project/FaceForensics++_C23/original/609.mp4,0,REAL,original,609
610,/Users/nihaldastagiri/Desktop/Major Project/FaceForensics++_C23/original/610.mp4,0,REAL,original,610
611,/Users/nihaldastagiri/Desktop/Major Project/FaceForensics++_C23/original/611.mp4,0,REAL,original,611
612,/Users/nihaldastagiri/Desktop/Major Project/FaceForensics++_C23/original/612.mp4,0,REAL,original,612
613,/Users/nihaldastagiri/Desktop/Major Project/FaceForensics++_C23/original/613.mp4,0,REAL,original,613
614,/Users/nihaldastagiri/Desktop/Major Project/FaceForensics++_C23/original/614.mp4,0,REAL,original,614
615,/Users/nihaldastagiri/Desktop/Major Project/FaceForensics++_C23/original/615.mp4,0,REAL,original,615
616,/Users/nihaldastagiri/Desktop/Major Project/FaceForensics++_C23/original/616.mp4,0,REAL,original,616
617,/Users/nihaldastagiri/Desktop/Major Project/FaceForensics++_C23/original/617.mp4,0,REAL,original,617
618,/Users/nihaldastagiri/Desktop/Major Project/FaceForensics++_C23/original/618.mp4,0,REAL,original,618
619,/Users/nihaldastagiri/Desktop/Major Project/FaceForensics++_C23/original/619.mp4,0,REAL,original,619
620,/Users/nihaldastagiri/Desktop/Major Project/FaceForensics++_C23/original/620.mp4,0,REAL,original,620
621,/Users/nihaldastagiri/Desktop/Major Project/FaceForensics++_C23/original/621.mp4,0,REAL,original,621
622,/Users/nihaldastagiri/Desktop/Major Project/FaceForensics++_C23/original/622.mp4,0,REAL,original,622
623,/Users/nihaldastagiri/Desktop/Major Project/FaceForensics++_C23/original/623.mp4,0,REAL,original,623
624,/Users/nihaldastagiri/Desktop/Major Project/FaceForensics++_C23/original/624.mp4,0,REAL,original,624
625,/Users/nihaldastagiri/Desktop/Major Project/FaceForensics++_C23/original/625.mp4,0,REAL,original,625
626,/Users/nihaldastagiri/Desktop/Major Project/FaceForensics++_C23/original/626.mp4,0,REAL,original,626
627,/Users/nihaldastagiri/Desktop/Major Project/FaceForensics++_C23/original/627.mp4,0,REAL,original,627
628,/Users/nihaldastagiri/Desktop/Major Project/FaceForensics++_C23/original/628.mp4,0,REAL,original,628
629,/Users/nihaldastagiri/Desktop/Major Project/FaceForensics++_C23/original/629.mp4,0,REAL,original,629
630,/Users/nihaldastagiri/Desktop/Major Project/FaceForensics++_C23/original/630.mp4,0,REAL,original,630
631,/Users/nihaldastagiri/Desktop/Major Project/FaceForensics++_C23/original/631.mp4,0,REAL,original,631
632,/Users/nihaldastagiri/Desktop/Major Project/FaceForensics++_C23/original/632.mp4,0,REAL,original,632
633,/Users/nihaldastagiri/Desktop/Major Project/FaceForensics++_C23/original/633.mp4,0,REAL,original,633
634,/Users/nihaldastagiri/Desktop/Major Project/FaceForensics++_C23/original/634.mp4,0,REAL,original,634
635,/Users/nihaldastagiri/Desktop/Major Project/FaceForensics++_C23/original/635.mp4,0,REAL,original,635
636,/Users/nihaldastagiri/Desktop/Major Project/FaceForensics++_C23/original/636.mp4,0,REAL,original,636
637,/Users/nihaldastagiri/Desktop/Major Project/FaceForensics++_C23/original/637.mp4,0,REAL,original,637
638,/Users/nihaldastagiri/Desktop/Major Project/FaceForensics++_C23/original/638.mp4,0,REAL,original,638
639,/Users/nihaldastagiri/Desktop/Major Project/FaceForensics++_C23/original/639.mp4,0,REAL,original,639
640,/Users/nihaldastagiri/Desktop/Major Project/FaceForensics++_C23/original/640.mp4,0,REAL,original,640
641,/Users/nihaldastagiri/Desktop/Major Project/FaceForensics++_C23/original/641.mp4,0,REAL,original,641
642,/Users/nihaldastagiri/Desktop/Major Project/FaceForensics++_C23/original/642.mp4,0,REAL,original,642
643,/Users/nihaldastagiri/Desktop/Major Project/FaceForensics++_C23/original/643.mp4,0,REAL,original,643
644,/Users/nihaldastagiri/Desktop/Major Project/FaceForensics++_C23/original/644.mp4,0,REAL,original,644
645,/Users/nihaldastagiri/Desktop/Major Project/FaceForensics++_C23/original/645.mp4,0,REAL,original,645
646,/Users/nihaldastagiri/Desktop/Major Project/FaceForensics++_C23/original/646.mp4,0,REAL,original,646
647,/Users/nihaldastagiri/Desktop/Major Project/FaceForensics++_C23/original/647.mp4,0,REAL,original,647
648,/Users/nihaldastagiri/Desktop/Major Project/FaceForensics++_C23/original/648.mp4,0,REAL,original,648
649,/Users/nihaldastagiri/Desktop/Major Project/FaceForensics++_C23/original/649.mp4,0,REAL,original,649
650,/Users/nihaldastagiri/Desktop/Major Project/FaceForensics++_C23/original/650.mp4,0,REAL,original,650
651,/Users/nihaldastagiri/Desktop/Major Project/FaceForensics++_C23/original/651.mp4,0,REAL,original,651
652,/Users/nihaldastagiri/Desktop/Major Project/FaceForensics++_C23/original/652.mp4,0,REAL,original,652
653,/Users/nihaldastagiri/Desktop/Major Project/FaceForensics++_C23/original/653.mp4,0,REAL,original,653
654,/Users/nihaldastagiri/Desktop/Major Project/FaceForensics++_C23/original/654.mp4,0,REAL,original,654
655,/Users/nihaldastagiri/Desktop/Major Project/FaceForensics++_C23/original/655.mp4,0,REAL,original,655
656,/Users/nihaldastagiri/Desktop/Major Project/FaceForensics++_C23/original/656.mp4,0,REAL,original,656
657,/Users/nihaldastagiri/Desktop/Major Project/FaceForensics++_C23/original/657.mp4,0,REAL,original,657
658,/Users/nihaldastagiri/Desktop/Major Project/FaceForensics++_C23/original/658.mp4,0,REAL,original,658
659,/Users/nihaldastagiri/Desktop/Major Project/FaceForensics++_C23/original/659.mp4,0,REAL,original,659
660,/Users/nihaldastagiri/Desktop/Major Project/FaceForensics++_C23/original/660.mp4,0,REAL,original,660
661,/Users/nihaldastagiri/Desktop/Major Project/FaceForensics++_C23/original/661.mp4,0,REAL,original,661
662,/Users/nihaldastagiri/Desktop/Major Project/FaceForensics++_C23/original/662.mp4,0,REAL,original,662
663,/Users/nihaldastagiri/Desktop/Major Project/FaceForensics++_C23/original/663.mp4,0,REAL,original,663
664,/Users/nihaldastagiri/Desktop/Major Project/FaceForensics++_C23/original/664.mp4,0,REAL,original,664
665,/Users/nihaldastagiri/Desktop/Major Project/FaceForensics++_C23/original/665.mp4,0,REAL,original,665
666,/Users/nihaldastagiri/Desktop/Major Project/FaceForensics++_C23/original/666.mp4,0,REAL,original,666
667,/Users/nihaldastagiri/Desktop/Major Project/FaceForensics++_C23/original/667.mp4,0,REAL,original,667
668,/Users/nihaldastagiri/Desktop/Major Project/FaceForensics++_C23/original/668.mp4,0,REAL,original,668
669,/Users/nihaldastagiri/Desktop/Major Project/FaceForensics++_C23/original/669.mp4,0,REAL,original,669
670,/Users/nihaldastagiri/Desktop/Major Project/FaceForensics++_C23/original/670.mp4,0,REAL,original,670
671,/Users/nihaldastagiri/Desktop/Major Project/FaceForensics++_C23/original/671.mp4,0,REAL,original,671
672,/Users/nihaldastagiri/Desktop/Major Project/FaceForensics++_C23/original/672.mp4,0,REAL,original,672
673,/Users/nihaldastagiri/Desktop/Major Project/FaceForensics++_C23/original/673.mp4,0,REAL,original,673
674,/Users/nihaldastagiri/Desktop/Major Project/FaceForensics++_C23/original/674.mp4,0,REAL,original,674
675,/Users/nihaldastagiri/Desktop/Major Project/FaceForensics++_C23/original/675.mp4,0,REAL,original,675
676,/Users/nihaldastagiri/Desktop/Major Project/FaceForensics++_C23/original/676.mp4,0,REAL,original,676
677,/Users/nihaldastagiri/Desktop/Major Project/FaceForensics++_C23/original/677.mp4,0,REAL,original,677
678,/Users/nihaldastagiri/Desktop/Major Project/FaceForensics++_C23/original/678.mp4,0,REAL,original,678
679,/Users/nihaldastagiri/Desktop/Major Project/FaceForensics++_C23/original/679.mp4,0,REAL,original,679
680,/Users/nihaldastagiri/Desktop/Major Project/FaceForensics++_C23/original/680.mp4,0,REAL,original,680
681,/Users/nihaldastagiri/Desktop/Major Project/FaceForensics++_C23/original/681.mp4,0,REAL,original,681
682,/Users/nihaldastagiri/Desktop/Major Project/FaceForensics++_C23/original/682.mp4,0,REAL,original,682
683,/Users/nihaldastagiri/Desktop/Major Project/FaceForensics++_C23/original/683.mp4,0,REAL,original,683
684,/Users/nihaldastagiri/Desktop/Major Project/FaceForensics++_C23/original/684.mp4,0,REAL,original,684
685,/Users/nihaldastagiri/Desktop/Major Project/FaceForensics++_C23/original/685.mp4,0,REAL,original,685
686,/Users/nihaldastagiri/Desktop/Major Project/FaceForensics++_C23/original/686.mp4,0,REAL,original,686
687,/Users/nihaldastagiri/Desktop/Major Project/FaceForensics++_C23/original/687.mp4,0,REAL,original,687
688,/Users/nihaldastagiri/Desktop/Major Project/FaceForensics++_C23/original/688.mp4,0,REAL,original,688
689,/Users/nihaldastagiri/Desktop/Major Project/FaceForensics++_C23/original/689.mp4,0,REAL,original,689
690,/Users/nihaldastagiri/Desktop/Major Project/FaceForensics++_C23/original/690.mp4,0,REAL,original,690
691,/Users/nihaldastagiri/Desktop/Major Project/FaceForensics++_C23/original/691.mp4,0,REAL,original,691
692,/Users/nihaldastagiri/Desktop/Major Project/FaceForensics++_C23/original/692.mp4,0,REAL,original,692
693,/Users/nihaldastagiri/Desktop/Major Project/FaceForensics++_C23/original/693.mp4,0,REAL,original,693
694,/Users/nihaldastagiri/Desktop/Major Project/FaceForensics++_C23/original/694.mp4,0,REAL,original,694
695,/Users/nihaldastagiri/Desktop/Major Project/FaceForensics++_C23/original/695.mp4,0,REAL,original,695
696,/Users/nihaldastagiri/Desktop/Major Project/FaceForensics++_C23/original/696.mp4,0,REAL,original,696
697,/Users/nihaldastagiri/Desktop/Major Project/FaceForensics++_C23/original/697.mp4,0,REAL,original,697
698,/Users/nihaldastagiri/Desktop/Major Project/FaceForensics++_C23/original/698.mp4,0,REAL,original,698
699,/Users/nihaldastagiri/Desktop/Major Project/FaceForensics++_C23/original/699.mp4,0,REAL,original,699
700,/Users/nihaldastagiri/Desktop/Major Project/FaceForensics++_C23/original/700.mp4,0,REAL,original,700
701,/Users/nihaldastagiri/Desktop/Major Project/FaceForensics++_C23/original/701.mp4,0,REAL,original,701
702,/Users/nihaldastagiri/Desktop/Major Project/FaceForensics++_C23/original/702.mp4,0,REAL,original,702
703,/Users/nihaldastagiri/Desktop/Major Project/FaceForensics++_C23/original/703.mp4,0,REAL,original,703
704,/Users/nihaldastagiri/Desktop/Major Project/FaceForensics++_C23/original/704.mp4,0,REAL,original,704
705,/Users/nihaldastagiri/Desktop/Major Project/FaceForensics++_C23/original/705.mp4,0,REAL,original,705
706,/Users/nihaldastagiri/Desktop/Major Project/FaceForensics++_C23/original/706.mp4,0,REAL,original,706
707,/Users/nihaldastagiri/Desktop/Major Project/FaceForensics++_C23/original/707.mp4,0,REAL,original,707
708,/Users/nihaldastagiri/Desktop/Major Project/FaceForensics++_C23/original/708.mp4,0,REAL,original,708
709,/Users/nihaldastagiri/Desktop/Major Project/FaceForensics++_C23/original/709.mp4,0,REAL,original,709
710,/Users/nihaldastagiri/Desktop/Major Project/FaceForensics++_C23/original/710.mp4,0,REAL,original,710
711,/Users/nihaldastagiri/Desktop/Major Project/FaceForensics++_C23/original/711.mp4,0,REAL,original,711
712,/Users/nihaldastagiri/Desktop/Major Project/FaceForensics++_C23/original/712.mp4,0,REAL,original,712
713,/Users/nihaldastagiri/Desktop/Major Project/FaceForensics++_C23/original/713.mp4,0,REAL,original,713
714,/Users/nihaldastagiri/Desktop/Major Project/FaceForensics++_C23/original/714.mp4,0,REAL,original,714
715,/Users/nihaldastagiri/Desktop/Major Project/FaceForensics++_C23/original/715.mp4,0,REAL,original,715
716,/Users/nihaldastagiri/Desktop/Major Project/FaceForensics++_C23/original/716.mp4,0,REAL,original,716
717,/Users/nihaldastagiri/Desktop/Major Project/FaceForensics++_C23/original/717.mp4,0,REAL,original,717
718,/Users/nihaldastagiri/Desktop/Major Project/FaceForensics++_C23/original/718.mp4,0,REAL,original,718
719,/Users/nihaldastagiri/Desktop/Major Project/FaceForensics++_C23/original/719.mp4,0,REAL,original,719
720,/Users/nihaldastagiri/Desktop/Major Project/FaceForensics++_C23/original/720.mp4,0,REAL,original,720
721,/Users/nihaldastagiri/Desktop/Major Project/FaceForensics++_C23/original/721.mp4,0,REAL,original,721
722,/Users/nihaldastagiri/Desktop/Major Project/FaceForensics++_C23/original/722.mp4,0,REAL,original,722
723,/Users/nihaldastagiri/Desktop/Major Project/FaceForensics++_C23/original/723.mp4,0,REAL,original,723
724,/Users/nihaldastagiri/Desktop/Major Project/FaceForensics++_C23/original/724.mp4,0,REAL,original,724
725,/Users/nihaldastagiri/Desktop/Major Project/FaceForensics++_C23/original/725.mp4,0,REAL,original,725
726,/Users/nihaldastagiri/Desktop/Major Project/FaceForensics++_C23/original/726.mp4,0,REAL,original,726
727,/Users/nihaldastagiri/Desktop/Major Project/FaceForensics++_C23/original/727.mp4,0,REAL,original,727
728,/Users/nihaldastagiri/Desktop/Major Project/FaceForensics++_C23/original/728.mp4,0,REAL,original,728
729,/Users/nihaldastagiri/Desktop/Major Project/FaceForensics++_C23/original/729.mp4,0,REAL,original,729
730,/Users/nihaldastagiri/Desktop/Major Project/FaceForensics++_C23/original/730.mp4,0,REAL,original,730
731,/Users/nihaldastagiri/Desktop/Major Project/FaceForensics++_C23/original/731.mp4,0,REAL,original,731
732,/Users/nihaldastagiri/Desktop/Major Project/FaceForensics++_C23/original/732.mp4,0,REAL,original,732
733,/Users/nihaldastagiri/Desktop/Major Project/FaceForensics++_C23/original/733.mp4,0,REAL,original,733
734,/Users/nihaldastagiri/Desktop/Major Project/FaceForensics++_C23/original/734.mp4,0,REAL,original,734
735,/Users/nihaldastagiri/Desktop/Major Project/FaceForensics++_C23/original/735.mp4,0,REAL,original,735
736,/Users/nihaldastagiri/Desktop/Major Project/FaceForensics++_C23/original/736.mp4,0,REAL,original,736
737,/Users/nihaldastagiri/Desktop/Major Project/FaceForensics++_C23/original/737.mp4,0,REAL,original,737
738,/Users/nihaldastagiri/Desktop/Major Project/FaceForensics++_C23/original/738.mp4,0,REAL,original,738
739,/Users/nihaldastagiri/Desktop/Major Project/FaceForensics++_C23/original/739.mp4,0,REAL,original,739
740,/Users/nihaldastagiri/Desktop/Major Project/FaceForensics++_C23/original/740.mp4,0,REAL,original,740
741,/Users/nihaldastagiri/Desktop/Major Project/FaceForensics++_C23/original/741.mp4,0,REAL,original,741
742,/Users/nihaldastagiri/Desktop/Major Project/FaceForensics++_C23/original/742.mp4,0,REAL,original,742
743,/Users/nihaldastagiri/Desktop/Major Project/FaceForensics++_C23/original/743.mp4,0,REAL,original,743
744,/Users/nihaldastagiri/Desktop/Major Project/FaceForensics++_C23/original/744.mp4,0,REAL,original,744
745,/Users/nihaldastagiri/Desktop/Major Project/FaceForensics++_C23/original/745.mp4,0,REAL,original,745
746,/Users/nihaldastagiri/Desktop/Major Project/FaceForensics++_C23/original/746.mp4,0,REAL,original,746
747,/Users/nihaldastagiri/Desktop/Major Project/FaceForensics++_C23/original/747.mp4,0,REAL,original,747
748,/Users/nihaldastagiri/Desktop/Major Project/FaceForensics++_C23/original/748.mp4,0,REAL,original,748
749,/Users/nihaldastagiri/Desktop/Major Project/FaceForensics++_C23/original/749.mp4,0,REAL,original,749
750,/Users/nihaldastagiri/Desktop/Major Project/FaceForensics++_C23/original/750.mp4,0,REAL,original,750
751,/Users/nihaldastagiri/Desktop/Major Project/FaceForensics++_C23/original/751.mp4,0,REAL,original,751
752,/Users/nihaldastagiri/Desktop/Major Project/FaceForensics++_C23/original/752.mp4,0,REAL,original,752
753,/Users/nihaldastagiri/Desktop/Major Project/FaceForensics++_C23/original/753.mp4,0,REAL,original,753
754,/Users/nihaldastagiri/Desktop/Major Project/FaceForensics++_C23/original/754.mp4,0,REAL,original,754
755,/Users/nihaldastagiri/Desktop/Major Project/FaceForensics++_C23/original/755.mp4,0,REAL,original,755
756,/Users/nihaldastagiri/Desktop/Major Project/FaceForensics++_C23/original/756.mp4,0,REAL,original,756
757,/Users/nihaldastagiri/Desktop/Major Project/FaceForensics++_C23/original/757.mp4,0,REAL,original,757
758,/Users/nihaldastagiri/Desktop/Major Project/FaceForensics++_C23/original/758.mp4,0,REAL,original,758
759,/Users/nihaldastagiri/Desktop/Major Project/FaceForensics++_C23/original/759.mp4,0,REAL,original,759
760,/Users/nihaldastagiri/Desktop/Major Project/FaceForensics++_C23/original/760.mp4,0,REAL,original,760
761,/Users/nihaldastagiri/Desktop/Major Project/FaceForensics++_C23/original/761.mp4,0,REAL,original,761
762,/Users/nihaldastagiri/Desktop/Major Project/FaceForensics++_C23/original/762.mp4,0,REAL,original,762
763,/Users/nihaldastagiri/Desktop/Major Project/FaceForensics++_C23/original/763.mp4,0,REAL,original,763
764,/Users/nihaldastagiri/Desktop/Major Project/FaceForensics++_C23/original/764.mp4,0,REAL,original,764
765,/Users/nihaldastagiri/Desktop/Major Project/FaceForensics++_C23/original/765.mp4,0,REAL,original,765
766,/Users/nihaldastagiri/Desktop/Major Project/FaceForensics++_C23/original/766.mp4,0,REAL,original,766
767,/Users/nihaldastagiri/Desktop/Major Project/FaceForensics++_C23/original/767.mp4,0,REAL,original,767
768,/Users/nihaldastagiri/Desktop/Major Project/FaceForensics++_C23/original/768.mp4,0,REAL,original,768
769,/Users/nihaldastagiri/Desktop/Major Project/FaceForensics++_C23/original/769.mp4,0,REAL,original,769
770,/Users/nihaldastagiri/Desktop/Major Project/FaceForensics++_C23/original/770.mp4,0,REAL,original,770
771,/Users/nihaldastagiri/Desktop/Major Project/FaceForensics++_C23/original/771.mp4,0,REAL,original,771
772,/Users/nihaldastagiri/Desktop/Major Project/FaceForensics++_C23/original/772.mp4,0,REAL,original,772
773,/Users/nihaldastagiri/Desktop/Major Project/FaceForensics++_C23/original/773.mp4,0,REAL,original,773
774,/Users/nihaldastagiri/Desktop/Major Project/FaceForensics++_C23/original/774.mp4,0,REAL,original,774
775,/Users/nihaldastagiri/Desktop/Major Project/FaceForensics++_C23/original/775.mp4,0,REAL,original,775
776,/Users/nihaldastagiri/Desktop/Major Project/FaceForensics++_C23/original/776.mp4,0,REAL,original,776
777,/Users/nihaldastagiri/Desktop/Major Project/FaceForensics++_C23/original/777.mp4,0,REAL,original,777
778,/Users/nihaldastagiri/Desktop/Major Project/FaceForensics++_C23/original/778.mp4,0,REAL,original,778
779,/Users/nihaldastagiri/Desktop/Major Project/FaceForensics++_C23/original/779.mp4,0,REAL,original,779
780,/Users/nihaldastagiri/Desktop/Major Project/FaceForensics++_C23/original/780.mp4,0,REAL,original,780
781,/Users/nihaldastagiri/Desktop/Major Project/FaceForensics++_C23/original/781.mp4,0,REAL,original,781
782,/Users/nihaldastagiri/Desktop/Major Project/FaceForensics++_C23/original/782.mp4,0,REAL,original,782
783,/Users/nihaldastagiri/Desktop/Major Project/FaceForensics++_C23/original/783.mp4,0,REAL,original,783
784,/Users/nihaldastagiri/Desktop/Major Project/FaceForensics++_C23/original/784.mp4,0,REAL,original,784
785,/Users/nihaldastagiri/Desktop/Major Project/FaceForensics++_C23/original/785.mp4,0,REAL,original,785
786,/Users/nihaldastagiri/Desktop/Major Project/FaceForensics++_C23/original/786.mp4,0,REAL,original,786
787,/Users/nihaldastagiri/Desktop/Major Project/FaceForensics++_C23/original/787.mp4,0,REAL,original,787
788,/Users/nihaldastagiri/Desktop/Major Project/FaceForensics++_C23/original/788.mp4,0,REAL,original,788
789,/Users/nihaldastagiri/Desktop/Major Project/FaceForensics++_C23/original/789.mp4,0,REAL,original,789
790,/Users/nihaldastagiri/Desktop/Major Project/FaceForensics++_C23/original/790.mp4,0,REAL,original,790
791,/Users/nihaldastagiri/Desktop/Major Project/FaceForensics++_C23/original/791.mp4,0,REAL,original,791
792,/Users/nihaldastagiri/Desktop/Major Project/FaceForensics++_C23/original/792.mp4,0,REAL,original,792
793,/Users/nihaldastagiri/Desktop/Major Project/FaceForensics++_C23/original/793.mp4,0,REAL,original,793
794,/Users/nihaldastagiri/Desktop/Major Project/FaceForensics++_C23/original/794.mp4,0,REAL,original,794
795,/Users/nihaldastagiri/Desktop/Major Project/FaceForensics++_C23/original/795.mp4,0,REAL,original,795
796,/Users/nihaldastagiri/Desktop/Major Project/FaceForensics++_C23/original/796.mp4,0,REAL,original,796
797,/Users/nihaldastagiri/Desktop/Major Project/FaceForensics++_C23/original/797.mp4,0,REAL,original,797
798,/Users/nihaldastagiri/Desktop/Major Project/FaceForensics++_C23/original/798.mp4,0,REAL,original,798
799,/Users/nihaldastagiri/Desktop/Major Project/FaceForensics++_C23/original/799.mp4,0,REAL,original,799
800,/Users/nihaldastagiri/Desktop/Major Project/FaceForensics++_C23/original/800.mp4,0,REAL,original,800
801,/Users/nihaldastagiri/Desktop/Major Project/FaceForensics++_C23/original/801.mp4,0,REAL,original,801
802,/Users/nihaldastagiri/Desktop/Major Project/FaceForensics++_C23/original/802.mp4,0,REAL,original,802
803,/Users/nihaldastagiri/Desktop/Major Project/FaceForensics++_C23/original/803.mp4,0,REAL,original,803
804,/Users/nihaldastagiri/Desktop/Major Project/FaceForensics++_C23/original/804.mp4,0,REAL,original,804
805,/Users/nihaldastagiri/Desktop/Major Project/FaceForensics++_C23/original/805.mp4,0,REAL,original,805
806,/Users/nihaldastagiri/Desktop/Major Project/FaceForensics++_C23/original/806.mp4,0,REAL,original,806
807,/Users/nihaldastagiri/Desktop/Major Project/FaceForensics++_C23/original/807.mp4,0,REAL,original,807
808,/Users/nihaldastagiri/Desktop/Major Project/FaceForensics++_C23/original/808.mp4,0,REAL,original,808
809,/Users/nihaldastagiri/Desktop/Major Project/FaceForensics++_C23/original/809.mp4,0,REAL,original,809
810,/Users/nihaldastagiri/Desktop/Major Project/FaceForensics++_C23/original/810.mp4,0,REAL,original,810
811,/Users/nihaldastagiri/Desktop/Major Project/FaceForensics++_C23/original/811.mp4,0,REAL,original,811
812,/Users/nihaldastagiri/Desktop/Major Project/FaceForensics++_C23/original/812.mp4,0,REAL,original,812
813,/Users/nihaldastagiri/Desktop/Major Project/FaceForensics++_C23/original/813.mp4,0,REAL,original,813
814,/Users/nihaldastagiri/Desktop/Major Project/FaceForensics++_C23/original/814.mp4,0,REAL,original,814
815,/Users/nihaldastagiri/Desktop/Major Project/FaceForensics++_C23/original/815.mp4,0,REAL,original,815
816,/Users/nihaldastagiri/Desktop/Major Project/FaceForensics++_C23/original/816.mp4,0,REAL,original,816
817,/Users/nihaldastagiri/Desktop/Major Project/FaceForensics++_C23/original/817.mp4,0,REAL,original,817
818,/Users/nihaldastagiri/Desktop/Major Project/FaceForensics++_C23/original/818.mp4,0,REAL,original,818
819,/Users/nihaldastagiri/Desktop/Major Project/FaceForensics++_C23/original/819.mp4,0,REAL,original,819
820,/Users/nihaldastagiri/Desktop/Major Project/FaceForensics++_C23/original/820.mp4,0,REAL,original,820
821,/Users/nihaldastagiri/Desktop/Major Project/FaceForensics++_C23/original/821.mp4,0,REAL,original,821
822,/Users/nihaldastagiri/Desktop/Major Project/FaceForensics++_C23/original/822.mp4,0,REAL,original,822
823,/Users/nihaldastagiri/Desktop/Major Project/FaceForensics++_C23/original/823.mp4,0,REAL,original,823
824,/Users/nihaldastagiri/Desktop/Major Project/FaceForensics++_C23/original/824.mp4,0,REAL,original,824
825,/Users/nihaldastagiri/Desktop/Major Project/FaceForensics++_C23/original/825.mp4,0,REAL,original,825
826,/Users/nihaldastagiri/Desktop/Major Project/FaceForensics++_C23/original/826.mp4,0,REAL,original,826
827,/Users/nihaldastagiri/Desktop/Major Project/FaceForensics++_C23/original/827.mp4,0,REAL,original,827
828,/Users/nihaldastagiri/Desktop/Major Project/FaceForensics++_C23/original/828.mp4,0,REAL,original,828
829,/Users/nihaldastagiri/Desktop/Major Project/FaceForensics++_C23/original/829.mp4,0,REAL,original,829
830,/Users/nihaldastagiri/Desktop/Major Project/FaceForensics++_C23/original/830.mp4,0,REAL,original,830
831,/Users/nihaldastagiri/Desktop/Major Project/FaceForensics++_C23/original/831.mp4,0,REAL,original,831
832,/Users/nihaldastagiri/Desktop/Major Project/FaceForensics++_C23/original/832.mp4,0,REAL,original,832
833,/Users/nihaldastagiri/Desktop/Major Project/FaceForensics++_C23/original/833.mp4,0,REAL,original,833
834,/Users/nihaldastagiri/Desktop/Major Project/FaceForensics++_C23/original/834.mp4,0,REAL,original,834
835,/Users/nihaldastagiri/Desktop/Major Project/FaceForensics++_C23/original/835.mp4,0,REAL,original,835
836,/Users/nihaldastagiri/Desktop/Major Project/FaceForensics++_C23/original/836.mp4,0,REAL,original,836
837,/Users/nihaldastagiri/Desktop/Major Project/FaceForensics++_C23/original/837.mp4,0,REAL,original,837
838,/Users/nihaldastagiri/Desktop/Major Project/FaceForensics++_C23/original/838.mp4,0,REAL,original,838
839,/Users/nihaldastagiri/Desktop/Major Project/FaceForensics++_C23/original/839.mp4,0,REAL,original,839
840,/Users/nihaldastagiri/Desktop/Major Project/FaceForensics++_C23/original/840.mp4,0,REAL,original,840
841,/Users/nihaldastagiri/Desktop/Major Project/FaceForensics++_C23/original/841.mp4,0,REAL,original,841
842,/Users/nihaldastagiri/Desktop/Major Project/FaceForensics++_C23/original/842.mp4,0,REAL,original,842
843,/Users/nihaldastagiri/Desktop/Major Project/FaceForensics++_C23/original/843.mp4,0,REAL,original,843
844,/Users/nihaldastagiri/Desktop/Major Project/FaceForensics++_C23/original/844.mp4,0,REAL,original,844
845,/Users/nihaldastagiri/Desktop/Major Project/FaceForensics++_C23/original/845.mp4,0,REAL,original,845
846,/Users/nihaldastagiri/Desktop/Major Project/FaceForensics++_C23/original/846.mp4,0,REAL,original,846
847,/Users/nihaldastagiri/Desktop/Major Project/FaceForensics++_C23/original/847.mp4,0,REAL,original,847
848,/Users/nihaldastagiri/Desktop/Major Project/FaceForensics++_C23/original/848.mp4,0,REAL,original,848
849,/Users/nihaldastagiri/Desktop/Major Project/FaceForensics++_C23/original/849.mp4,0,REAL,original,849
850,/Users/nihaldastagiri/Desktop/Major Project/FaceForensics++_C23/original/850.mp4,0,REAL,original,850
851,/Users/nihaldastagiri/Desktop/Major Project/FaceForensics++_C23/original/851.mp4,0,REAL,original,851
852,/Users/nihaldastagiri/Desktop/Major Project/FaceForensics++_C23/original/852.mp4,0,REAL,original,852
853,/Users/nihaldastagiri/Desktop/Major Project/FaceForensics++_C23/original/853.mp4,0,REAL,original,853
854,/Users/nihaldastagiri/Desktop/Major Project/FaceForensics++_C23/original/854.mp4,0,REAL,original,854
855,/Users/nihaldastagiri/Desktop/Major Project/FaceForensics++_C23/original/855.mp4,0,REAL,original,855
856,/Users/nihaldastagiri/Desktop/Major Project/FaceForensics++_C23/original/856.mp4,0,REAL,original,856
857,/Users/nihaldastagiri/Desktop/Major Project/FaceForensics++_C23/original/857.mp4,0,REAL,original,857
858,/Users/nihaldastagiri/Desktop/Major Project/FaceForensics++_C23/original/858.mp4,0,REAL,original,858
859,/Users/nihaldastagiri/Desktop/Major Project/FaceForensics++_C23/original/859.mp4,0,REAL,original,859
860,/Users/nihaldastagiri/Desktop/Major Project/FaceForensics++_C23/original/860.mp4,0,REAL,original,860
861,/Users/nihaldastagiri/Desktop/Major Project/FaceForensics++_C23/original/861.mp4,0,REAL,original,861
862,/Users/nihaldastagiri/Desktop/Major Project/FaceForensics++_C23/original/862.mp4,0,REAL,original,862
863,/Users/nihaldastagiri/Desktop/Major Project/FaceForensics++_C23/original/863.mp4,0,REAL,original,863
864,/Users/nihaldastagiri/Desktop/Major Project/FaceForensics++_C23/original/864.mp4,0,REAL,original,864
865,/Users/nihaldastagiri/Desktop/Major Project/FaceForensics++_C23/original/865.mp4,0,REAL,original,865
866,/Users/nihaldastagiri/Desktop/Major Project/FaceForensics++_C23/original/866.mp4,0,REAL,original,866
867,/Users/nihaldastagiri/Desktop/Major Project/FaceForensics++_C23/original/867.mp4,0,REAL,original,867
868,/Users/nihaldastagiri/Desktop/Major Project/FaceForensics++_C23/original/868.mp4,0,REAL,original,868
869,/Users/nihaldastagiri/Desktop/Major Project/FaceForensics++_C23/original/869.mp4,0,REAL,original,869
870,/Users/nihaldastagiri/Desktop/Major Project/FaceForensics++_C23/original/870.mp4,0,REAL,original,870
871,/Users/nihaldastagiri/Desktop/Major Project/FaceForensics++_C23/original/871.mp4,0,REAL,original,871
872,/Users/nihaldastagiri/Desktop/Major Project/FaceForensics++_C23/original/872.mp4,0,REAL,original,872
873,/Users/nihaldastagiri/Desktop/Major Project/FaceForensics++_C23/original/873.mp4,0,REAL,original,873
874,/Users/nihaldastagiri/Desktop/Major Project/FaceForensics++_C23/original/874.mp4,0,REAL,original,874
875,/Users/nihaldastagiri/Desktop/Major Project/FaceForensics++_C23/original/875.mp4,0,REAL,original,875
876,/Users/nihaldastagiri/Desktop/Major Project/FaceForensics++_C23/original/876.mp4,0,REAL,original,876
877,/Users/nihaldastagiri/Desktop/Major Project/FaceForensics++_C23/original/877.mp4,0,REAL,original,877
878,/Users/nihaldastagiri/Desktop/Major Project/FaceForensics++_C23/original/878.mp4,0,REAL,original,878
879,/Users/nihaldastagiri/Desktop/Major Project/FaceForensics++_C23/original/879.mp4,0,REAL,original,879
880,/Users/nihaldastagiri/Desktop/Major Project/FaceForensics++_C23/original/880.mp4,0,REAL,original,880
881,/Users/nihaldastagiri/Desktop/Major Project/FaceForensics++_C23/original/881.mp4,0,REAL,original,881
882,/Users/nihaldastagiri/Desktop/Major Project/FaceForensics++_C23/original/882.mp4,0,REAL,original,882
883,/Users/nihaldastagiri/Desktop/Major Project/FaceForensics++_C23/original/883.mp4,0,REAL,original,883
884,/Users/nihaldastagiri/Desktop/Major Project/FaceForensics++_C23/original/884.mp4,0,REAL,original,884
885,/Users/nihaldastagiri/Desktop/Major Project/FaceForensics++_C23/original/885.mp4,0,REAL,original,885
886,/Users/nihaldastagiri/Desktop/Major Project/FaceForensics++_C23/original/886.mp4,0,REAL,original,886
887,/Users/nihaldastagiri/Desktop/Major Project/FaceForensics++_C23/original/887.mp4,0,REAL,original,887
888,/Users/nihaldastagiri/Desktop/Major Project/FaceForensics++_C23/original/888.mp4,0,REAL,original,888
889,/Users/nihaldastagiri/Desktop/Major Project/FaceForensics++_C23/original/889.mp4,0,REAL,original,889
890,/Users/nihaldastagiri/Desktop/Major Project/FaceForensics++_C23/original/890.mp4,0,REAL,original,890
891,/Users/nihaldastagiri/Desktop/Major Project/FaceForensics++_C23/original/891.mp4,0,REAL,original,891
892,/Users/nihaldastagiri/Desktop/Major Project/FaceForensics++_C23/original/892.mp4,0,REAL,original,892
893,/Users/nihaldastagiri/Desktop/Major Project/FaceForensics++_C23/original/893.mp4,0,REAL,original,893
894,/Users/nihaldastagiri/Desktop/Major Project/FaceForensics++_C23/original/894.mp4,0,REAL,original,894
895,/Users/nihaldastagiri/Desktop/Major Project/FaceForensics++_C23/original/895.mp4,0,REAL,original,895
896,/Users/nihaldastagiri/Desktop/Major Project/FaceForensics++_C23/original/896.mp4,0,REAL,original,896
897,/Users/nihaldastagiri/Desktop/Major Project/FaceForensics++_C23/original/897.mp4,0,REAL,original,897
898,/Users/nihaldastagiri/Desktop/Major Project/FaceForensics++_C23/original/898.mp4,0,REAL,original,898
899,/Users/nihaldastagiri/Desktop/Major Project/FaceForensics++_C23/original/899.mp4,0,REAL,original,899
900,/Users/nihaldastagiri/Desktop/Major Project/FaceForensics++_C23/original/900.mp4,0,REAL,original,900
901,/Users/nihaldastagiri/Desktop/Major Project/FaceForensics++_C23/original/901.mp4,0,REAL,original,901
902,/Users/nihaldastagiri/Desktop/Major Project/FaceForensics++_C23/original/902.mp4,0,REAL,original,902
903,/Users/nihaldastagiri/Desktop/Major Project/FaceForensics++_C23/original/903.mp4,0,REAL,original,903
904,/Users/nihaldastagiri/Desktop/Major Project/FaceForensics++_C23/original/904.mp4,0,REAL,original,904
905,/Users/nihaldastagiri/Desktop/Major Project/FaceForensics++_C23/original/905.mp4,0,REAL,original,905
906,/Users/nihaldastagiri/Desktop/Major Project/FaceForensics++_C23/original/906.mp4,0,REAL,original,906
907,/Users/nihaldastagiri/Desktop/Major Project/FaceForensics++_C23/original/907.mp4,0,REAL,original,907
908,/Users/nihaldastagiri/Desktop/Major Project/FaceForensics++_C23/original/908.mp4,0,REAL,original,908
909,/Users/nihaldastagiri/Desktop/Major Project/FaceForensics++_C23/original/909.mp4,0,REAL,original,909
910,/Users/nihaldastagiri/Desktop/Major Project/FaceForensics++_C23/original/910.mp4,0,REAL,original,910
911,/Users/nihaldastagiri/Desktop/Major Project/FaceForensics++_C23/original/911.mp4,0,REAL,original,911
912,/Users/nihaldastagiri/Desktop/Major Project/FaceForensics++_C23/original/912.mp4,0,REAL,original,912
913,/Users/nihaldastagiri/Desktop/Major Project/FaceForensics++_C23/original/913.mp4,0,REAL,original,913
914,/Users/nihaldastagiri/Desktop/Major Project/FaceForensics++_C23/original/914.mp4,0,REAL,original,914
915,/Users/nihaldastagiri/Desktop/Major Project/FaceForensics++_C23/original/915.mp4,0,REAL,original,915
916,/Users/nihaldastagiri/Desktop/Major Project/FaceForensics++_C23/original/916.mp4,0,REAL,original,916
917,/Users/nihaldastagiri/Desktop/Major Project/FaceForensics++_C23/original/917.mp4,0,REAL,original,917
918,/Users/nihaldastagiri/Desktop/Major Project/FaceForensics++_C23/original/918.mp4,0,REAL,original,918
919,/Users/nihaldastagiri/Desktop/Major Project/FaceForensics++_C23/original/919.mp4,0,REAL,original,919
920,/Users/nihaldastagiri/Desktop/Major Project/FaceForensics++_C23/original/920.mp4,0,REAL,original,920
921,/Users/nihaldastagiri/Desktop/Major Project/FaceForensics++_C23/original/921.mp4,0,REAL,original,921
922,/Users/nihaldastagiri/Desktop/Major Project/FaceForensics++_C23/original/922.mp4,0,REAL,original,922
923,/Users/nihaldastagiri/Desktop/Major Project/FaceForensics++_C23/original/923.mp4,0,REAL,original,923
924,/Users/nihaldastagiri/Desktop/Major Project/FaceForensics++_C23/original/924.mp4,0,REAL,original,924
925,/Users/nihaldastagiri/Desktop/Major Project/FaceForensics++_C23/original/925.mp4,0,REAL,original,925
926,/Users/nihaldastagiri/Desktop/Major Project/FaceForensics++_C23/original/926.mp4,0,REAL,original,926
927,/Users/nihaldastagiri/Desktop/Major Project/FaceForensics++_C23/original/927.mp4,0,REAL,original,927
928,/Users/nihaldastagiri/Desktop/Major Project/FaceForensics++_C23/original/928.mp4,0,REAL,original,928
929,/Users/nihaldastagiri/Desktop/Major Project/FaceForensics++_C23/original/929.mp4,0,REAL,original,929
930,/Users/nihaldastagiri/Desktop/Major Project/FaceForensics++_C23/original/930.mp4,0,REAL,original,930
931,/Users/nihaldastagiri/Desktop/Major Project/FaceForensics++_C23/original/931.mp4,0,REAL,original,931
932,/Users/nihaldastagiri/Desktop/Major Project/FaceForensics++_C23/original/932.mp4,0,REAL,original,932
933,/Users/nihaldastagiri/Desktop/Major Project/FaceForensics++_C23/original/933.mp4,0,REAL,original,933
934,/Users/nihaldastagiri/Desktop/Major Project/FaceForensics++_C23/original/934.mp4,0,REAL,original,934
935,/Users/nihaldastagiri/Desktop/Major Project/FaceForensics++_C23/original/935.mp4,0,REAL,original,935
936,/Users/nihaldastagiri/Desktop/Major Project/FaceForensics++_C23/original/936.mp4,0,REAL,original,936
937,/Users/nihaldastagiri/Desktop/Major Project/FaceForensics++_C23/original/937.mp4,0,REAL,original,937
938,/Users/nihaldastagiri/Desktop/Major Project/FaceForensics++_C23/original/938.mp4,0,REAL,original,938
939,/Users/nihaldastagiri/Desktop/Major Project/FaceForensics++_C23/original/939.mp4,0,REAL,original,939
940,/Users/nihaldastagiri/Desktop/Major Project/FaceForensics++_C23/original/940.mp4,0,REAL,original,940
941,/Users/nihaldastagiri/Desktop/Major Project/FaceForensics++_C23/original/941.mp4,0,REAL,original,941
942,/Users/nihaldastagiri/Desktop/Major Project/FaceForensics++_C23/original/942.mp4,0,REAL,original,942
943,/Users/nihaldastagiri/Desktop/Major Project/FaceForensics++_C23/original/943.mp4,0,REAL,original,943
944,/Users/nihaldastagiri/Desktop/Major Project/FaceForensics++_C23/original/944.mp4,0,REAL,original,944
945,/Users/nihaldastagiri/Desktop/Major Project/FaceForensics++_C23/original/945.mp4,0,REAL,original,945
946,/Users/nihaldastagiri/Desktop/Major Project/FaceForensics++_C23/original/946.mp4,0,REAL,original,946
947,/Users/nihaldastagiri/Desktop/Major Project/FaceForensics++_C23/original/947.mp4,0,REAL,original,947
948,/Users/nihaldastagiri/Desktop/Major Project/FaceForensics++_C23/original/948.mp4,0,REAL,original,948
949,/Users/nihaldastagiri/Desktop/Major Project/FaceForensics++_C23/original/949.mp4,0,REAL,original,949
950,/Users/nihaldastagiri/Desktop/Major Project/FaceForensics++_C23/original/950.mp4,0,REAL,original,950
951,/Users/nihaldastagiri/Desktop/Major Project/FaceForensics++_C23/original/951.mp4,0,REAL,original,951
952,/Users/nihaldastagiri/Desktop/Major Project/FaceForensics++_C23/original/952.mp4,0,REAL,original,952
953,/Users/nihaldastagiri/Desktop/Major Project/FaceForensics++_C23/original/953.mp4,0,REAL,original,953
954,/Users/nihaldastagiri/Desktop/Major Project/FaceForensics++_C23/original/954.mp4,0,REAL,original,954
955,/Users/nihaldastagiri/Desktop/Major Project/FaceForensics++_C23/original/955.mp4,0,REAL,original,955
956,/Users/nihaldastagiri/Desktop/Major Project/FaceForensics++_C23/original/956.mp4,0,REAL,original,956
957,/Users/nihaldastagiri/Desktop/Major Project/FaceForensics++_C23/original/957.mp4,0,REAL,original,957
958,/Users/nihaldastagiri/Desktop/Major Project/FaceForensics++_C23/original/958.mp4,0,REAL,original,958
959,/Users/nihaldastagiri/Desktop/Major Project/FaceForensics++_C23/original/959.mp4,0,REAL,original,959
960,/Users/nihaldastagiri/Desktop/Major Project/FaceForensics++_C23/original/960.mp4,0,REAL,original,960
961,/Users/nihaldastagiri/Desktop/Major Project/FaceForensics++_C23/original/961.mp4,0,REAL,original,961
962,/Users/nihaldastagiri/Desktop/Major Project/FaceForensics++_C23/original/962.mp4,0,REAL,original,962
963,/Users/nihaldastagiri/Desktop/Major Project/FaceForensics++_C23/original/963.mp4,0,REAL,original,963
964,/Users/nihaldastagiri/Desktop/Major Project/FaceForensics++_C23/original/964.mp4,0,REAL,original,964
965,/Users/nihaldastagiri/Desktop/Major Project/FaceForensics++_C23/original/965.mp4,0,REAL,original,965
966,/Users/nihaldastagiri/Desktop/Major Project/FaceForensics++_C23/original/966.mp4,0,REAL,original,966
967,/Users/nihaldastagiri/Desktop/Major Project/FaceForensics++_C23/original/967.mp4,0,REAL,original,967
968,/Users/nihaldastagiri/Desktop/Major Project/FaceForensics++_C23/original/968.mp4,0,REAL,original,968
969,/Users/nihaldastagiri/Desktop/Major Project/FaceForensics++_C23/original/969.mp4,0,REAL,original,969
970,/Users/nihaldastagiri/Desktop/Major Project/FaceForensics++_C23/original/970.mp4,0,REAL,original,970
971,/Users/nihaldastagiri/Desktop/Major Project/FaceForensics++_C23/original/971.mp4,0,REAL,original,971
972,/Users/nihaldastagiri/Desktop/Major Project/FaceForensics++_C23/original/972.mp4,0,REAL,original,972
973,/Users/nihaldastagiri/Desktop/Major Project/FaceForensics++_C23/original/973.mp4,0,REAL,original,973
974,/Users/nihaldastagiri/Desktop/Major Project/FaceForensics++_C23/original/974.mp4,0,REAL,original,974
975,/Users/nihaldastagiri/Desktop/Major Project/FaceForensics++_C23/original/975.mp4,0,REAL,original,975
976,/Users/nihaldastagiri/Desktop/Major Project/FaceForensics++_C23/original/976.mp4,0,REAL,original,976
977,/Users/nihaldastagiri/Desktop/Major Project/FaceForensics++_C23/original/977.mp4,0,REAL,original,977
978,/Users/nihaldastagiri/Desktop/Major Project/FaceForensics++_C23/original/978.mp4,0,REAL,original,978
979,/Users/nihaldastagiri/Desktop/Major Project/FaceForensics++_C23/original/979.mp4,0,REAL,original,979
980,/Users/nihaldastagiri/Desktop/Major Project/FaceForensics++_C23/original/980.mp4,0,REAL,original,980
981,/Users/nihaldastagiri/Desktop/Major Project/FaceForensics++_C23/original/981.mp4,0,REAL,original,981
982,/Users/nihaldastagiri/Desktop/Major Project/FaceForensics++_C23/original/982.mp4,0,REAL,original,982
983,/Users/nihaldastagiri/Desktop/Major Project/FaceForensics++_C23/original/983.mp4,0,REAL,original,983
984,/Users/nihaldastagiri/Desktop/Major Project/FaceForensics++_C23/original/984.mp4,0,REAL,original,984
985,/Users/nihaldastagiri/Desktop/Major Project/FaceForensics++_C23/original/985.mp4,0,REAL,original,985
986,/Users/nihaldastagiri/Desktop/Major Project/FaceForensics++_C23/original/986.mp4,0,REAL,original,986
987,/Users/nihaldastagiri/Desktop/Major Project/FaceForensics++_C23/original/987.mp4,0,REAL,original,987
988,/Users/nihaldastagiri/Desktop/Major Project/FaceForensics++_C23/original/988.mp4,0,REAL,original,988
989,/Users/nihaldastagiri/Desktop/Major Project/FaceForensics++_C23/original/989.mp4,0,REAL,original,989
990,/Users/nihaldastagiri/Desktop/Major Project/FaceForensics++_C23/original/990.mp4,0,REAL,original,990
991,/Users/nihaldastagiri/Desktop/Major Project/FaceForensics++_C23/original/991.mp4,0,REAL,original,991
992,/Users/nihaldastagiri/Desktop/Major Project/FaceForensics++_C23/original/992.mp4,0,REAL,original,992
993,/Users/nihaldastagiri/Desktop/Major Project/FaceForensics++_C23/original/993.mp4,0,REAL,original,993
994,/Users/nihaldastagiri/Desktop/Major Project/FaceForensics++_C23/original/994.mp4,0,REAL,original,994
995,/Users/nihaldastagiri/Desktop/Major Project/FaceForensics++_C23/original/995.mp4,0,REAL,original,995
996,/Users/nihaldastagiri/Desktop/Major Project/FaceForensics++_C23/original/996.mp4,0,REAL,original,996
997,/Users/nihaldastagiri/Desktop/Major Project/FaceForensics++_C23/original/997.mp4,0,REAL,original,997
998,/Users/nihaldastagiri/Desktop/Major Project/FaceForensics++_C23/original/998.mp4,0,REAL,original,998
999,/Users/nihaldastagiri/Desktop/Major Project/FaceForensics++_C23/original/999.mp4,0,REAL,original,999
000_003,/Users/nihaldastagiri/Desktop/Major Project/FaceForensics++_C23/Deepfakes/000_003.mp4,1,FAKE,Deepfakes,000
001_870,/Users/nihaldastagiri/Desktop/Major Project/FaceForensics++_C23/Deepfakes/001_870.mp4,1,FAKE,Deepfakes,001
002_006,/Users/nihaldastagiri/Desktop/Major Project/FaceForensics++_C23/Deepfakes/002_006.mp4,1,FAKE,Deepfakes,002
003_000,/Users/nihaldastagiri/Desktop/Major Project/FaceForensics++_C23/Deepfakes/003_000.mp4,1,FAKE,Deepfakes,003
004_982,/Users/nihaldastagiri/Desktop/Major Project/FaceForensics++_C23/Deepfakes/004_982.mp4,1,FAKE,Deepfakes,004
005_010,/Users/nihaldastagiri/Desktop/Major Project/FaceForensics++_C23/Deepfakes/005_010.mp4,1,FAKE,Deepfakes,005
006_002,/Users/nihaldastagiri/Desktop/Major Project/FaceForensics++_C23/Deepfakes/006_002.mp4,1,FAKE,Deepfakes,006
007_132,/Users/nihaldastagiri/Desktop/Major Project/FaceForensics++_C23/Deepfakes/007_132.mp4,1,FAKE,Deepfakes,007
008_990,/Users/nihaldastagiri/Desktop/Major Project/FaceForensics++_C23/Deepfakes/008_990.mp4,1,FAKE,Deepfakes,008
009_027,/Users/nihaldastagiri/Desktop/Major Project/FaceForensics++_C23/Deepfakes/009_027.mp4,1,FAKE,Deepfakes,009
010_005,/Users/nihaldastagiri/Desktop/Major Project/FaceForensics++_C23/Deepfakes/010_005.mp4,1,FAKE,Deepfakes,010
011_805,/Users/nihaldastagiri/Desktop/Major Project/FaceForensics++_C23/Deepfakes/011_805.mp4,1,FAKE,Deepfakes,011
012_026,/Users/nihaldastagiri/Desktop/Major Project/FaceForensics++_C23/Deepfakes/012_026.mp4,1,FAKE,Deepfakes,012
013_883,/Users/nihaldastagiri/Desktop/Major Project/FaceForensics++_C23/Deepfakes/013_883.mp4,1,FAKE,Deepfakes,013
014_790,/Users/nihaldastagiri/Desktop/Major Project/FaceForensics++_C23/Deepfakes/014_790.mp4,1,FAKE,Deepfakes,014
015_919,/Users/nihaldastagiri/Desktop/Major Project/FaceForensics++_C23/Deepfakes/015_919.mp4,1,FAKE,Deepfakes,015
016_209,/Users/nihaldastagiri/Desktop/Major Project/FaceForensics++_C23/Deepfakes/016_209.mp4,1,FAKE,Deepfakes,016
017_803,/Users/nihaldastagiri/Desktop/Major Project/FaceForensics++_C23/Deepfakes/017_803.mp4,1,FAKE,Deepfakes,017
018_019,/Users/nihaldastagiri/Desktop/Major Project/FaceForensics++_C23/Deepfakes/018_019.mp4,1,FAKE,Deepfakes,018
019_018,/Users/nihaldastagiri/Desktop/Major Project/FaceForensics++_C23/Deepfakes/019_018.mp4,1,FAKE,Deepfakes,019
020_344,/Users/nihaldastagiri/Desktop/Major Project/FaceForensics++_C23/Deepfakes/020_344.mp4,1,FAKE,Deepfakes,020
021_312,/Users/nihaldastagiri/Desktop/Major Project/FaceForensics++_C23/Deepfakes/021_312.mp4,1,FAKE,Deepfakes,021
022_489,/Users/nihaldastagiri/Desktop/Major Project/FaceForensics++_C23/Deepfakes/022_489.mp4,1,FAKE,Deepfakes,022
023_923,/Users/nihaldastagiri/Desktop/Major Project/FaceForensics++_C23/Deepfakes/023_923.mp4,1,FAKE,Deepfakes,023
024_073,/Users/nihaldastagiri/Desktop/Major Project/FaceForensics++_C23/Deepfakes/024_073.mp4,1,FAKE,Deepfakes,024
025_067,/Users/nihaldastagiri/Desktop/Major Project/FaceForensics++_C23/Deepfakes/025_067.mp4,1,FAKE,Deepfakes,025
026_012,/Users/nihaldastagiri/Desktop/Major Project/FaceForensics++_C23/Deepfakes/026_012.mp4,1,FAKE,Deepfakes,026
027_009,/Users/nihaldastagiri/Desktop/Major Project/FaceForensics++_C23/Deepfakes/027_009.mp4,1,FAKE,Deepfakes,027
028_068,/Users/nihaldastagiri/Desktop/Major Project/FaceForensics++_C23/Deepfakes/028_068.mp4,1,FAKE,Deepfakes,028
029_048,/Users/nihaldastagiri/Desktop/Major Project/FaceForensics++_C23/Deepfakes/029_048.mp4,1,FAKE,Deepfakes,029
030_193,/Users/nihaldastagiri/Desktop/Major Project/FaceForensics++_C23/Deepfakes/030_193.mp4,1,FAKE,Deepfakes,030
031_163,/Users/nihaldastagiri/Desktop/Major Project/FaceForensics++_C23/Deepfakes/031_163.mp4,1,FAKE,Deepfakes,031
032_944,/Users/nihaldastagiri/Desktop/Major Project/FaceForensics++_C23/Deepfakes/032_944.mp4,1,FAKE,Deepfakes,032
033_097,/Users/nihaldastagiri/Desktop/Major Project/FaceForensics++_C23/Deepfakes/033_097.mp4,1,FAKE,Deepfakes,033
034_590,/Users/nihaldastagiri/Desktop/Major Project/FaceForensics++_C23/Deepfakes/034_590.mp4,1,FAKE,Deepfakes,034
035_036,/Users/nihaldastagiri/Desktop/Major Project/FaceForensics++_C23/Deepfakes/035_036.mp4,1,FAKE,Deepfakes,035
036_035,/Users/nihaldastagiri/Desktop/Major Project/FaceForensics++_C23/Deepfakes/036_035.mp4,1,FAKE,Deepfakes,036
037_072,/Users/nihaldastagiri/Desktop/Major Project/FaceForensics++_C23/Deepfakes/037_072.mp4,1,FAKE,Deepfakes,037
038_125,/Users/nihaldastagiri/Desktop/Major Project/FaceForensics++_C23/Deepfakes/038_125.mp4,1,FAKE,Deepfakes,038
039_058,/Users/nihaldastagiri/Desktop/Major Project/FaceForensics++_C23/Deepfakes/039_058.mp4,1,FAKE,Deepfakes,039
040_997,/Users/nihaldastagiri/Desktop/Major Project/FaceForensics++_C23/Deepfakes/040_997.mp4,1,FAKE,Deepfakes,040
041_063,/Users/nihaldastagiri/Desktop/Major Project/FaceForensics++_C23/Deepfakes/041_063.mp4,1,FAKE,Deepfakes,041
042_084,/Users/nihaldastagiri/Desktop/Major Project/FaceForensics++_C23/Deepfakes/042_084.mp4,1,FAKE,Deepfakes,042
043_110,/Users/nihaldastagiri/Desktop/Major Project/FaceForensics++_C23/Deepfakes/043_110.mp4,1,FAKE,Deepfakes,043
044_945,/Users/nihaldastagiri/Desktop/Major Project/FaceForensics++_C23/Deepfakes/044_945.mp4,1,FAKE,Deepfakes,044
045_889,/Users/nihaldastagiri/Desktop/Major Project/FaceForensics++_C23/Deepfakes/045_889.mp4,1,FAKE,Deepfakes,045
046_904,/Users/nihaldastagiri/Desktop/Major Project/FaceForensics++_C23/Deepfakes/046_904.mp4,1,FAKE,Deepfakes,046
047_862,/Users/nihaldastagiri/Desktop/Major Project/FaceForensics++_C23/Deepfakes/047_862.mp4,1,FAKE,Deepfakes,047
048_029,/Users/nihaldastagiri/Desktop/Major Project/FaceForensics++_C23/Deepfakes/048_029.mp4,1,FAKE,Deepfakes,048
049_946,/Users/nihaldastagiri/Desktop/Major Project/FaceForensics++_C23/Deepfakes/049_946.mp4,1,FAKE,Deepfakes,049
050_059,/Users/nihaldastagiri/Desktop/Major Project/FaceForensics++_C23/Deepfakes/050_059.mp4,1,FAKE,Deepfakes,050
051_332,/Users/nihaldastagiri/Desktop/Major Project/FaceForensics++_C23/Deepfakes/051_332.mp4,1,FAKE,Deepfakes,051
052_108,/Users/nihaldastagiri/Desktop/Major Project/FaceForensics++_C23/Deepfakes/052_108.mp4,1,FAKE,Deepfakes,052
053_095,/Users/nihaldastagiri/Desktop/Major Project/FaceForensics++_C23/Deepfakes/053_095.mp4,1,FAKE,Deepfakes,053
054_071,/Users/nihaldastagiri/Desktop/Major Project/FaceForensics++_C23/Deepfakes/054_071.mp4,1,FAKE,Deepfakes,054
055_147,/Users/nihaldastagiri/Desktop/Major Project/FaceForensics++_C23/Deepfakes/055_147.mp4,1,FAKE,Deepfakes,055
056_996,/Users/nihaldastagiri/Desktop/Major Project/FaceForensics++_C23/Deepfakes/056_996.mp4,1,FAKE,Deepfakes,056
057_070,/Users/nihaldastagiri/Desktop/Major Project/FaceForensics++_C23/Deepfakes/057_070.mp4,1,FAKE,Deepfakes,057
058_039,/Users/nihaldastagiri/Desktop/Major Project/FaceForensics++_C23/Deepfakes/058_039.mp4,1,FAKE,Deepfakes,058
059_050,/Users/nihaldastagiri/Desktop/Major Project/FaceForensics++_C23/Deepfakes/059_050.mp4,1,FAKE,Deepfakes,059
060_088,/Users/nihaldastagiri/Desktop/Major Project/FaceForensics++_C23/Deepfakes/060_088.mp4,1,FAKE,Deepfakes,060
061_080,/Users/nihaldastagiri/Desktop/Major Project/FaceForensics++_C23/Deepfakes/061_080.mp4,1,FAKE,Deepfakes,061
062_066,/Users/nihaldastagiri/Desktop/Major Project/FaceForensics++_C23/Deepfakes/062_066.mp4,1,FAKE,Deepfakes,062
063_041,/Users/nihaldastagiri/Desktop/Major Project/FaceForensics++_C23/Deepfakes/063_041.mp4,1,FAKE,Deepfakes,063
064_991,/Users/nihaldastagiri/Desktop/Major Project/FaceForensics++_C23/Deepfakes/064_991.mp4,1,FAKE,Deepfakes,064
065_089,/Users/nihaldastagiri/Desktop/Major Project/FaceForensics++_C23/Deepfakes/065_089.mp4,1,FAKE,Deepfakes,065
066_062,/Users/nihaldastagiri/Desktop/Major Project/FaceForensics++_C23/Deepfakes/066_062.mp4,1,FAKE,Deepfakes,066
067_025,/Users/nihaldastagiri/Desktop/Major Project/FaceForensics++_C23/Deepfakes/067_025.mp4,1,FAKE,Deepfakes,067
068_028,/Users/nihaldastagiri/Desktop/Major Project/FaceForensics++_C23/Deepfakes/068_028.mp4,1,FAKE,Deepfakes,068
069_961,/Users/nihaldastagiri/Desktop/Major Project/FaceForensics++_C23/Deepfakes/069_961.mp4,1,FAKE,Deepfakes,069
070_057,/Users/nihaldastagiri/Desktop/Major Project/FaceForensics++_C23/Deepfakes/070_057.mp4,1,FAKE,Deepfakes,070
071_054,/Users/nihaldastagiri/Desktop/Major Project/FaceForensics++_C23/Deepfakes/071_054.mp4,1,FAKE,Deepfakes,071
072_037,/Users/nihaldastagiri/Desktop/Major Project/FaceForensics++_C23/Deepfakes/072_037.mp4,1,FAKE,Deepfakes,072
073_024,/Users/nihaldastagiri/Desktop/Major Project/FaceForensics++_C23/Deepfakes/073_024.mp4,1,FAKE,Deepfakes,073
074_825,/Users/nihaldastagiri/Desktop/Major Project/FaceForensics++_C23/Deepfakes/074_825.mp4,1,FAKE,Deepfakes,074
075_977,/Users/nihaldastagiri/Desktop/Major Project/FaceForensics++_C23/Deepfakes/075_977.mp4,1,FAKE,Deepfakes,075
076_079,/Users/nihaldastagiri/Desktop/Major Project/FaceForensics++_C23/Deepfakes/076_079.mp4,1,FAKE,Deepfakes,076
077_100,/Users/nihaldastagiri/Desktop/Major Project/FaceForensics++_C23/Deepfakes/077_100.mp4,1,FAKE,Deepfakes,077
078_955,/Users/nihaldastagiri/Desktop/Major Project/FaceForensics++_C23/Deepfakes/078_955.mp4,1,FAKE,Deepfakes,078
079_076,/Users/nihaldastagiri/Desktop/Major Project/FaceForensics++_C23/Deepfakes/079_076.mp4,1,FAKE,Deepfakes,079
080_061,/Users/nihaldastagiri/Desktop/Major Project/FaceForensics++_C23/Deepfakes/080_061.mp4,1,FAKE,Deepfakes,080
081_087,/Users/nihaldastagiri/Desktop/Major Project/FaceForensics++_C23/Deepfakes/081_087.mp4,1,FAKE,Deepfakes,081
082_103,/Users/nihaldastagiri/Desktop/Major Project/FaceForensics++_C23/Deepfakes/082_103.mp4,1,FAKE,Deepfakes,082
083_213,/Users/nihaldastagiri/Desktop/Major Project/FaceForensics++_C23/Deepfakes/083_213.mp4,1,FAKE,Deepfakes,083
084_042,/Users/nihaldastagiri/Desktop/Major Project/FaceForensics++_C23/Deepfakes/084_042.mp4,1,FAKE,Deepfakes,084
085_124,/Users/nihaldastagiri/Desktop/Major Project/FaceForensics++_C23/Deepfakes/085_124.mp4,1,FAKE,Deepfakes,085
086_090,/Users/nihaldastagiri/Desktop/Major Project/FaceForensics++_C23/Deepfakes/086_090.mp4,1,FAKE,Deepfakes,086
087_081,/Users/nihaldastagiri/Desktop/Major Project/FaceForensics++_C23/Deepfakes/087_081.mp4,1,FAKE,Deepfakes,087
088_060,/Users/nihaldastagiri/Desktop/Major Project/FaceForensics++_C23/Deepfakes/088_060.mp4,1,FAKE,Deepfakes,088
089_065,/Users/nihaldastagiri/Desktop/Major Project/FaceForensics++_C23/Deepfakes/089_065.mp4,1,FAKE,Deepfakes,089
090_086,/Users/nihaldastagiri/Desktop/Major Project/FaceForensics++_C23/Deepfakes/090_086.mp4,1,FAKE,Deepfakes,090
091_116,/Users/nihaldastagiri/Desktop/Major Project/FaceForensics++_C23/Deepfakes/091_116.mp4,1,FAKE,Deepfakes,091
092_098,/Users/nihaldastagiri/Desktop/Major Project/FaceForensics++_C23/Deepfakes/092_098.mp4,1,FAKE,Deepfakes,092
093_121,/Users/nihaldastagiri/Desktop/Major Project/FaceForensics++_C23/Deepfakes/093_121.mp4,1,FAKE,Deepfakes,093
094_111,/Users/nihaldastagiri/Desktop/Major Project/FaceForensics++_C23/Deepfakes/094_111.mp4,1,FAKE,Deepfakes,094
095_053,/Users/nihaldastagiri/Desktop/Major Project/FaceForensics++_C23/Deepfakes/095_053.mp4,1,FAKE,Deepfakes,095
096_101,/Users/nihaldastagiri/Desktop/Major Project/FaceForensics++_C23/Deepfakes/096_101.mp4,1,FAKE,Deepfakes,096
097_033,/Users/nihaldastagiri/Desktop/Major Project/FaceForensics++_C23/Deepfakes/097_033.mp4,1,FAKE,Deepfakes,097
098_092,/Users/nihaldastagiri/Desktop/Major Project/FaceForensics++_C23/Deepfakes/098_092.mp4,1,FAKE,Deepfakes,098
099_295,/Users/nihaldastagiri/Desktop/Major Project/FaceForensics++_C23/Deepfakes/099_295.mp4,1,FAKE,Deepfakes,099
100_077,/Users/nihaldastagiri/Desktop/Major Project/FaceForensics++_C23/Deepfakes/100_077.mp4,1,FAKE,Deepfakes,100
101_096,/Users/nihaldastagiri/Desktop/Major Project/FaceForensics++_C23/Deepfakes/101_096.mp4,1,FAKE,Deepfakes,101
102_114,/Users/nihaldastagiri/Desktop/Major Project/FaceForensics++_C23/Deepfakes/102_114.mp4,1,FAKE,Deepfakes,102
103_082,/Users/nihaldastagiri/Desktop/Major Project/FaceForensics++_C23/Deepfakes/103_082.mp4,1,FAKE,Deepfakes,103
104_126,/Users/nihaldastagiri/Desktop/Major Project/FaceForensics++_C23/Deepfakes/104_126.mp4,1,FAKE,Deepfakes,104
105_180,/Users/nihaldastagiri/Desktop/Major Project/FaceForensics++_C23/Deepfakes/105_180.mp4,1,FAKE,Deepfakes,105
106_198,/Users/nihaldastagiri/Desktop/Major Project/FaceForensics++_C23/Deepfakes/106_198.mp4,1,FAKE,Deepfakes,106
107_109,/Users/nihaldastagiri/Desktop/Major Project/FaceForensics++_C23/Deepfakes/107_109.mp4,1,FAKE,Deepfakes,107
108_052,/Users/nihaldastagiri/Desktop/Major Project/FaceForensics++_C23/Deepfakes/108_052.mp4,1,FAKE,Deepfakes,108
109_107,/Users/nihaldastagiri/Desktop/Major Project/FaceForensics++_C23/Deepfakes/109_107.mp4,1,FAKE,Deepfakes,109
110_043,/Users/nihaldastagiri/Desktop/Major Project/FaceForensics++_C23/Deepfakes/110_043.mp4,1,FAKE,Deepfakes,110
111_094,/Users/nihaldastagiri/Desktop/Major Project/FaceForensics++_C23/Deepfakes/111_094.mp4,1,FAKE,Deepfakes,111
112_892,/Users/nihaldastagiri/Desktop/Major Project/FaceForensics++_C23/Deepfakes/112_892.mp4,1,FAKE,Deepfakes,112
113_983,/Users/nihaldastagiri/Desktop/Major Project/FaceForensics++_C23/Deepfakes/113_983.mp4,1,FAKE,Deepfakes,113
114_102,/Users/nihaldastagiri/Desktop/Major Project/FaceForensics++_C23/Deepfakes/114_102.mp4,1,FAKE,Deepfakes,114
115_939,/Users/nihaldastagiri/Desktop/Major Project/FaceForensics++_C23/Deepfakes/115_939.mp4,1,FAKE,Deepfakes,115
116_091,/Users/nihaldastagiri/Desktop/Major Project/FaceForensics++_C23/Deepfakes/116_091.mp4,1,FAKE,Deepfakes,116
117_217,/Users/nihaldastagiri/Desktop/Major Project/FaceForensics++_C23/Deepfakes/117_217.mp4,1,FAKE,Deepfakes,117
118_120,/Users/nihaldastagiri/Desktop/Major Project/FaceForensics++_C23/Deepfakes/118_120.mp4,1,FAKE,Deepfakes,118
119_123,/Users/nihaldastagiri/Desktop/Major Project/FaceForensics++_C23/Deepfakes/119_123.mp4,1,FAKE,Deepfakes,119
120_118,/Users/nihaldastagiri/Desktop/Major Project/FaceForensics++_C23/Deepfakes/120_118.mp4,1,FAKE,Deepfakes,120
121_093,/Users/nihaldastagiri/Desktop/Major Project/FaceForensics++_C23/Deepfakes/121_093.mp4,1,FAKE,Deepfakes,121
122_144,/Users/nihaldastagiri/Desktop/Major Project/FaceForensics++_C23/Deepfakes/122_144.mp4,1,FAKE,Deepfakes,122
123_119,/Users/nihaldastagiri/Desktop/Major Project/FaceForensics++_C23/Deepfakes/123_119.mp4,1,FAKE,Deepfakes,123
124_085,/Users/nihaldastagiri/Desktop/Major Project/FaceForensics++_C23/Deepfakes/124_085.mp4,1,FAKE,Deepfakes,124
125_038,/Users/nihaldastagiri/Desktop/Major Project/FaceForensics++_C23/Deepfakes/125_038.mp4,1,FAKE,Deepfakes,125
126_104,/Users/nihaldastagiri/Desktop/Major Project/FaceForensics++_C23/Deepfakes/126_104.mp4,1,FAKE,Deepfakes,126
127_129,/Users/nihaldastagiri/Desktop/Major Project/FaceForensics++_C23/Deepfakes/127_129.mp4,1,FAKE,Deepfakes,127
128_896,/Users/nihaldastagiri/Desktop/Major Project/FaceForensics++_C23/Deepfakes/128_896.mp4,1,FAKE,Deepfakes,128
129_127,/Users/nihaldastagiri/Desktop/Major Project/FaceForensics++_C23/Deepfakes/129_127.mp4,1,FAKE,Deepfakes,129
130_139,/Users/nihaldastagiri/Desktop/Major Project/FaceForensics++_C23/Deepfakes/130_139.mp4,1,FAKE,Deepfakes,130
131_518,/Users/nihaldastagiri/Desktop/Major Project/FaceForensics++_C23/Deepfakes/131_518.mp4,1,FAKE,Deepfakes,131
132_007,/Users/nihaldastagiri/Desktop/Major Project/FaceForensics++_C23/Deepfakes/132_007.mp4,1,FAKE,Deepfakes,132
133_148,/Users/nihaldastagiri/Desktop/Major Project/FaceForensics++_C23/Deepfakes/133_148.mp4,1,FAKE,Deepfakes,133
134_192,/Users/nihaldastagiri/Desktop/Major Project/FaceForensics++_C23/Deepfakes/134_192.mp4,1,FAKE,Deepfakes,134
135_880,/Users/nihaldastagiri/Desktop/Major Project/FaceForensics++_C23/Deepfakes/135_880.mp4,1,FAKE,Deepfakes,135
136_285,/Users/nihaldastagiri/Desktop/Major Project/FaceForensics++_C23/Deepfakes/136_285.mp4,1,FAKE,Deepfakes,136
137_165,/Users/nihaldastagiri/Desktop/Major Project/FaceForensics++_C23/Deepfakes/137_165.mp4,1,FAKE,Deepfakes,137
138_142,/Users/nihaldastagiri/Desktop/Major Project/FaceForensics++_C23/Deepfakes/138_142.mp4,1,FAKE,Deepfakes,138
139_130,/Users/nihaldastagiri/Desktop/Major Project/FaceForensics++_C23/Deepfakes/139_130.mp4,1,FAKE,Deepfakes,139
140_143,/Users/nihaldastagiri/Desktop/Major Project/FaceForensics++_C23/Deepfakes/140_143.mp4,1,FAKE,Deepfakes,140
141_161,/Users/nihaldastagiri/Desktop/Major Project/FaceForensics++_C23/Deepfakes/141_161.mp4,1,FAKE,Deepfakes,141
142_138,/Users/nihaldastagiri/Desktop/Major Project/FaceForensics++_C23/Deepfakes/142_138.mp4,1,FAKE,Deepfakes,142
143_140,/Users/nihaldastagiri/Desktop/Major Project/FaceForensics++_C23/Deepfakes/143_140.mp4,1,FAKE,Deepfakes,143
144_122,/Users/nihaldastagiri/Desktop/Major Project/FaceForensics++_C23/Deepfakes/144_122.mp4,1,FAKE,Deepfakes,144
145_299,/Users/nihaldastagiri/Desktop/Major Project/FaceForensics++_C23/Deepfakes/145_299.mp4,1,FAKE,Deepfakes,145
146_256,/Users/nihaldastagiri/Desktop/Major Project/FaceForensics++_C23/Deepfakes/146_256.mp4,1,FAKE,Deepfakes,146
147_055,/Users/nihaldastagiri/Desktop/Major Project/FaceForensics++_C23/Deepfakes/147_055.mp4,1,FAKE,Deepfakes,147
148_133,/Users/nihaldastagiri/Desktop/Major Project/FaceForensics++_C23/Deepfakes/148_133.mp4,1,FAKE,Deepfakes,148
149_152,/Users/nihaldastagiri/Desktop/Major Project/FaceForensics++_C23/Deepfakes/149_152.mp4,1,FAKE,Deepfakes,149
150_153,/Users/nihaldastagiri/Desktop/Major Project/FaceForensics++_C23/Deepfakes/150_153.mp4,1,FAKE,Deepfakes,150
151_225,/Users/nihaldastagiri/Desktop/Major Project/FaceForensics++_C23/Deepfakes/151_225.mp4,1,FAKE,Deepfakes,151
152_149,/Users/nihaldastagiri/Desktop/Major Project/FaceForensics++_C23/Deepfakes/152_149.mp4,1,FAKE,Deepfakes,152
153_150,/Users/nihaldastagiri/Desktop/Major Project/FaceForensics++_C23/Deepfakes/153_150.mp4,1,FAKE,Deepfakes,153
154_386,/Users/nihaldastagiri/Desktop/Major Project/FaceForensics++_C23/Deepfakes/154_386.mp4,1,FAKE,Deepfakes,154
155_576,/Users/nihaldastagiri/Desktop/Major Project/FaceForensics++_C23/Deepfakes/155_576.mp4,1,FAKE,Deepfakes,155
156_243,/Users/nihaldastagiri/Desktop/Major Project/FaceForensics++_C23/Deepfakes/156_243.mp4,1,FAKE,Deepfakes,156
157_245,/Users/nihaldastagiri/Desktop/Major Project/FaceForensics++_C23/Deepfakes/157_245.mp4,1,FAKE,Deepfakes,157
158_379,/Users/nihaldastagiri/Desktop/Major Project/FaceForensics++_C23/Deepfakes/158_379.mp4,1,FAKE,Deepfakes,158
159_175,/Users/nihaldastagiri/Desktop/Major Project/FaceForensics++_C23/Deepfakes/159_175.mp4,1,FAKE,Deepfakes,159
160_928,/Users/nihaldastagiri/Desktop/Major Project/FaceForensics++_C23/Deepfakes/160_928.mp4,1,FAKE,Deepfakes,160
161_141,/Users/nihaldastagiri/Desktop/Major Project/FaceForensics++_C23/Deepfakes/161_141.mp4,1,FAKE,Deepfakes,161
162_330,/Users/nihaldastagiri/Desktop/Major Project/FaceForensics++_C23/Deepfakes/162_330.mp4,1,FAKE,Deepfakes,162
163_031,/Users/nihaldastagiri/Desktop/Major Project/FaceForensics++_C23/Deepfakes/163_031.mp4,1,FAKE,Deepfakes,163
164_216,/Users/nihaldastagiri/Desktop/Major Project/FaceForensics++_C23/Deepfakes/164_216.mp4,1,FAKE,Deepfakes,164
165_137,/Users/nihaldastagiri/Desktop/Major Project/FaceForensics++_C23/Deepfakes/165_137.mp4,1,FAKE,Deepfakes,165
166_167,/Users/nihaldastagiri/Desktop/Major Project/FaceForensics++_C23/Deepfakes/166_167.mp4,1,FAKE,Deepfakes,166
167_166,/Users/nihaldastagiri/Desktop/Major Project/FaceForensics++_C23/Deepfakes/167_166.mp4,1,FAKE,Deepfakes,167
168_222,/Users/nihaldastagiri/Desktop/Major Project/FaceForensics++_C23/Deepfakes/168_222.mp4,1,FAKE,Deepfakes,168
169_227,/Users/nihaldastagiri/Desktop/Major Project/FaceForensics++_C23/Deepfakes/169_227.mp4,1,FAKE,Deepfakes,169
170_186,/Users/nihaldastagiri/Desktop/Major Project/FaceForensics++_C23/Deepfakes/170_186.mp4,1,FAKE,Deepfakes,170
171_173,/Users/nihaldastagiri/Desktop/Major Project/FaceForensics++_C23/Deepfakes/171_173.mp4,1,FAKE,Deepfakes,171
172_582,/Users/nihaldastagiri/Desktop/Major Project/FaceForensics++_C23/Deepfakes/172_582.mp4,1,FAKE,Deepfakes,172
173_171,/Users/nihaldastagiri/Desktop/Major Project/FaceForensics++_C23/Deepfakes/173_171.mp4,1,FAKE,Deepfakes,173
174_964,/Users/nihaldastagiri/Desktop/Major Project/FaceForensics++_C23/Deepfakes/174_964.mp4,1,FAKE,Deepfakes,174
175_159,/Users/nihaldastagiri/Desktop/Major Project/FaceForensics++_C23/Deepfakes/175_159.mp4,1,FAKE,Deepfakes,175
176_190,/Users/nihaldastagiri/Desktop/Major Project/FaceForensics++_C23/Deepfakes/176_190.mp4,1,FAKE,Deepfakes,176
177_211,/Users/nihaldastagiri/Desktop/Major Project/FaceForensics++_C23/Deepfakes/177_211.mp4,1,FAKE,Deepfakes,177
178_598,/Users/nihaldastagiri/Desktop/Major Project/FaceForensics++_C23/Deepfakes/178_598.mp4,1,FAKE,Deepfakes,178
179_212,/Users/nihaldastagiri/Desktop/Major Project/FaceForensics++_C23/Deepfakes/179_212.mp4,1,FAKE,Deepfakes,179
180_105,/Users/nihaldastagiri/Desktop/Major Project/FaceForensics++_C23/Deepfakes/180_105.mp4,1,FAKE,Deepfakes,180
181_199,/Users/nihaldastagiri/Desktop/Major Project/FaceForensics++_C23/Deepfakes/181_199.mp4,1,FAKE,Deepfakes,181
182_242,/Users/nihaldastagiri/Desktop/Major Project/FaceForensics++_C23/Deepfakes/182_242.mp4,1,FAKE,Deepfakes,182
183_253,/Users/nihaldastagiri/Desktop/Major Project/FaceForensics++_C23/Deepfakes/183_253.mp4,1,FAKE,Deepfakes,183
184_205,/Users/nihaldastagiri/Desktop/Major Project/FaceForensics++_C23/Deepfakes/184_205.mp4,1,FAKE,Deepfakes,184
185_276,/Users/nihaldastagiri/Desktop/Major Project/FaceForensics++_C23/Deepfakes/185_276.mp4,1,FAKE,Deepfakes,185
186_170,/Users/nihaldastagiri/Desktop/Major Project/FaceForensics++_C23/Deepfakes/186_170.mp4,1,FAKE,Deepfakes,186
187_234,/Users/nihaldastagiri/Desktop/Major Project/FaceForensics++_C23/Deepfakes/187_234.mp4,1,FAKE,Deepfakes,187
188_191,/Users/nihaldastagiri/Desktop/Major Project/FaceForensics++_C23/Deepfakes/188_191.mp4,1,FAKE,Deepfakes,188
189_200,/Users/nihaldastagiri/Desktop/Major Project/FaceForensics++_C23/Deepfakes/189_200.mp4,1,FAKE,Deepfakes,189
190_176,/Users/nihaldastagiri/Desktop/Major Project/FaceForensics++_C23/Deepfakes/190_176.mp4,1,FAKE,Deepfakes,190
191_188,/Users/nihaldastagiri/Desktop/Major Project/FaceForensics++_C23/Deepfakes/191_188.mp4,1,FAKE,Deepfakes,191
192_134,/Users/nihaldastagiri/Desktop/Major Project/FaceForensics++_C23/Deepfakes/192_134.mp4,1,FAKE,Deepfakes,192
193_030,/Users/nihaldastagiri/Desktop/Major Project/FaceForensics++_C23/Deepfakes/193_030.mp4,1,FAKE,Deepfakes,193
194_235,/Users/nihaldastagiri/Desktop/Major Project/FaceForensics++_C23/Deepfakes/194_235.mp4,1,FAKE,Deepfakes,194
195_442,/Users/nihaldastagiri/Desktop/Major Project/FaceForensics++_C23/Deepfakes/195_442.mp4,1,FAKE,Deepfakes,195
196_310,/Users/nihaldastagiri/Desktop/Major Project/FaceForensics++_C23/Deepfakes/196_310.mp4,1,FAKE,Deepfakes,196
197_224,/Users/nihaldastagiri/Desktop/Major Project/FaceForensics++_C23/Deepfakes/197_224.mp4,1,FAKE,Deepfakes,197
198_106,/Users/nihaldastagiri/Desktop/Major Project/FaceForensics++_C23/Deepfakes/198_106.mp4,1,FAKE,Deepfakes,198
199_181,/Users/nihaldastagiri/Desktop/Major Project/FaceForensics++_C23/Deepfakes/199_181.mp4,1,FAKE,Deepfakes,199
200_189,/Users/nihaldastagiri/Desktop/Major Project/FaceForensics++_C23/Deepfakes/200_189.mp4,1,FAKE,Deepfakes,200
201_203,/Users/nihaldastagiri/Desktop/Major Project/FaceForensics++_C23/Deepfakes/201_203.mp4,1,FAKE,Deepfakes,201
202_348,/Users/nihaldastagiri/Desktop/Major Project/FaceForensics++_C23/Deepfakes/202_348.mp4,1,FAKE,Deepfakes,202
203_201,/Users/nihaldastagiri/Desktop/Major Project/FaceForensics++_C23/Deepfakes/203_201.mp4,1,FAKE,Deepfakes,203
204_230,/Users/nihaldastagiri/Desktop/Major Project/FaceForensics++_C23/Deepfakes/204_230.mp4,1,FAKE,Deepfakes,204
205_184,/Users/nihaldastagiri/Desktop/Major Project/FaceForensics++_C23/Deepfakes/205_184.mp4,1,FAKE,Deepfakes,205
206_221,/Users/nihaldastagiri/Desktop/Major Project/FaceForensics++_C23/Deepfakes/206_221.mp4,1,FAKE,Deepfakes,206
207_908,/Users/nihaldastagiri/Desktop/Major Project/FaceForensics++_C23/Deepfakes/207_908.mp4,1,FAKE,Deepfakes,207
208_215,/Users/nihaldastagiri/Desktop/Major Project/FaceForensics++_C23/Deepfakes/208_215.mp4,1,FAKE,Deepfakes,208
209_016,/Users/nihaldastagiri/Desktop/Major Project/FaceForensics++_C23/Deepfakes/209_016.mp4,1,FAKE,Deepfakes,209
210_241,/Users/nihaldastagiri/Desktop/Major Project/FaceForensics++_C23/Deepfakes/210_241.mp4,1,FAKE,Deepfakes,210
211_177,/Users/nihaldastagiri/Desktop/Major Project/FaceForensics++_C23/Deepfakes/211_177.mp4,1,FAKE,Deepfakes,211
212_179,/Users/nihaldastagiri/Desktop/Major Project/FaceForensics++_C23/Deepfakes/212_179.mp4,1,FAKE,Deepfakes,212
213_083,/Users/nihaldastagiri/Desktop/Major Project/FaceForensics++_C23/Deepfakes/213_083.mp4,1,FAKE,Deepfakes,213
214_255,/Users/nihaldastagiri/Desktop/Major Project/FaceForensics++_C23/Deepfakes/214_255.mp4,1,FAKE,Deepfakes,214
215_208,/Users/nihaldastagiri/Desktop/Major Project/FaceForensics++_C23/Deepfakes/215_208.mp4,1,FAKE,Deepfakes,215
216_164,/Users/nihaldastagiri/Desktop/Major Project/FaceForensics++_C23/Deepfakes/216_164.mp4,1,FAKE,Deepfakes,216
217_117,/Users/nihaldastagiri/Desktop/Major Project/FaceForensics++_C23/Deepfakes/217_117.mp4,1,FAKE,Deepfakes,217
218_239,/Users/nihaldastagiri/Desktop/Major Project/FaceForensics++_C23/Deepfakes/218_239.mp4,1,FAKE,Deepfakes,218
219_220,/Users/nihaldastagiri/Desktop/Major Project/FaceForensics++_C23/Deepfakes/219_220.mp4,1,FAKE,Deepfakes,219
220_219,/Users/nihaldastagiri/Desktop/Major Project/FaceForensics++_C23/Deepfakes/220_219.mp4,1,FAKE,Deepfakes,220
221_206,/Users/nihaldastagiri/Desktop/Major Project/FaceForensics++_C23/Deepfakes/221_206.mp4,1,FAKE,Deepfakes,221
222_168,/Users/nihaldastagiri/Desktop/Major Project/FaceForensics++_C23/Deepfakes/222_168.mp4,1,FAKE,Deepfakes,222
223_586,/Users/nihaldastagiri/Desktop/Major Project/FaceForensics++_C23/Deepfakes/223_586.mp4,1,FAKE,Deepfakes,223
224_197,/Users/nihaldastagiri/Desktop/Major Project/FaceForensics++_C23/Deepfakes/224_197.mp4,1,FAKE,Deepfakes,224
225_151,/Users/nihaldastagiri/Desktop/Major Project/FaceForensics++_C23/Deepfakes/225_151.mp4,1,FAKE,Deepfakes,225
226_491,/Users/nihaldastagiri/Desktop/Major Project/FaceForensics++_C23/Deepfakes/226_491.mp4,1,FAKE,Deepfakes,226
227_169,/Users/nihaldastagiri/Desktop/Major Project/FaceForensics++_C23/Deepfakes/227_169.mp4,1,FAKE,Deepfakes,227
228_289,/Users/nihaldastagiri/Desktop/Major Project/FaceForensics++_C23/Deepfakes/228_289.mp4,1,FAKE,Deepfakes,228
229_247,/Users/nihaldastagiri/Desktop/Major Project/FaceForensics++_C23/Deepfakes/229_247.mp4,1,FAKE,Deepfakes,229
230_204,/Users/nihaldastagiri/Desktop/Major Project/FaceForensics++_C23/Deepfakes/230_204.mp4,1,FAKE,Deepfakes,230
231_663,/Users/nihaldastagiri/Desktop/Major Project/FaceForensics++_C23/Deepfakes/231_663.mp4,1,FAKE,Deepfakes,231
232_248,/Users/nihaldastagiri/Desktop/Major Project/FaceForensics++_C23/Deepfakes/232_248.mp4,1,FAKE,Deepfakes,232
233_995,/Users/nihaldastagiri/Desktop/Major Project/FaceForensics++_C23/Deepfakes/233_995.mp4,1,FAKE,Deepfakes,233
234_187,/Users/nihaldastagiri/Desktop/Major Project/FaceForensics++_C23/Deepfakes/234_187.mp4,1,FAKE,Deepfakes,234
235_194,/Users/nihaldastagiri/Desktop/Major Project/FaceForensics++_C23/Deepfakes/235_194.mp4,1,FAKE,Deepfakes,235
236_237,/Users/nihaldastagiri/Desktop/Major Project/FaceForensics++_C23/Deepfakes/236_237.mp4,1,FAKE,Deepfakes,236
237_236,/Users/nihaldastagiri/Desktop/Major Project/FaceForensics++_C23/Deepfakes/237_236.mp4,1,FAKE,Deepfakes,237
238_282,/Users/nihaldastagiri/Desktop/Major Project/FaceForensics++_C23/Deepfakes/238_282.mp4,1,FAKE,Deepfakes,238
239_218,/Users/nihaldastagiri/Desktop/Major Project/FaceForensics++_C23/Deepfakes/239_218.mp4,1,FAKE,Deepfakes,239
240_290,/Users/nihaldastagiri/Desktop/Major Project/FaceForensics++_C23/Deepfakes/240_290.mp4,1,FAKE,Deepfakes,240
241_210,/Users/nihaldastagiri/Desktop/Major Project/FaceForensics++_C23/Deepfakes/241_210.mp4,1,FAKE,Deepfakes,241
242_182,/Users/nihaldastagiri/Desktop/Major Project/FaceForensics++_C23/Deepfakes/242_182.mp4,1,FAKE,Deepfakes,242
243_156,/Users/nihaldastagiri/Desktop/Major Project/FaceForensics++_C23/Deepfakes/243_156.mp4,1,FAKE,Deepfakes,243
244_822,/Users/nihaldastagiri/Desktop/Major Project/FaceForensics++_C23/Deepfakes/244_822.mp4,1,FAKE,Deepfakes,244
245_157,/Users/nihaldastagiri/Desktop/Major Project/FaceForensics++_C23/Deepfakes/245_157.mp4,1,FAKE,Deepfakes,245
246_258,/Users/nihaldastagiri/Desktop/Major Project/FaceForensics++_C23/Deepfakes/246_258.mp4,1,FAKE,Deepfakes,246
247_229,/Users/nihaldastagiri/Desktop/Major Project/FaceForensics++_C23/Deepfakes/247_229.mp4,1,FAKE,Deepfakes,247
248_232,/Users/nihaldastagiri/Desktop/Major Project/FaceForensics++_C23/Deepfakes/248_232.mp4,1,FAKE,Deepfakes,248
249_280,/Users/nihaldastagiri/Desktop/Major Project/FaceForensics++_C23/Deepfakes/249_280.mp4,1,FAKE,Deepfakes,249
250_461,/Users/nihaldastagiri/Desktop/Major Project/FaceForensics++_C23/Deepfakes/250_461.mp4,1,FAKE,Deepfakes,250
251_375,/Users/nihaldastagiri/Desktop/Major Project/FaceForensics++_C23/Deepfakes/251_375.mp4,1,FAKE,Deepfakes,251
252_266,/Users/nihaldastagiri/Desktop/Major Project/FaceForensics++_C23/Deepfakes/252_266.mp4,1,FAKE,Deepfakes,252
253_183,/Users/nihaldastagiri/Desktop/Major Project/FaceForensics++_C23/Deepfakes/253_183.mp4,1,FAKE,Deepfakes,253
254_261,/Users/nihaldastagiri/Desktop/Major Project/FaceForensics++_C23/Deepfakes/254_261.mp4,1,FAKE,Deepfakes,254
255_214,/Users/nihaldastagiri/Desktop/Major Project/FaceForensics++_C23/Deepfakes/255_214.mp4,1,FAKE,Deepfakes,255
256_146,/Users/nihaldastagiri/Desktop/Major Project/FaceForensics++_C23/Deepfakes/256_146.mp4,1,FAKE,Deepfakes,256
257_420,/Users/nihaldastagiri/Desktop/Major Project/FaceForensics++_C23/Deepfakes/257_420.mp4,1,FAKE,Deepfakes,257
258_246,/Users/nihaldastagiri/Desktop/Major Project/FaceForensics++_C23/Deepfakes/258_246.mp4,1,FAKE,Deepfakes,258
259_345,/Users/nihaldastagiri/Desktop/Major Project/FaceForensics++_C23/Deepfakes/259_345.mp4,1,FAKE,Deepfakes,259
260_331,/Users/nihaldastagiri/Desktop/Major Project/FaceForensics++_C23/Deepfakes/260_331.mp4,1,FAKE,Deepfakes,260
261_254,/Users/nihaldastagiri/Desktop/Major Project/FaceForensics++_C23/Deepfakes/261_254.mp4,1,FAKE,Deepfakes,261
262_301,/Users/nihaldastagiri/Desktop/Major Project/FaceForensics++_C23/Deepfakes/262_301.mp4,1,FAKE,Deepfakes,262
263_284,/Users/nihaldastagiri/Desktop/Major Project/FaceForensics++_C23/Deepfakes/263_284.mp4,1,FAKE,Deepfakes,263
264_271,/Users/nihaldastagiri/Desktop/Major Project/FaceForensics++_C23/Deepfakes/264_271.mp4,1,FAKE,Deepfakes,264
265_475,/Users/nihaldastagiri/Desktop/Major Project/FaceForensics++_C23/Deepfakes/265_475.mp4,1,FAKE,Deepfakes,265
266_252,/Users/nihaldastagiri/Desktop/Major Project/FaceForensics++_C23/Deepfakes/266_252.mp4,1,FAKE,Deepfakes,266
267_286,/Users/nihaldastagiri/Desktop/Major Project/FaceForensics++_C23/Deepfakes/267_286.mp4,1,FAKE,Deepfakes,267
268_269,/Users/nihaldastagiri/Desktop/Major Project/FaceForensics++_C23/Deepfakes/268_269.mp4,1,FAKE,Deepfakes,268
269_268,/Users/nihaldastagiri/Desktop/Major Project/FaceForensics++_C23/Deepfakes/269_268.mp4,1,FAKE,Deepfakes,269
270_297,/Users/nihaldastagiri/Desktop/Major Project/FaceForensics++_C23/Deepfakes/270_297.mp4,1,FAKE,Deepfakes,270
271_264,/Users/nihaldastagiri/Desktop/Major Project/FaceForensics++_C23/Deepfakes/271_264.mp4,1,FAKE,Deepfakes,271
272_396,/Users/nihaldastagiri/Desktop/Major Project/FaceForensics++_C23/Deepfakes/272_396.mp4,1,FAKE,Deepfakes,272
273_807,/Users/nihaldastagiri/Desktop/Major Project/FaceForensics++_C23/Deepfakes/273_807.mp4,1,FAKE,Deepfakes,273
274_412,/Users/nihaldastagiri/Desktop/Major Project/FaceForensics++_C23/Deepfakes/274_412.mp4,1,FAKE,Deepfakes,274
275_887,/Users/nihaldastagiri/Desktop/Major Project/FaceForensics++_C23/Deepfakes/275_887.mp4,1,FAKE,Deepfakes,275
276_185,/Users/nihaldastagiri/Desktop/Major Project/FaceForensics++_C23/Deepfakes/276_185.mp4,1,FAKE,Deepfakes,276
277_335,/Users/nihaldastagiri/Desktop/Major Project/FaceForensics++_C23/Deepfakes/277_335.mp4,1,FAKE,Deepfakes,277
278_306,/Users/nihaldastagiri/Desktop/Major Project/FaceForensics++_C23/Deepfakes/278_306.mp4,1,FAKE,Deepfakes,278
279_298,/Users/nihaldastagiri/Desktop/Major Project/FaceForensics++_C23/Deepfakes/279_298.mp4,1,FAKE,Deepfakes,279
280_249,/Users/nihaldastagiri/Desktop/Major Project/FaceForensics++_C23/Deepfakes/280_249.mp4,1,FAKE,Deepfakes,280
281_474,/Users/nihaldastagiri/Desktop/Major Project/FaceForensics++_C23/Deepfakes/281_474.mp4,1,FAKE,Deepfakes,281
282_238,/Users/nihaldastagiri/Desktop/Major Project/FaceForensics++_C23/Deepfakes/282_238.mp4,1,FAKE,Deepfakes,282
283_313,/Users/nihaldastagiri/Desktop/Major Project/FaceForensics++_C23/Deepfakes/283_313.mp4,1,FAKE,Deepfakes,283
284_263,/Users/nihaldastagiri/Desktop/Major Project/FaceForensics++_C23/Deepfakes/284_263.mp4,1,FAKE,Deepfakes,284
285_136,/Users/nihaldastagiri/Desktop/Major Project/FaceForensics++_C23/Deepfakes/285_136.mp4,1,FAKE,Deepfakes,285
286_267,/Users/nihaldastagiri/Desktop/Major Project/FaceForensics++_C23/Deepfakes/286_267.mp4,1,FAKE,Deepfakes,286
287_426,/Users/nihaldastagiri/Desktop/Major Project/FaceForensics++_C23/Deepfakes/287_426.mp4,1,FAKE,Deepfakes,287
288_321,/Users/nihaldastagiri/Desktop/Major Project/FaceForensics++_C23/Deepfakes/288_321.mp4,1,FAKE,Deepfakes,288
289_228,/Users/nihaldastagiri/Desktop/Major Project/FaceForensics++_C23/Deepfakes/289_228.mp4,1,FAKE,Deepfakes,289
290_240,/Users/nihaldastagiri/Desktop/Major Project/FaceForensics++_C23/Deepfakes/290_240.mp4,1,FAKE,Deepfakes,290
291_874,/Users/nihaldastagiri/Desktop/Major Project/FaceForensics++_C23/Deepfakes/291_874.mp4,1,FAKE,Deepfakes,291
292_294,/Users/nihaldastagiri/Desktop/Major Project/FaceForensics++_C23/Deepfakes/292_294.mp4,1,FAKE,Deepfakes,292
293_296,/Users/nihaldastagiri/Desktop/Major Project/FaceForensics++_C23/Deepfakes/293_296.mp4,1,FAKE,Deepfakes,293
294_292,/Users/nihaldastagiri/Desktop/Major Project/FaceForensics++_C23/Deepfakes/294_292.mp4,1,FAKE,Deepfakes,294
295_099,/Users/nihaldastagiri/Desktop/Major Project/FaceForensics++_C23/Deepfakes/295_099.mp4,1,FAKE,Deepfakes,295
296_293,/Users/nihaldastagiri/Desktop/Major Project/FaceForensics++_C23/Deepfakes/296_293.mp4,1,FAKE,Deepfakes,296
297_270,/Users/nihaldastagiri/Desktop/Major Project/FaceForensics++_C23/Deepfakes/297_270.mp4,1,FAKE,Deepfakes,297
298_279,/Users/nihaldastagiri/Desktop/Major Project/FaceForensics++_C23/Deepfakes/298_279.mp4,1,FAKE,Deepfakes,298
299_145,/Users/nihaldastagiri/Desktop/Major Project/FaceForensics++_C23/Deepfakes/299_145.mp4,1,FAKE,Deepfakes,299
300_304,/Users/nihaldastagiri/Desktop/Major Project/FaceForensics++_C23/Deepfakes/300_304.mp4,1,FAKE,Deepfakes,300
301_262,/Users/nihaldastagiri/Desktop/Major Project/FaceForensics++_C23/Deepfakes/301_262.mp4,1,FAKE,Deepfakes,301
302_323,/Users/nihaldastagiri/Desktop/Major Project/FaceForensics++_C23/Deepfakes/302_323.mp4,1,FAKE,Deepfakes,302
303_309,/Users/nihaldastagiri/Desktop/Major Project/FaceForensics++_C23/Deepfakes/303_309.mp4,1,FAKE,Deepfakes,303
304_300,/Users/nihaldastagiri/Desktop/Major Project/FaceForensics++_C23/Deepfakes/304_300.mp4,1,FAKE,Deepfakes,304
305_513,/Users/nihaldastagiri/Desktop/Major Project/FaceForensics++_C23/Deepfakes/305_513.mp4,1,FAKE,Deepfakes,305
306_278,/Users/nihaldastagiri/Desktop/Major Project/FaceForensics++_C23/Deepfakes/306_278.mp4,1,FAKE,Deepfakes,306
307_365,/Users/nihaldastagiri/Desktop/Major Project/FaceForensics++_C23/Deepfakes/307_365.mp4,1,FAKE,Deepfakes,307
308_388,/Users/nihaldastagiri/Desktop/Major Project/FaceForensics++_C23/Deepfakes/308_388.mp4,1,FAKE,Deepfakes,308
309_303,/Users/nihaldastagiri/Desktop/Major Project/FaceForensics++_C23/Deepfakes/309_303.mp4,1,FAKE,Deepfakes,309
310_196,/Users/nihaldastagiri/Desktop/Major Project/FaceForensics++_C23/Deepfakes/310_196.mp4,1,FAKE,Deepfakes,310
311_387,/Users/nihaldastagiri/Desktop/Major Project/FaceForensics++_C23/Deepfakes/311_387.mp4,1,FAKE,Deepfakes,311
312_021,/Users/nihaldastagiri/Desktop/Major Project/FaceForensics++_C23/Deepfakes/312_021.mp4,1,FAKE,Deepfakes,312
313_283,/Users/nihaldastagiri/Desktop/Major Project/FaceForensics++_C23/Deepfakes/313_283.mp4,1,FAKE,Deepfakes,313
314_347,/Users/nihaldastagiri/Desktop/Major Project/FaceForensics++_C23/Deepfakes/314_347.mp4,1,FAKE,Deepfakes,314
315_322,/Users/nihaldastagiri/Desktop/Major Project/FaceForensics++_C23/Deepfakes/315_322.mp4,1,FAKE,Deepfakes,315
316_369,/Users/nihaldastagiri/Desktop/Major Project/FaceForensics++_C23/Deepfakes/316_369.mp4,1,FAKE,Deepfakes,316
317_359,/Users/nihaldastagiri/Desktop/Major Project/FaceForensics++_C23/Deepfakes/317_359.mp4,1,FAKE,Deepfakes,317
318_334,/Users/nihaldastagiri/Desktop/Major Project/FaceForensics++_C23/Deepfakes/318_334.mp4,1,FAKE,Deepfakes,318
319_352,/Users/nihaldastagiri/Desktop/Major Project/FaceForensics++_C23/Deepfakes/319_352.mp4,1,FAKE,Deepfakes,319
320_328,/Users/nihaldastagiri/Desktop/Major Project/FaceForensics++_C23/Deepfakes/320_328.mp4,1,FAKE,Deepfakes,320
321_288,/Users/nihaldastagiri/Desktop/Major Project/FaceForensics++_C23/Deepfakes/321_288.mp4,1,FAKE,Deepfakes,321
322_315,/Users/nihaldastagiri/Desktop/Major Project/FaceForensics++_C23/Deepfakes/322_315.mp4,1,FAKE,Deepfakes,322
323_302,/Users/nihaldastagiri/Desktop/Major Project/FaceForensics++_C23/Deepfakes/323_302.mp4,1,FAKE,Deepfakes,323
324_356,/Users/nihaldastagiri/Desktop/Major Project/FaceForensics++_C23/Deepfakes/324_356.mp4,1,FAKE,Deepfakes,324
325_492,/Users/nihaldastagiri/Desktop/Major Project/FaceForensics++_C23/Deepfakes/325_492.mp4,1,FAKE,Deepfakes,325
326_501,/Users/nihaldastagiri/Desktop/Major Project/FaceForensics++_C23/Deepfakes/326_501.mp4,1,FAKE,Deepfakes,326
327_329,/Users/nihaldastagiri/Desktop/Major Project/FaceForensics++_C23/Deepfakes/327_329.mp4,1,FAKE,Deepfakes,327
328_320,/Users/nihaldastagiri/Desktop/Major Project/FaceForensics++_C23/Deepfakes/328_320.mp4,1,FAKE,Deepfakes,328
329_327,/Users/nihaldastagiri/Desktop/Major Project/FaceForensics++_C23/Deepfakes/329_327.mp4,1,FAKE,Deepfakes,329
330_162,/Users/nihaldastagiri/Desktop/Major Project/FaceForensics++_C23/Deepfakes/330_162.mp4,1,FAKE,Deepfakes,330
331_260,/Users/nihaldastagiri/Desktop/Major Project/FaceForensics++_C23/Deepfakes/331_260.mp4,1,FAKE,Deepfakes,331
332_051,/Users/nihaldastagiri/Desktop/Major Project/FaceForensics++_C23/Deepfakes/332_051.mp4,1,FAKE,Deepfakes,332
333_377,/Users/nihaldastagiri/Desktop/Major Project/FaceForensics++_C23/Deepfakes/333_377.mp4,1,FAKE,Deepfakes,333
334_318,/Users/nihaldastagiri/Desktop/Major Project/FaceForensics++_C23/Deepfakes/334_318.mp4,1,FAKE,Deepfakes,334
335_277,/Users/nihaldastagiri/Desktop/Major Project/FaceForensics++_C23/Deepfakes/335_277.mp4,1,FAKE,Deepfakes,335
336_338,/Users/nihaldastagiri/Desktop/Major Project/FaceForensics++_C23/Deepfakes/336_338.mp4,1,FAKE,Deepfakes,336
337_522,/Users/nihaldastagiri/Desktop/Major Project/FaceForensics++_C23/Deepfakes/337_522.mp4,1,FAKE,Deepfakes,337
338_336,/Users/nihaldastagiri/Desktop/Major Project/FaceForensics++_C23/Deepfakes/338_336.mp4,1,FAKE,Deepfakes,338
339_392,/Users/nihaldastagiri/Desktop/Major Project/FaceForensics++_C23/Deepfakes/339_392.mp4,1,FAKE,Deepfakes,339
340_341,/Users/nihaldastagiri/Desktop/Major Project/FaceForensics++_C23/Deepfakes/340_341.mp4,1,FAKE,Deepfakes,340
341_340,/Users/nihaldastagiri/Desktop/Major Project/FaceForensics++_C23/Deepfakes/341_340.mp4,1,FAKE,Deepfakes,341
342_416,/Users/nihaldastagiri/Desktop/Major Project/FaceForensics++_C23/Deepfakes/342_416.mp4,1,FAKE,Deepfakes,342
343_363,/Users/nihaldastagiri/Desktop/Major Project/FaceForensics++_C23/Deepfakes/343_363.mp4,1,FAKE,Deepfakes,343
344_020,/Users/nihaldastagiri/Desktop/Major Project/FaceForensics++_C23/Deepfakes/344_020.mp4,1,FAKE,Deepfakes,344
345_259,/Users/nihaldastagiri/Desktop/Major Project/FaceForensics++_C23/Deepfakes/345_259.mp4,1,FAKE,Deepfakes,345
346_351,/Users/nihaldastagiri/Desktop/Major Project/FaceForensics++_C23/Deepfakes/346_351.mp4,1,FAKE,Deepfakes,346
347_314,/Users/nihaldastagiri/Desktop/Major Project/FaceForensics++_C23/Deepfakes/347_314.mp4,1,FAKE,Deepfakes,347
348_202,/Users/nihaldastagiri/Desktop/Major Project/FaceForensics++_C23/Deepfakes/348_202.mp4,1,FAKE,Deepfakes,348
349_350,/Users/nihaldastagiri/Desktop/Major Project/FaceForensics++_C23/Deepfakes/349_350.mp4,1,FAKE,Deepfakes,349
350_349,/Users/nihaldastagiri/Desktop/Major Project/FaceForensics++_C23/Deepfakes/350_349.mp4,1,FAKE,Deepfakes,350
351_346,/Users/nihaldastagiri/Desktop/Major Project/FaceForensics++_C23/Deepfakes/351_346.mp4,1,FAKE,Deepfakes,351
352_319,/Users/nihaldastagiri/Desktop/Major Project/FaceForensics++_C23/Deepfakes/352_319.mp4,1,FAKE,Deepfakes,352
353_383,/Users/nihaldastagiri/Desktop/Major Project/FaceForensics++_C23/Deepfakes/353_383.mp4,1,FAKE,Deepfakes,353
354_362,/Users/nihaldastagiri/Desktop/Major Project/FaceForensics++_C23/Deepfakes/354_362.mp4,1,FAKE,Deepfakes,354
355_748,/Users/nihaldastagiri/Desktop/Major Project/FaceForensics++_C23/Deepfakes/355_748.mp4,1,FAKE,Deepfakes,355
356_324,/Users/nihaldastagiri/Desktop/Major Project/FaceForensics++_C23/Deepfakes/356_324.mp4,1,FAKE,Deepfakes,356
357_432,/Users/nihaldastagiri/Desktop/Major Project/FaceForensics++_C23/Deepfakes/357_432.mp4,1,FAKE,Deepfakes,357
358_380,/Users/nihaldastagiri/Desktop/Major Project/FaceForensics++_C23/Deepfakes/358_380.mp4,1,FAKE,Deepfakes,358
359_317,/Users/nihaldastagiri/Desktop/Major Project/FaceForensics++_C23/Deepfakes/359_317.mp4,1,FAKE,Deepfakes,359
360_437,/Users/nihaldastagiri/Desktop/Major Project/FaceForensics++_C23/Deepfakes/360_437.mp4,1,FAKE,Deepfakes,360
361_448,/Users/nihaldastagiri/Desktop/Major Project/FaceForensics++_C23/Deepfakes/361_448.mp4,1,FAKE,Deepfakes,361
362_354,/Users/nihaldastagiri/Desktop/Major Project/FaceForensics++_C23/Deepfakes/362_354.mp4,1,FAKE,Deepfakes,362
363_343,/Users/nihaldastagiri/Desktop/Major Project/FaceForensics++_C23/Deepfakes/363_343.mp4,1,FAKE,Deepfakes,363
364_440,/Users/nihaldastagiri/Desktop/Major Project/FaceForensics++_C23/Deepfakes/364_440.mp4,1,FAKE,Deepfakes,364
365_307,/Users/nihaldastagiri/Desktop/Major Project/FaceForensics++_C23/Deepfakes/365_307.mp4,1,FAKE,Deepfakes,365
366_473,/Users/nihaldastagiri/Desktop/Major Project/FaceForensics++_C23/Deepfakes/366_473.mp4,1,FAKE,Deepfakes,366
367_371,/Users/nihaldastagiri/Desktop/Major Project/FaceForensics++_C23/Deepfakes/367_371.mp4,1,FAKE,Deepfakes,367
368_378,/Users/nihaldastagiri/Desktop/Major Project/FaceForensics++_C23/Deepfakes/368_378.mp4,1,FAKE,Deepfakes,368
369_316,/Users/nihaldastagiri/Desktop/Major Project/FaceForensics++_C23/Deepfakes/369_316.mp4,1,FAKE,Deepfakes,369
370_483,/Users/nihaldastagiri/Desktop/Major Project/FaceForensics++_C23/Deepfakes/370_483.mp4,1,FAKE,Deepfakes,370
371_367,/Users/nihaldastagiri/Desktop/Major Project/FaceForensics++_C23/Deepfakes/371_367.mp4,1,FAKE,Deepfakes,371
372_413,/Users/nihaldastagiri/Desktop/Major Project/FaceForensics++_C23/Deepfakes/372_413.mp4,1,FAKE,Deepfakes,372
373_394,/Users/nihaldastagiri/Desktop/Major Project/FaceForensics++_C23/Deepfakes/373_394.mp4,1,FAKE,Deepfakes,373
374_407,/Users/nihaldastagiri/Desktop/Major Project/FaceForensics++_C23/Deepfakes/374_407.mp4,1,FAKE,Deepfakes,374
375_251,/Users/nihaldastagiri/Desktop/Major Project/FaceForensics++_C23/Deepfakes/375_251.mp4,1,FAKE,Deepfakes,375
376_381,/Users/nihaldastagiri/Desktop/Major Project/FaceForensics++_C23/Deepfakes/376_381.mp4,1,FAKE,Deepfakes,376
377_333,/Users/nihaldastagiri/Desktop/Major Project/FaceForensics++_C23/Deepfakes/377_333.mp4,1,FAKE,Deepfakes,377
378_368,/Users/nihaldastagiri/Desktop/Major Project/FaceForensics++_C23/Deepfakes/378_368.mp4,1,FAKE,Deepfakes,378
379_158,/Users/nihaldastagiri/Desktop/Major Project/FaceForensics++_C23/Deepfakes/379_158.mp4,1,FAKE,Deepfakes,379
380_358,/Users/nihaldastagiri/Desktop/Major Project/FaceForensics++_C23/Deepfakes/380_358.mp4,1,FAKE,Deepfakes,380
381_376,/Users/nihaldastagiri/Desktop/Major Project/FaceForensics++_C23/Deepfakes/381_376.mp4,1,FAKE,Deepfakes,381
382_409,/Users/nihaldastagiri/Desktop/Major Project/FaceForensics++_C23/Deepfakes/382_409.mp4,1,FAKE,Deepfakes,382
383_353,/Users/nihaldastagiri/Desktop/Major Project/FaceForensics++_C23/Deepfakes/383_353.mp4,1,FAKE,Deepfakes,383
384_932,/Users/nihaldastagiri/Desktop/Major Project/FaceForensics++_C23/Deepfakes/384_932.mp4,1,FAKE,Deepfakes,384
385_414,/Users/nihaldastagiri/Desktop/Major Project/FaceForensics++_C23/Deepfakes/385_414.mp4,1,FAKE,Deepfakes,385
386_154,/Users/nihaldastagiri/Desktop/Major Project/FaceForensics++_C23/Deepfakes/386_154.mp4,1,FAKE,Deepfakes,386
387_311,/Users/nihaldastagiri/Desktop/Major Project/FaceForensics++_C23/Deepfakes/387_311.mp4,1,FAKE,Deepfakes,387
388_308,/Users/nihaldastagiri/Desktop/Major Project/FaceForensics++_C23/Deepfakes/388_308.mp4,1,FAKE,Deepfakes,388
389_480,/Users/nihaldastagiri/Desktop/Major Project/FaceForensics++_C23/Deepfakes/389_480.mp4,1,FAKE,Deepfakes,389
390_709,/Users/nihaldastagiri/Desktop/Major Project/FaceForensics++_C23/Deepfakes/390_709.mp4,1,FAKE,Deepfakes,390
391_406,/Users/nihaldastagiri/Desktop/Major Project/FaceForensics++_C23/Deepfakes/391_406.mp4,1,FAKE,Deepfakes,391
392_339,/Users/nihaldastagiri/Desktop/Major Project/FaceForensics++_C23/Deepfakes/392_339.mp4,1,FAKE,Deepfakes,392
393_405,/Users/nihaldastagiri/Desktop/Major Project/FaceForensics++_C23/Deepfakes/393_405.mp4,1,FAKE,Deepfakes,393
394_373,/Users/nihaldastagiri/Desktop/Major Project/FaceForensics++_C23/Deepfakes/394_373.mp4,1,FAKE,Deepfakes,394
395_401,/Users/nihaldastagiri/Desktop/Major Project/FaceForensics++_C23/Deepfakes/395_401.mp4,1,FAKE,Deepfakes,395
396_272,/Users/nihaldastagiri/Desktop/Major Project/FaceForensics++_C23/Deepfakes/396_272.mp4,1,FAKE,Deepfakes,396
397_602,/Users/nihaldastagiri/Desktop/Major Project/FaceForensics++_C23/Deepfakes/397_602.mp4,1,FAKE,Deepfakes,397
398_457,/Users/nihaldastagiri/Desktop/Major Project/FaceForensics++_C23/Deepfakes/398_457.mp4,1,FAKE,Deepfakes,398
399_488,/Users/nihaldastagiri/Desktop/Major Project/FaceForensics++_C23/Deepfakes/399_488.mp4,1,FAKE,Deepfakes,399
400_476,/Users/nihaldastagiri/Desktop/Major Project/FaceForensics++_C23/Deepfakes/400_476.mp4,1,FAKE,Deepfakes,400
401_395,/Users/nihaldastagiri/Desktop/Major Project/FaceForensics++_C23/Deepfakes/401_395.mp4,1,FAKE,Deepfakes,401
402_453,/Users/nihaldastagiri/Desktop/Major Project/FaceForensics++_C23/Deepfakes/402_453.mp4,1,FAKE,Deepfakes,402
403_497,/Users/nihaldastagiri/Desktop/Major Project/FaceForensics++_C23/Deepfakes/403_497.mp4,1,FAKE,Deepfakes,403
404_429,/Users/nihaldastagiri/Desktop/Major Project/FaceForensics++_C23/Deepfakes/404_429.mp4,1,FAKE,Deepfakes,404
405_393,/Users/nihaldastagiri/Desktop/Major Project/FaceForensics++_C23/Deepfakes/405_393.mp4,1,FAKE,Deepfakes,405
406_391,/Users/nihaldastagiri/Desktop/Major Project/FaceForensics++_C23/Deepfakes/406_391.mp4,1,FAKE,Deepfakes,406
407_374,/Users/nihaldastagiri/Desktop/Major Project/FaceForensics++_C23/Deepfakes/407_374.mp4,1,FAKE,Deepfakes,407
408_424,/Users/nihaldastagiri/Desktop/Major Project/FaceForensics++_C23/Deepfakes/408_424.mp4,1,FAKE,Deepfakes,408
409_382,/Users/nihaldastagiri/Desktop/Major Project/FaceForensics++_C23/Deepfakes/409_382.mp4,1,FAKE,Deepfakes,409
410_411,/Users/nihaldastagiri/Desktop/Major Project/FaceForensics++_C23/Deepfakes/410_411.mp4,1,FAKE,Deepfakes,410
411_410,/Users/nihaldastagiri/Desktop/Major Project/FaceForensics++_C23/Deepfakes/411_410.mp4,1,FAKE,Deepfakes,411
412_274,/Users/nihaldastagiri/Desktop/Major Project/FaceForensics++_C23/Deepfakes/412_274.mp4,1,FAKE,Deepfakes,412
413_372,/Users/nihaldastagiri/Desktop/Major Project/FaceForensics++_C23/Deepfakes/413_372.mp4,1,FAKE,Deepfakes,413
414_385,/Users/nihaldastagiri/Desktop/Major Project/FaceForensics++_C23/Deepfakes/414_385.mp4,1,FAKE,Deepfakes,414
415_484,/Users/nihaldastagiri/Desktop/Major Project/FaceForensics++_C23/Deepfakes/415_484.mp4,1,FAKE,Deepfakes,415
416_342,/Users/nihaldastagiri/Desktop/Major Project/FaceForensics++_C23/Deepfakes/416_342.mp4,1,FAKE,Deepfakes,416
417_496,/Users/nihaldastagiri/Desktop/Major Project/FaceForensics++_C23/Deepfakes/417_496.mp4,1,FAKE,Deepfakes,417
418_507,/Users/nihaldastagiri/Desktop/Major Project/FaceForensics++_C23/Deepfakes/418_507.mp4,1,FAKE,Deepfakes,418
419_824,/Users/nihaldastagiri/Desktop/Major Project/FaceForensics++_C23/Deepfakes/419_824.mp4,1,FAKE,Deepfakes,419
420_257,/Users/nihaldastagiri/Desktop/Major Project/FaceForensics++_C23/Deepfakes/420_257.mp4,1,FAKE,Deepfakes,420
421_423,/Users/nihaldastagiri/Desktop/Major Project/FaceForensics++_C23/Deepfakes/421_423.mp4,1,FAKE,Deepfakes,421
422_695,/Users/nihaldastagiri/Desktop/Major Project/FaceForensics++_C23/Deepfakes/422_695.mp4,1,FAKE,Deepfakes,422
423_421,/Users/nihaldastagiri/Desktop/Major Project/FaceForensics++_C23/Deepfakes/423_421.mp4,1,FAKE,Deepfakes,423
424_408,/Users/nihaldastagiri/Desktop/Major Project/FaceForensics++_C23/Deepfakes/424_408.mp4,1,FAKE,Deepfakes,424
425_485,/Users/nihaldastagiri/Desktop/Major Project/FaceForensics++_C23/Deepfakes/425_485.mp4,1,FAKE,Deepfakes,425
426_287,/Users/nihaldastagiri/Desktop/Major Project/FaceForensics++_C23/Deepfakes/426_287.mp4,1,FAKE,Deepfakes,426
427_637,/Users/nihaldastagiri/Desktop/Major Project/FaceForensics++_C23/Deepfakes/427_637.mp4,1,FAKE,Deepfakes,427
428_466,/Users/nihaldastagiri/Desktop/Major Project/FaceForensics++_C23/Deepfakes/428_466.mp4,1,FAKE,Deepfakes,428
429_404,/Users/nihaldastagiri/Desktop/Major Project/FaceForensics++_C23/Deepfakes/429_404.mp4,1,FAKE,Deepfakes,429
430_459,/Users/nihaldastagiri/Desktop/Major Project/FaceForensics++_C23/Deepfakes/430_459.mp4,1,FAKE,Deepfakes,430
431_447,/Users/nihaldastagiri/Desktop/Major Project/FaceForensics++_C23/Deepfakes/431_447.mp4,1,FAKE,Deepfakes,431
432_357,/Users/nihaldastagiri/Desktop/Major Project/FaceForensics++_C23/Deepfakes/432_357.mp4,1,FAKE,Deepfakes,432
433_498,/Users/nihaldastagiri/Desktop/Major Project/FaceForensics++_C23/Deepfakes/433_498.mp4,1,FAKE,Deepfakes,433
434_438,/Users/nihaldastagiri/Desktop/Major Project/FaceForensics++_C23/Deepfakes/434_438.mp4,1,FAKE,Deepfakes,434
435_456,/Users/nihaldastagiri/Desktop/Major Project/FaceForensics++_C23/Deepfakes/435_456.mp4,1,FAKE,Deepfakes,435
436_526,/Users/nihaldastagiri/Desktop/Major Project/FaceForensics++_C23/Deepfakes/436_526.mp4,1,FAKE,Deepfakes,436
437_360,/Users/nihaldastagiri/Desktop/Major Project/FaceForensics++_C23/Deepfakes/437_360.mp4,1,FAKE,Deepfakes,437
438_434,/Users/nihaldastagiri/Desktop/Major Project/FaceForensics++_C23/Deepfakes/438_434.mp4,1,FAKE,Deepfakes,438
439_441,/Users/nihaldastagiri/Desktop/Major Project/FaceForensics++_C23/Deepfakes/439_441.mp4,1,FAKE,Deepfakes,439
440_364,/Users/nihaldastagiri/Desktop/Major Project/FaceForensics++_C23/Deepfakes/440_364.mp4,1,FAKE,Deepfakes,440
441_439,/Users/nihaldastagiri/Desktop/Major Project/FaceForensics++_C23/Deepfakes/441_439.mp4,1,FAKE,Deepfakes,441
442_195,/Users/nihaldastagiri/Desktop/Major Project/FaceForensics++_C23/Deepfakes/442_195.mp4,1,FAKE,Deepfakes,442
443_514,/Users/nihaldastagiri/Desktop/Major Project/FaceForensics++_C23/Deepfakes/443_514.mp4,1,FAKE,Deepfakes,443
444_655,/Users/nihaldastagiri/Desktop/Major Project/FaceForensics++_C23/Deepfakes/444_655.mp4,1,FAKE,Deepfakes,444
445_494,/Users/nihaldastagiri/Desktop/Major Project/FaceForensics++_C23/Deepfakes/445_494.mp4,1,FAKE,Deepfakes,445
446_667,/Users/nihaldastagiri/Desktop/Major Project/FaceForensics++_C23/Deepfakes/446_667.mp4,1,FAKE,Deepfakes,446
447_431,/Users/nihaldastagiri/Desktop/Major Project/FaceForensics++_C23/Deepfakes/447_431.mp4,1,FAKE,Deepfakes,447
448_361,/Users/nihaldastagiri/Desktop/Major Project/FaceForensics++_C23/Deepfakes/448_361.mp4,1,FAKE,Deepfakes,448
449_451,/Users/nihaldastagiri/Desktop/Major Project/FaceForensics++_C23/Deepfakes/449_451.mp4,1,FAKE,Deepfakes,449
450_533,/Users/nihaldastagiri/Desktop/Major Project/FaceForensics++_C23/Deepfakes/450_533.mp4,1,FAKE,Deepfakes,450
451_449,/Users/nihaldastagiri/Desktop/Major Project/FaceForensics++_C23/Deepfakes/451_449.mp4,1,FAKE,Deepfakes,451
452_550,/Users/nihaldastagiri/Desktop/Major Project/FaceForensics++_C23/Deepfakes/452_550.mp4,1,FAKE,Deepfakes,452
453_402,/Users/nihaldastagiri/Desktop/Major Project/FaceForensics++_C23/Deepfakes/453_402.mp4,1,FAKE,Deepfakes,453
454_527,/Users/nihaldastagiri/Desktop/Major Project/FaceForensics++_C23/Deepfakes/454_527.mp4,1,FAKE,Deepfakes,454
455_471,/Users/nihaldastagiri/Desktop/Major Project/FaceForensics++_C23/Deepfakes/455_471.mp4,1,FAKE,Deepfakes,455
456_435,/Users/nihaldastagiri/Desktop/Major Project/FaceForensics++_C23/Deepfakes/456_435.mp4,1,FAKE,Deepfakes,456
457_398,/Users/nihaldastagiri/Desktop/Major Project/FaceForensics++_C23/Deepfakes/457_398.mp4,1,FAKE,Deepfakes,457
458_722,/Users/nihaldastagiri/Desktop/Major Project/FaceForensics++_C23/Deepfakes/458_722.mp4,1,FAKE,Deepfakes,458
459_430,/Users/nihaldastagiri/Desktop/Major Project/FaceForensics++_C23/Deepfakes/459_430.mp4,1,FAKE,Deepfakes,459
460_678,/Users/nihaldastagiri/Desktop/Major Project/FaceForensics++_C23/Deepfakes/460_678.mp4,1,FAKE,Deepfakes,460
461_250,/Users/nihaldastagiri/Desktop/Major Project/FaceForensics++_C23/Deepfakes/461_250.mp4,1,FAKE,Deepfakes,461
462_467,/Users/nihaldastagiri/Desktop/Major Project/FaceForensics++_C23/Deepfakes/462_467.mp4,1,FAKE,Deepfakes,462
463_464,/Users/nihaldastagiri/Desktop/Major Project/FaceForensics++_C23/Deepfakes/463_464.mp4,1,FAKE,Deepfakes,463
464_463,/Users/nihaldastagiri/Desktop/Major Project/FaceForensics++_C23/Deepfakes/464_463.mp4,1,FAKE,Deepfakes,464
465_482,/Users/nihaldastagiri/Desktop/Major Project/FaceForensics++_C23/Deepfakes/465_482.mp4,1,FAKE,Deepfakes,465
466_428,/Users/nihaldastagiri/Desktop/Major Project/FaceForensics++_C23/Deepfakes/466_428.mp4,1,FAKE,Deepfakes,466
467_462,/Users/nihaldastagiri/Desktop/Major Project/FaceForensics++_C23/Deepfakes/467_462.mp4,1,FAKE,Deepfakes,467
468_470,/Users/nihaldastagiri/Desktop/Major Project/FaceForensics++_C23/Deepfakes/468_470.mp4,1,FAKE,Deepfakes,468
469_481,/Users/nihaldastagiri/Desktop/Major Project/FaceForensics++_C23/Deepfakes/469_481.mp4,1,FAKE,Deepfakes,469
470_468,/Users/nihaldastagiri/Desktop/Major Project/FaceForensics++_C23/Deepfakes/470_468.mp4,1,FAKE,Deepfakes,470
471_455,/Users/nihaldastagiri/Desktop/Major Project/FaceForensics++_C23/Deepfakes/471_455.mp4,1,FAKE,Deepfakes,471
472_511,/Users/nihaldastagiri/Desktop/Major Project/FaceForensics++_C23/Deepfakes/472_511.mp4,1,FAKE,Deepfakes,472
473_366,/Users/nihaldastagiri/Desktop/Major Project/FaceForensics++_C23/Deepfakes/473_366.mp4,1,FAKE,Deepfakes,473
474_281,/Users/nihaldastagiri/Desktop/Major Project/FaceForensics++_C23/Deepfakes/474_281.mp4,1,FAKE,Deepfakes,474
475_265,/Users/nihaldastagiri/Desktop/Major Project/FaceForensics++_C23/Deepfakes/475_265.mp4,1,FAKE,Deepfakes,475
476_400,/Users/nihaldastagiri/Desktop/Major Project/FaceForensics++_C23/Deepfakes/476_400.mp4,1,FAKE,Deepfakes,476
477_487,/Users/nihaldastagiri/Desktop/Major Project/FaceForensics++_C23/Deepfakes/477_487.mp4,1,FAKE,Deepfakes,477
478_506,/Users/nihaldastagiri/Desktop/Major Project/FaceForensics++_C23/Deepfakes/478_506.mp4,1,FAKE,Deepfakes,478
479_706,/Users/nihaldastagiri/Desktop/Major Project/FaceForensics++_C23/Deepfakes/479_706.mp4,1,FAKE,Deepfakes,479
480_389,/Users/nihaldastagiri/Desktop/Major Project/FaceForensics++_C23/Deepfakes/480_389.mp4,1,FAKE,Deepfakes,480
481_469,/Users/nihaldastagiri/Desktop/Major Project/FaceForensics++_C23/Deepfakes/481_469.mp4,1,FAKE,Deepfakes,481
482_465,/Users/nihaldastagiri/Desktop/Major Project/FaceForensics++_C23/Deepfakes/482_465.mp4,1,FAKE,Deepfakes,482
483_370,/Users/nihaldastagiri/Desktop/Major Project/FaceForensics++_C23/Deepfakes/483_370.mp4,1,FAKE,Deepfakes,483
484_415,/Users/nihaldastagiri/Desktop/Major Project/FaceForensics++_C23/Deepfakes/484_415.mp4,1,FAKE,Deepfakes,484
485_425,/Users/nihaldastagiri/Desktop/Major Project/FaceForensics++_C23/Deepfakes/485_425.mp4,1,FAKE,Deepfakes,485
486_680,/Users/nihaldastagiri/Desktop/Major Project/FaceForensics++_C23/Deepfakes/486_680.mp4,1,FAKE,Deepfakes,486
487_477,/Users/nihaldastagiri/Desktop/Major Project/FaceForensics++_C23/Deepfakes/487_477.mp4,1,FAKE,Deepfakes,487
488_399,/Users/nihaldastagiri/Desktop/Major Project/FaceForensics++_C23/Deepfakes/488_399.mp4,1,FAKE,Deepfakes,488
489_022,/Users/nihaldastagiri/Desktop/Major Project/FaceForensics++_C23/Deepfakes/489_022.mp4,1,FAKE,Deepfakes,489
490_534,/Users/nihaldastagiri/Desktop/Major Project/FaceForensics++_C23/Deepfakes/490_534.mp4,1,FAKE,Deepfakes,490
491_226,/Users/nihaldastagiri/Desktop/Major Project/FaceForensics++_C23/Deepfakes/491_226.mp4,1,FAKE,Deepfakes,491
492_325,/Users/nihaldastagiri/Desktop/Major Project/FaceForensics++_C23/Deepfakes/492_325.mp4,1,FAKE,Deepfakes,492
493_538,/Users/nihaldastagiri/Desktop/Major Project/FaceForensics++_C23/Deepfakes/493_538.mp4,1,FAKE,Deepfakes,493
494_445,/Users/nihaldastagiri/Desktop/Major Project/FaceForensics++_C23/Deepfakes/494_445.mp4,1,FAKE,Deepfakes,494
495_512,/Users/nihaldastagiri/Desktop/Major Project/FaceForensics++_C23/Deepfakes/495_512.mp4,1,FAKE,Deepfakes,495
496_417,/Users/nihaldastagiri/Desktop/Major Project/FaceForensics++_C23/Deepfakes/496_417.mp4,1,FAKE,Deepfakes,496
497_403,/Users/nihaldastagiri/Desktop/Major Project/FaceForensics++_C23/Deepfakes/497_403.mp4,1,FAKE,Deepfakes,497
498_433,/Users/nihaldastagiri/Desktop/Major Project/FaceForensics++_C23/Deepfakes/498_433.mp4,1,FAKE,Deepfakes,498
499_539,/Users/nihaldastagiri/Desktop/Major Project/FaceForensics++_C23/Deepfakes/499_539.mp4,1,FAKE,Deepfakes,499
500_592,/Users/nihaldastagiri/Desktop/Major Project/FaceForensics++_C23/Deepfakes/500_592.mp4,1,FAKE,Deepfakes,500
501_326,/Users/nihaldastagiri/Desktop/Major Project/FaceForensics++_C23/Deepfakes/501_326.mp4,1,FAKE,Deepfakes,501
502_504,/Users/nihaldastagiri/Desktop/Major Project/FaceForensics++_C23/Deepfakes/502_504.mp4,1,FAKE,Deepfakes,502
503_756,/Users/nihaldastagiri/Desktop/Major Project/FaceForensics++_C23/Deepfakes/503_756.mp4,1,FAKE,Deepfakes,503
504_502,/Users/nihaldastagiri/Desktop/Major Project/FaceForensics++_C23/Deepfakes/504_502.mp4,1,FAKE,Deepfakes,504
505_600,/Users/nihaldastagiri/Desktop/Major Project/FaceForensics++_C23/Deepfakes/505_600.mp4,1,FAKE,Deepfakes,505
506_478,/Users/nihaldastagiri/Desktop/Major Project/FaceForensics++_C23/Deepfakes/506_478.mp4,1,FAKE,Deepfakes,506
507_418,/Users/nihaldastagiri/Desktop/Major Project/FaceForensics++_C23/Deepfakes/507_418.mp4,1,FAKE,Deepfakes,507
508_831,/Users/nihaldastagiri/Desktop/Major Project/FaceForensics++_C23/Deepfakes/508_831.mp4,1,FAKE,Deepfakes,508
509_525,/Users/nihaldastagiri/Desktop/Major Project/FaceForensics++_C23/Deepfakes/509_525.mp4,1,FAKE,Deepfakes,509
510_528,/Users/nihaldastagiri/Desktop/Major Project/FaceForensics++_C23/Deepfakes/510_528.mp4,1,FAKE,Deepfakes,510
511_472,/Users/nihaldastagiri/Desktop/Major Project/FaceForensics++_C23/Deepfakes/511_472.mp4,1,FAKE,Deepfakes,511
512_495,/Users/nihaldastagiri/Desktop/Major Project/FaceForensics++_C23/Deepfakes/512_495.mp4,1,FAKE,Deepfakes,512
513_305,/Users/nihaldastagiri/Desktop/Major Project/FaceForensics++_C23/Deepfakes/513_305.mp4,1,FAKE,Deepfakes,513
514_443,/Users/nihaldastagiri/Desktop/Major Project/FaceForensics++_C23/Deepfakes/514_443.mp4,1,FAKE,Deepfakes,514
515_519,/Users/nihaldastagiri/Desktop/Major Project/FaceForensics++_C23/Deepfakes/515_519.mp4,1,FAKE,Deepfakes,515
516_555,/Users/nihaldastagiri/Desktop/Major Project/FaceForensics++_C23/Deepfakes/516_555.mp4,1,FAKE,Deepfakes,516
517_521,/Users/nihaldastagiri/Desktop/Major Project/FaceForensics++_C23/Deepfakes/517_521.mp4,1,FAKE,Deepfakes,517
518_131,/Users/nihaldastagiri/Desktop/Major Project/FaceForensics++_C23/Deepfakes/518_131.mp4,1,FAKE,Deepfakes,518
519_515,/Users/nihaldastagiri/Desktop/Major Project/FaceForensics++_C23/Deepfakes/519_515.mp4,1,FAKE,Deepfakes,519
520_542,/Users/nihaldastagiri/Desktop/Major Project/FaceForensics++_C23/Deepfakes/520_542.mp4,1,FAKE,Deepfakes,520
521_517,/Users/nihaldastagiri/Desktop/Major Project/FaceForensics++_C23/Deepfakes/521_517.mp4,1,FAKE,Deepfakes,521
522_337,/Users/nihaldastagiri/Desktop/Major Project/FaceForensics++_C23/Deepfakes/522_337.mp4,1,FAKE,Deepfakes,522
523_541,/Users/nihaldastagiri/Desktop/Major Project/FaceForensics++_C23/Deepfakes/523_541.mp4,1,FAKE,Deepfakes,523
524_580,/Users/nihaldastagiri/Desktop/Major Project/FaceForensics++_C23/Deepfakes/524_580.mp4,1,FAKE,Deepfakes,524
525_509,/Users/nihaldastagiri/Desktop/Major Project/FaceForensics++_C23/Deepfakes/525_509.mp4,1,FAKE,Deepfakes,525
526_436,/Users/nihaldastagiri/Desktop/Major Project/FaceForensics++_C23/Deepfakes/526_436.mp4,1,FAKE,Deepfakes,526
527_454,/Users/nihaldastagiri/Desktop/Major Project/FaceForensics++_C23/Deepfakes/527_454.mp4,1,FAKE,Deepfakes,527
528_510,/Users/nihaldastagiri/Desktop/Major Project/FaceForensics++_C23/Deepfakes/528_510.mp4,1,FAKE,Deepfakes,528
529_633,/Users/nihaldastagiri/Desktop/Major Project/FaceForensics++_C23/Deepfakes/529_633.mp4,1,FAKE,Deepfakes,529
530_594,/Users/nihaldastagiri/Desktop/Major Project/FaceForensics++_C23/Deepfakes/530_594.mp4,1,FAKE,Deepfakes,530
531_549,/Users/nihaldastagiri/Desktop/Major Project/FaceForensics++_C23/Deepfakes/531_549.mp4,1,FAKE,Deepfakes,531
532_544,/Users/nihaldastagiri/Desktop/Major Project/FaceForensics++_C23/Deepfakes/532_544.mp4,1,FAKE,Deepfakes,532
533_450,/Users/nihaldastagiri/Desktop/Major Project/FaceForensics++_C23/Deepfakes/533_450.mp4,1,FAKE,Deepfakes,533
534_490,/Users/nihaldastagiri/Desktop/Major Project/FaceForensics++_C23/Deepfakes/534_490.mp4,1,FAKE,Deepfakes,534
535_587,/Users/nihaldastagiri/Desktop/Major Project/FaceForensics++_C23/Deepfakes/535_587.mp4,1,FAKE,Deepfakes,535
536_540,/Users/nihaldastagiri/Desktop/Major Project/FaceForensics++_C23/Deepfakes/536_540.mp4,1,FAKE,Deepfakes,536
537_563,/Users/nihaldastagiri/Desktop/Major Project/FaceForensics++_C23/Deepfakes/537_563.mp4,1,FAKE,Deepfakes,537
538_493,/Users/nihaldastagiri/Desktop/Major Project/FaceForensics++_C23/Deepfakes/538_493.mp4,1,FAKE,Deepfakes,538
539_499,/Users/nihaldastagiri/Desktop/Major Project/FaceForensics++_C23/Deepfakes/539_499.mp4,1,FAKE,Deepfakes,539
540_536,/Users/nihaldastagiri/Desktop/Major Project/FaceForensics++_C23/Deepfakes/540_536.mp4,1,FAKE,Deepfakes,540
541_523,/Users/nihaldastagiri/Desktop/Major Project/FaceForensics++_C23/Deepfakes/541_523.mp4,1,FAKE,Deepfakes,541
542_520,/Users/nihaldastagiri/Desktop/Major Project/FaceForensics++_C23/Deepfakes/542_520.mp4,1,FAKE,Deepfakes,542
543_559,/Users/nihaldastagiri/Desktop/Major Project/FaceForensics++_C23/Deepfakes/543_559.mp4,1,FAKE,Deepfakes,543
544_532,/Users/nihaldastagiri/Desktop/Major Project/FaceForensics++_C23/Deepfakes/544_532.mp4,1,FAKE,Deepfakes,544
545_553,/Users/nihaldastagiri/Desktop/Major Project/FaceForensics++_C23/Deepfakes/545_553.mp4,1,FAKE,Deepfakes,545
546_621,/Users/nihaldastagiri/Desktop/Major Project/FaceForensics++_C23/Deepfakes/546_621.mp4,1,FAKE,Deepfakes,546
547_574,/Users/nihaldastagiri/Desktop/Major Project/FaceForensics++_C23/Deepfakes/547_574.mp4,1,FAKE,Deepfakes,547
548_632,/Users/nihaldastagiri/Desktop/Major Project/FaceForensics++_C23/Deepfakes/548_632.mp4,1,FAKE,Deepfakes,548
549_531,/Users/nihaldastagiri/Desktop/Major Project/FaceForensics++_C23/Deepfakes/549_531.mp4,1,FAKE,Deepfakes,549
550_452,/Users/nihaldastagiri/Desktop/Major Project/FaceForensics++_C23/Deepfakes/550_452.mp4,1,FAKE,Deepfakes,550
551_631,/Users/nihaldastagiri/Desktop/Major Project/FaceForensics++_C23/Deepfakes/551_631.mp4,1,FAKE,Deepfakes,551
552_851,/Users/nihaldastagiri/Desktop/Major Project/FaceForensics++_C23/Deepfakes/552_851.mp4,1,FAKE,Deepfakes,552
553_545,/Users/nihaldastagiri/Desktop/Major Project/FaceForensics++_C23/Deepfakes/553_545.mp4,1,FAKE,Deepfakes,553
554_572,/Users/nihaldastagiri/Desktop/Major Project/FaceForensics++_C23/Deepfakes/554_572.mp4,1,FAKE,Deepfakes,554
555_516,/Users/nihaldastagiri/Desktop/Major Project/FaceForensics++_C23/Deepfakes/555_516.mp4,1,FAKE,Deepfakes,555
556_588,/Users/nihaldastagiri/Desktop/Major Project/FaceForensics++_C23/Deepfakes/556_588.mp4,1,FAKE,Deepfakes,556
557_560,/Users/nihaldastagiri/Desktop/Major Project/FaceForensics++_C23/Deepfakes/557_560.mp4,1,FAKE,Deepfakes,557
558_583,/Users/nihaldastagiri/Desktop/Major Project/FaceForensics++_C23/Deepfakes/558_583.mp4,1,FAKE,Deepfakes,558
559_543,/Users/nihaldastagiri/Desktop/Major Project/FaceForensics++_C23/Deepfakes/559_543.mp4,1,FAKE,Deepfakes,559
560_557,/Users/nihaldastagiri/Desktop/Major Project/FaceForensics++_C23/Deepfakes/560_557.mp4,1,FAKE,Deepfakes,560
561_998,/Users/nihaldastagiri/Desktop/Major Project/FaceForensics++_C23/Deepfakes/561_998.mp4,1,FAKE,Deepfakes,561
562_626,/Users/nihaldastagiri/Desktop/Major Project/FaceForensics++_C23/Deepfakes/562_626.mp4,1,FAKE,Deepfakes,562
563_537,/Users/nihaldastagiri/Desktop/Major Project/FaceForensics++_C23/Deepfakes/563_537.mp4,1,FAKE,Deepfakes,563
564_971,/Users/nihaldastagiri/Desktop/Major Project/FaceForensics++_C23/Deepfakes/564_971.mp4,1,FAKE,Deepfakes,564
565_589,/Users/nihaldastagiri/Desktop/Major Project/FaceForensics++_C23/Deepfakes/565_589.mp4,1,FAKE,Deepfakes,565
566_617,/Users/nihaldastagiri/Desktop/Major Project/FaceForensics++_C23/Deepfakes/566_617.mp4,1,FAKE,Deepfakes,566
567_606,/Users/nihaldastagiri/Desktop/Major Project/FaceForensics++_C23/Deepfakes/567_606.mp4,1,FAKE,Deepfakes,567
568_628,/Users/nihaldastagiri/Desktop/Major Project/FaceForensics++_C23/Deepfakes/568_628.mp4,1,FAKE,Deepfakes,568
569_921,/Users/nihaldastagiri/Desktop/Major Project/FaceForensics++_C23/Deepfakes/569_921.mp4,1,FAKE,Deepfakes,569
570_624,/Users/nihaldastagiri/Desktop/Major Project/FaceForensics++_C23/Deepfakes/570_624.mp4,1,FAKE,Deepfakes,570
571_746,/Users/nihaldastagiri/Desktop/Major Project/FaceForensics++_C23/Deepfakes/571_746.mp4,1,FAKE,Deepfakes,571
572_554,/Users/nihaldastagiri/Desktop/Major Project/FaceForensics++_C23/Deepfakes/572_554.mp4,1,FAKE,Deepfakes,572
573_757,/Users/nihaldastagiri/Desktop/Major Project/FaceForensics++_C23/Deepfakes/573_757.mp4,1,FAKE,Deepfakes,573
574_547,/Users/nihaldastagiri/Desktop/Major Project/FaceForensics++_C23/Deepfakes/574_547.mp4,1,FAKE,Deepfakes,574
575_603,/Users/nihaldastagiri/Desktop/Major Project/FaceForensics++_C23/Deepfakes/575_603.mp4,1,FAKE,Deepfakes,575
576_155,/Users/nihaldastagiri/Desktop/Major Project/FaceForensics++_C23/Deepfakes/576_155.mp4,1,FAKE,Deepfakes,576
577_593,/Users/nihaldastagiri/Desktop/Major Project/FaceForensics++_C23/Deepfakes/577_593.mp4,1,FAKE,Deepfakes,577
578_636,/Users/nihaldastagiri/Desktop/Major Project/FaceForensics++_C23/Deepfakes/578_636.mp4,1,FAKE,Deepfakes,578
579_701,/Users/nihaldastagiri/Desktop/Major Project/FaceForensics++_C23/Deepfakes/579_701.mp4,1,FAKE,Deepfakes,579
580_524,/Users/nihaldastagiri/Desktop/Major Project/FaceForensics++_C23/Deepfakes/580_524.mp4,1,FAKE,Deepfakes,580
581_697,/Users/nihaldastagiri/Desktop/Major Project/FaceForensics++_C23/Deepfakes/581_697.mp4,1,FAKE,Deepfakes,581
582_172,/Users/nihaldastagiri/Desktop/Major Project/FaceForensics++_C23/Deepfakes/582_172.mp4,1,FAKE,Deepfakes,582
583_558,/Users/nihaldastagiri/Desktop/Major Project/FaceForensics++_C23/Deepfakes/583_558.mp4,1,FAKE,Deepfakes,583
584_823,/Users/nihaldastagiri/Desktop/Major Project/FaceForensics++_C23/Deepfakes/584_823.mp4,1,FAKE,Deepfakes,584
585_599,/Users/nihaldastagiri/Desktop/Major Project/FaceForensics++_C23/Deepfakes/585_599.mp4,1,FAKE,Deepfakes,585
586_223,/Users/nihaldastagiri/Desktop/Major Project/FaceForensics++_C23/Deepfakes/586_223.mp4,1,FAKE,Deepfakes,586
587_535,/Users/nihaldastagiri/Desktop/Major Project/FaceForensics++_C23/Deepfakes/587_535.mp4,1,FAKE,Deepfakes,587
588_556,/Users/nihaldastagiri/Desktop/Major Project/FaceForensics++_C23/Deepfakes/588_556.mp4,1,FAKE,Deepfakes,588
589_565,/Users/nihaldastagiri/Desktop/Major Project/FaceForensics++_C23/Deepfakes/589_565.mp4,1,FAKE,Deepfakes,589
590_034,/Users/nihaldastagiri/Desktop/Major Project/FaceForensics++_C23/Deepfakes/590_034.mp4,1,FAKE,Deepfakes,590
591_605,/Users/nihaldastagiri/Desktop/Major Project/FaceForensics++_C23/Deepfakes/591_605.mp4,1,FAKE,Deepfakes,591
592_500,/Users/nihaldastagiri/Desktop/Major Project/FaceForensics++_C23/Deepfakes/592_500.mp4,1,FAKE,Deepfakes,592
593_577,/Users/nihaldastagiri/Desktop/Major Project/FaceForensics++_C23/Deepfakes/593_577.mp4,1,FAKE,Deepfakes,593
594_530,/Users/nihaldastagiri/Desktop/Major Project/FaceForensics++_C23/Deepfakes/594_530.mp4,1,FAKE,Deepfakes,594
595_597,/Users/nihaldastagiri/Desktop/Major Project/FaceForensics++_C23/Deepfakes/595_597.mp4,1,FAKE,Deepfakes,595
596_609,/Users/nihaldastagiri/Desktop/Major Project/FaceForensics++_C23/Deepfakes/596_609.mp4,1,FAKE,Deepfakes,596
597_595,/Users/nihaldastagiri/Desktop/Major Project/FaceForensics++_C23/Deepfakes/597_595.mp4,1,FAKE,Deepfakes,597
598_178,/Users/nihaldastagiri/Desktop/Major Project/FaceForensics++_C23/Deepfakes/598_178.mp4,1,FAKE,Deepfakes,598
599_585,/Users/nihaldastagiri/Desktop/Major Project/FaceForensics++_C23/Deepfakes/599_585.mp4,1,FAKE,Deepfakes,599
600_505,/Users/nihaldastagiri/Desktop/Major Project/FaceForensics++_C23/Deepfakes/600_505.mp4,1,FAKE,Deepfakes,600
601_653,/Users/nihaldastagiri/Desktop/Major Project/FaceForensics++_C23/Deepfakes/601_653.mp4,1,FAKE,Deepfakes,601
602_397,/Users/nihaldastagiri/Desktop/Major Project/FaceForensics++_C23/Deepfakes/602_397.mp4,1,FAKE,Deepfakes,602
603_575,/Users/nihaldastagiri/Desktop/Major Project/FaceForensics++_C23/Deepfakes/603_575.mp4,1,FAKE,Deepfakes,603
604_703,/Users/nihaldastagiri/Desktop/Major Project/FaceForensics++_C23/Deepfakes/604_703.mp4,1,FAKE,Deepfakes,604
605_591,/Users/nihaldastagiri/Desktop/Major Project/FaceForensics++_C23/Deepfakes/605_591.mp4,1,FAKE,Deepfakes,605
606_567,/Users/nihaldastagiri/Desktop/Major Project/FaceForensics++_C23/Deepfakes/606_567.mp4,1,FAKE,Deepfakes,606
607_683,/Users/nihaldastagiri/Desktop/Major Project/FaceForensics++_C23/Deepfakes/607_683.mp4,1,FAKE,Deepfakes,607
608_675,/Users/nihaldastagiri/Desktop/Major Project/FaceForensics++_C23/Deepfakes/608_675.mp4,1,FAKE,Deepfakes,608
609_596,/Users/nihaldastagiri/Desktop/Major Project/FaceForensics++_C23/Deepfakes/609_596.mp4,1,FAKE,Deepfakes,609
610_692,/Users/nihaldastagiri/Desktop/Major Project/FaceForensics++_C23/Deepfakes/610_692.mp4,1,FAKE,Deepfakes,610
611_760,/Users/nihaldastagiri/Desktop/Major Project/FaceForensics++_C23/Deepfakes/611_760.mp4,1,FAKE,Deepfakes,611
612_702,/Users/nihaldastagiri/Desktop/Major Project/FaceForensics++_C23/Deepfakes/612_702.mp4,1,FAKE,Deepfakes,612
613_685,/Users/nihaldastagiri/Desktop/Major Project/FaceForensics++_C23/Deepfakes/613_685.mp4,1,FAKE,Deepfakes,613
614_616,/Users/nihaldastagiri/Desktop/Major Project/FaceForensics++_C23/Deepfakes/614_616.mp4,1,FAKE,Deepfakes,614
615_687,/Users/nihaldastagiri/Desktop/Major Project/FaceForensics++_C23/Deepfakes/615_687.mp4,1,FAKE,Deepfakes,615
616_614,/Users/nihaldastagiri/Desktop/Major Project/FaceForensics++_C23/Deepfakes/616_614.mp4,1,FAKE,Deepfakes,616
617_566,/Users/nihaldastagiri/Desktop/Major Project/FaceForensics++_C23/Deepfakes/617_566.mp4,1,FAKE,Deepfakes,617
618_629,/Users/nihaldastagiri/Desktop/Major Project/FaceForensics++_C23/Deepfakes/618_629.mp4,1,FAKE,Deepfakes,618
619_620,/Users/nihaldastagiri/Desktop/Major Project/FaceForensics++_C23/Deepfakes/619_620.mp4,1,FAKE,Deepfakes,619
620_619,/Users/nihaldastagiri/Desktop/Major Project/FaceForensics++_C23/Deepfakes/620_619.mp4,1,FAKE,Deepfakes,620
621_546,/Users/nihaldastagiri/Desktop/Major Project/FaceForensics++_C23/Deepfakes/621_546.mp4,1,FAKE,Deepfakes,621
622_647,/Users/nihaldastagiri/Desktop/Major Project/FaceForensics++_C23/Deepfakes/622_647.mp4,1,FAKE,Deepfakes,622
623_630,/Users/nihaldastagiri/Desktop/Major Project/FaceForensics++_C23/Deepfakes/623_630.mp4,1,FAKE,Deepfakes,623
624_570,/Users/nihaldastagiri/Desktop/Major Project/FaceForensics++_C23/Deepfakes/624_570.mp4,1,FAKE,Deepfakes,624
625_650,/Users/nihaldastagiri/Desktop/Major Project/FaceForensics++_C23/Deepfakes/625_650.mp4,1,FAKE,Deepfakes,625
626_562,/Users/nihaldastagiri/Desktop/Major Project/FaceForensics++_C23/Deepfakes/626_562.mp4,1,FAKE,Deepfakes,626
627_658,/Users/nihaldastagiri/Desktop/Major Project/FaceForensics++_C23/Deepfakes/627_658.mp4,1,FAKE,Deepfakes,627
628_568,/Users/nihaldastagiri/Desktop/Major Project/FaceForensics++_C23/Deepfakes/628_568.mp4,1,FAKE,Deepfakes,628
629_618,/Users/nihaldastagiri/Desktop/Major Project/FaceForensics++_C23/Deepfakes/629_618.mp4,1,FAKE,Deepfakes,629
630_623,/Users/nihaldastagiri/Desktop/Major Project/FaceForensics++_C23/Deepfakes/630_623.mp4,1,FAKE,Deepfakes,630
631_551,/Users/nihaldastagiri/Desktop/Major Project/FaceForensics++_C23/Deepfakes/631_551.mp4,1,FAKE,Deepfakes,631
632_548,/Users/nihaldastagiri/Desktop/Major Project/FaceForensics++_C23/Deepfakes/632_548.mp4,1,FAKE,Deepfakes,632
633_529,/Users/nihaldastagiri/Desktop/Major Project/FaceForensics++_C23/Deepfakes/633_529.mp4,1,FAKE,Deepfakes,633
634_660,/Users/nihaldastagiri/Desktop/Major Project/FaceForensics++_C23/Deepfakes/634_660.mp4,1,FAKE,Deepfakes,634
635_642,/Users/nihaldastagiri/Desktop/Major Project/FaceForensics++_C23/Deepfakes/635_642.mp4,1,FAKE,Deepfakes,635
636_578,/Users/nihaldastagiri/Desktop/Major Project/FaceForensics++_C23/Deepfakes/636_578.mp4,1,FAKE,Deepfakes,636
637_427,/Users/nihaldastagiri/Desktop/Major Project/FaceForensics++_C23/Deepfakes/637_427.mp4,1,FAKE,Deepfakes,637
638_640,/Users/nihaldastagiri/Desktop/Major Project/FaceForensics++_C23/Deepfakes/638_640.mp4,1,FAKE,Deepfakes,638
639_841,/Users/nihaldastagiri/Desktop/Major Project/FaceForensics++_C23/Deepfakes/639_841.mp4,1,FAKE,Deepfakes,639
640_638,/Users/nihaldastagiri/Desktop/Major Project/FaceForensics++_C23/Deepfakes/640_638.mp4,1,FAKE,Deepfakes,640
641_662,/Users/nihaldastagiri/Desktop/Major Project/FaceForensics++_C23/Deepfakes/641_662.mp4,1,FAKE,Deepfakes,641
642_635,/Users/nihaldastagiri/Desktop/Major Project/FaceForensics++_C23/Deepfakes/642_635.mp4,1,FAKE,Deepfakes,642
643_646,/Users/nihaldastagiri/Desktop/Major Project/FaceForensics++_C23/Deepfakes/643_646.mp4,1,FAKE,Deepfakes,643
644_657,/Users/nihaldastagiri/Desktop/Major Project/FaceForensics++_C23/Deepfakes/644_657.mp4,1,FAKE,Deepfakes,644
645_688,/Users/nihaldastagiri/Desktop/Major Project/FaceForensics++_C23/Deepfakes/645_688.mp4,1,FAKE,Deepfakes,645
646_643,/Users/nihaldastagiri/Desktop/Major Project/FaceForensics++_C23/Deepfakes/646_643.mp4,1,FAKE,Deepfakes,646
647_622,/Users/nihaldastagiri/Desktop/Major Project/FaceForensics++_C23/Deepfakes/647_622.mp4,1,FAKE,Deepfakes,647
648_654,/Users/nihaldastagiri/Desktop/Major Project/FaceForensics++_C23/Deepfakes/648_654.mp4,1,FAKE,Deepfakes,648
649_816,/Users/nihaldastagiri/Desktop/Major Project/FaceForensics++_C23/Deepfakes/649_816.mp4,1,FAKE,Deepfakes,649
650_625,/Users/nihaldastagiri/Desktop/Major Project/FaceForensics++_C23/Deepfakes/650_625.mp4,1,FAKE,Deepfakes,650
651_835,/Users/nihaldastagiri/Desktop/Major Project/FaceForensics++_C23/Deepfakes/651_835.mp4,1,FAKE,Deepfakes,651
652_773,/Users/nihaldastagiri/Desktop/Major Project/FaceForensics++_C23/Deepfakes/652_773.mp4,1,FAKE,Deepfakes,652
653_601,/Users/nihaldastagiri/Desktop/Major Project/FaceForensics++_C23/Deepfakes/653_601.mp4,1,FAKE,Deepfakes,653
654_648,/Users/nihaldastagiri/Desktop/Major Project/FaceForensics++_C23/Deepfakes/654_648.mp4,1,FAKE,Deepfakes,654
655_444,/Users/nihaldastagiri/Desktop/Major Project/FaceForensics++_C23/Deepfakes/655_444.mp4,1,FAKE,Deepfakes,655
656_666,/Users/nihaldastagiri/Desktop/Major Project/FaceForensics++_C23/Deepfakes/656_666.mp4,1,FAKE,Deepfakes,656
657_644,/Users/nihaldastagiri/Desktop/Major Project/FaceForensics++_C23/Deepfakes/657_644.mp4,1,FAKE,Deepfakes,657
658_627,/Users/nihaldastagiri/Desktop/Major Project/FaceForensics++_C23/Deepfakes/658_627.mp4,1,FAKE,Deepfakes,658
659_749,/Users/nihaldastagiri/Desktop/Major Project/FaceForensics++_C23/Deepfakes/659_749.mp4,1,FAKE,Deepfakes,659
660_634,/Users/nihaldastagiri/Desktop/Major Project/FaceForensics++_C23/Deepfakes/660_634.mp4,1,FAKE,Deepfakes,660
661_670,/Users/nihaldastagiri/Desktop/Major Project/FaceForensics++_C23/Deepfakes/661_670.mp4,1,FAKE,Deepfakes,661
662_641,/Users/nihaldastagiri/Desktop/Major Project/FaceForensics++_C23/Deepfakes/662_641.mp4,1,FAKE,Deepfakes,662
663_231,/Users/nihaldastagiri/Desktop/Major Project/FaceForensics++_C23/Deepfakes/663_231.mp4,1,FAKE,Deepfakes,663
664_668,/Users/nihaldastagiri/Desktop/Major Project/FaceForensics++_C23/Deepfakes/664_668.mp4,1,FAKE,Deepfakes,664
665_679,/Users/nihaldastagiri/Desktop/Major Project/FaceForensics++_C23/Deepfakes/665_679.mp4,1,FAKE,Deepfakes,665
666_656,/Users/nihaldastagiri/Desktop/Major Project/FaceForensics++_C23/Deepfakes/666_656.mp4,1,FAKE,Deepfakes,666
667_446,/Users/nihaldastagiri/Desktop/Major Project/FaceForensics++_C23/Deepfakes/667_446.mp4,1,FAKE,Deepfakes,667
668_664,/Users/nihaldastagiri/Desktop/Major Project/FaceForensics++_C23/Deepfakes/668_664.mp4,1,FAKE,Deepfakes,668
669_682,/Users/nihaldastagiri/Desktop/Major Project/FaceForensics++_C23/Deepfakes/669_682.mp4,1,FAKE,Deepfakes,669
670_661,/Users/nihaldastagiri/Desktop/Major Project/FaceForensics++_C23/Deepfakes/670_661.mp4,1,FAKE,Deepfakes,670
671_677,/Users/nihaldastagiri/Desktop/Major Project/FaceForensics++_C23/Deepfakes/671_677.mp4,1,FAKE,Deepfakes,671
672_720,/Users/nihaldastagiri/Desktop/Major Project/FaceForensics++_C23/Deepfakes/672_720.mp4,1,FAKE,Deepfakes,672
673_728,/Users/nihaldastagiri/Desktop/Major Project/FaceForensics++_C23/Deepfakes/673_728.mp4,1,FAKE,Deepfakes,673
674_744,/Users/nihaldastagiri/Desktop/Major Project/FaceForensics++_C23/Deepfakes/674_744.mp4,1,FAKE,Deepfakes,674
675_608,/Users/nihaldastagiri/Desktop/Major Project/FaceForensics++_C23/Deepfakes/675_608.mp4,1,FAKE,Deepfakes,675
676_776,/Users/nihaldastagiri/Desktop/Major Project/FaceForensics++_C23/Deepfakes/676_776.mp4,1,FAKE,Deepfakes,676
677_671,/Users/nihaldastagiri/Desktop/Major Project/FaceForensics++_C23/Deepfakes/677_671.mp4,1,FAKE,Deepfakes,677
678_460,/Users/nihaldastagiri/Desktop/Major Project/FaceForensics++_C23/Deepfakes/678_460.mp4,1,FAKE,Deepfakes,678
679_665,/Users/nihaldastagiri/Desktop/Major Project/FaceForensics++_C23/Deepfakes/679_665.mp4,1,FAKE,Deepfakes,679
680_486,/Users/nihaldastagiri/Desktop/Major Project/FaceForensics++_C23/Deepfakes/680_486.mp4,1,FAKE,Deepfakes,680
681_711,/Users/nihaldastagiri/Desktop/Major Project/FaceForensics++_C23/Deepfakes/681_711.mp4,1,FAKE,Deepfakes,681
682_669,/Users/nihaldastagiri/Desktop/Major Project/FaceForensics++_C23/Deepfakes/682_669.mp4,1,FAKE,Deepfakes,682
683_607,/Users/nihaldastagiri/Desktop/Major Project/FaceForensics++_C23/Deepfakes/683_607.mp4,1,FAKE,Deepfakes,683
684_717,/Users/nihaldastagiri/Desktop/Major Project/FaceForensics++_C23/Deepfakes/684_717.mp4,1,FAKE,Deepfakes,684
685_613,/Users/nihaldastagiri/Desktop/Major Project/FaceForensics++_C23/Deepfakes/685_613.mp4,1,FAKE,Deepfakes,685
686_696,/Users/nihaldastagiri/Desktop/Major Project/FaceForensics++_C23/Deepfakes/686_696.mp4,1,FAKE,Deepfakes,686
687_615,/Users/nihaldastagiri/Desktop/Major Project/FaceForensics++_C23/Deepfakes/687_615.mp4,1,FAKE,Deepfakes,687
688_645,/Users/nihaldastagiri/Desktop/Major Project/FaceForensics++_C23/Deepfakes/688_645.mp4,1,FAKE,Deepfakes,688
689_690,/Users/nihaldastagiri/Desktop/Major Project/FaceForensics++_C23/Deepfakes/689_690.mp4,1,FAKE,Deepfakes,689
690_689,/Users/nihaldastagiri/Desktop/Major Project/FaceForensics++_C23/Deepfakes/690_689.mp4,1,FAKE,Deepfakes,690
691_732,/Users/nihaldastagiri/Desktop/Major Project/FaceForensics++_C23/Deepfakes/691_732.mp4,1,FAKE,Deepfakes,691
692_610,/Users/nihaldastagiri/Desktop/Major Project/FaceForensics++_C23/Deepfakes/692_610.mp4,1,FAKE,Deepfakes,692
693_698,/Users/nihaldastagiri/Desktop/Major Project/FaceForensics++_C23/Deepfakes/693_698.mp4,1,FAKE,Deepfakes,693
694_767,/Users/nihaldastagiri/Desktop/Major Project/FaceForensics++_C23/Deepfakes/694_767.mp4,1,FAKE,Deepfakes,694
695_422,/Users/nihaldastagiri/Desktop/Major Project/FaceForensics++_C23/Deepfakes/695_422.mp4,1,FAKE,Deepfakes,695
696_686,/Users/nihaldastagiri/Desktop/Major Project/FaceForensics++_C23/Deepfakes/696_686.mp4,1,FAKE,Deepfakes,696
697_581,/Users/nihaldastagiri/Desktop/Major Project/FaceForensics++_C23/Deepfakes/697_581.mp4,1,FAKE,Deepfakes,697
698_693,/Users/nihaldastagiri/Desktop/Major Project/FaceForensics++_C23/Deepfakes/698_693.mp4,1,FAKE,Deepfakes,698
699_734,/Users/nihaldastagiri/Desktop/Major Project/FaceForensics++_C23/Deepfakes/699_734.mp4,1,FAKE,Deepfakes,699
700_813,/Users/nihaldastagiri/Desktop/Major Project/FaceForensics++_C23/Deepfakes/700_813.mp4,1,FAKE,Deepfakes,700
701_579,/Users/nihaldastagiri/Desktop/Major Project/FaceForensics++_C23/Deepfakes/701_579.mp4,1,FAKE,Deepfakes,701
702_612,/Users/nihaldastagiri/Desktop/Major Project/FaceForensics++_C23/Deepfakes/702_612.mp4,1,FAKE,Deepfakes,702
703_604,/Users/nihaldastagiri/Desktop/Major Project/FaceForensics++_C23/Deepfakes/703_604.mp4,1,FAKE,Deepfakes,703
704_723,/Users/nihaldastagiri/Desktop/Major Project/FaceForensics++_C23/Deepfakes/704_723.mp4,1,FAKE,Deepfakes,704
705_707,/Users/nihaldastagiri/Desktop/Major Project/FaceForensics++_C23/Deepfakes/705_707.mp4,1,FAKE,Deepfakes,705
706_479,/Users/nihaldastagiri/Desktop/Major Project/FaceForensics++_C23/Deepfakes/706_479.mp4,1,FAKE,Deepfakes,706
707_705,/Users/nihaldastagiri/Desktop/Major Project/FaceForensics++_C23/Deepfakes/707_705.mp4,1,FAKE,Deepfakes,707
708_772,/Users/nihaldastagiri/Desktop/Major Project/FaceForensics++_C23/Deepfakes/708_772.mp4,1,FAKE,Deepfakes,708
709_390,/Users/nihaldastagiri/Desktop/Major Project/FaceForensics++_C23/Deepfakes/709_390.mp4,1,FAKE,Deepfakes,709
710_788,/Users/nihaldastagiri/Desktop/Major Project/FaceForensics++_C23/Deepfakes/710_788.mp4,1,FAKE,Deepfakes,710
711_681,/Users/nihaldastagiri/Desktop/Major Project/FaceForensics++_C23/Deepfakes/711_681.mp4,1,FAKE,Deepfakes,711
712_716,/Users/nihaldastagiri/Desktop/Major Project/FaceForensics++_C23/Deepfakes/712_716.mp4,1,FAKE,Deepfakes,712
713_726,/Users/nihaldastagiri/Desktop/Major Project/FaceForensics++_C23/Deepfakes/713_726.mp4,1,FAKE,Deepfakes,713
714_842,/Users/nihaldastagiri/Desktop/Major Project/FaceForensics++_C23/Deepfakes/714_842.mp4,1,FAKE,Deepfakes,714
715_721,/Users/nihaldastagiri/Desktop/Major Project/FaceForensics++_C23/Deepfakes/715_721.mp4,1,FAKE,Deepfakes,715
716_712,/Users/nihaldastagiri/Desktop/Major Project/FaceForensics++_C23/Deepfakes/716_712.mp4,1,FAKE,Deepfakes,716
717_684,/Users/nihaldastagiri/Desktop/Major Project/FaceForensics++_C23/Deepfakes/717_684.mp4,1,FAKE,Deepfakes,717
718_972,/Users/nihaldastagiri/Desktop/Major Project/FaceForensics++_C23/Deepfakes/718_972.mp4,1,FAKE,Deepfakes,718
719_737,/Users/nihaldastagiri/Desktop/Major Project/FaceForensics++_C23/Deepfakes/719_737.mp4,1,FAKE,Deepfakes,719
720_672,/Users/nihaldastagiri/Desktop/Major Project/FaceForensics++_C23/Deepfakes/720_672.mp4,1,FAKE,Deepfakes,720
721_715,/Users/nihaldastagiri/Desktop/Major Project/FaceForensics++_C23/Deepfakes/721_715.mp4,1,FAKE,Deepfakes,721
722_458,/Users/nihaldastagiri/Desktop/Major Project/FaceForensics++_C23/Deepfakes/722_458.mp4,1,FAKE,Deepfakes,722
723_704,/Users/nihaldastagiri/Desktop/Major Project/FaceForensics++_C23/Deepfakes/723_704.mp4,1,FAKE,Deepfakes,723
724_725,/Users/nihaldastagiri/Desktop/Major Project/FaceForensics++_C23/Deepfakes/724_725.mp4,1,FAKE,Deepfakes,724
725_724,/Users/nihaldastagiri/Desktop/Major Project/FaceForensics++_C23/Deepfakes/725_724.mp4,1,FAKE,Deepfakes,725
726_713,/Users/nihaldastagiri/Desktop/Major Project/FaceForensics++_C23/Deepfakes/726_713.mp4,1,FAKE,Deepfakes,726
727_729,/Users/nihaldastagiri/Desktop/Major Project/FaceForensics++_C23/Deepfakes/727_729.mp4,1,FAKE,Deepfakes,727
728_673,/Users/nihaldastagiri/Desktop/Major Project/FaceForensics++_C23/Deepfakes/728_673.mp4,1,FAKE,Deepfakes,728
729_727,/Users/nihaldastagiri/Desktop/Major Project/FaceForensics++_C23/Deepfakes/729_727.mp4,1,FAKE,Deepfakes,729
730_815,/Users/nihaldastagiri/Desktop/Major Project/FaceForensics++_C23/Deepfakes/730_815.mp4,1,FAKE,Deepfakes,730
731_741,/Users/nihaldastagiri/Desktop/Major Project/FaceForensics++_C23/Deepfakes/731_741.mp4,1,FAKE,Deepfakes,731
732_691,/Users/nihaldastagiri/Desktop/Major Project/FaceForensics++_C23/Deepfakes/732_691.mp4,1,FAKE,Deepfakes,732
733_935,/Users/nihaldastagiri/Desktop/Major Project/FaceForensics++_C23/Deepfakes/733_935.mp4,1,FAKE,Deepfakes,733
734_699,/Users/nihaldastagiri/Desktop/Major Project/FaceForensics++_C23/Deepfakes/734_699.mp4,1,FAKE,Deepfakes,734
735_774,/Users/nihaldastagiri/Desktop/Major Project/FaceForensics++_C23/Deepfakes/735_774.mp4,1,FAKE,Deepfakes,735
736_785,/Users/nihaldastagiri/Desktop/Major Project/FaceForensics++_C23/Deepfakes/736_785.mp4,1,FAKE,Deepfakes,736
737_719,/Users/nihaldastagiri/Desktop/Major Project/FaceForensics++_C23/Deepfakes/737_719.mp4,1,FAKE,Deepfakes,737
738_804,/Users/nihaldastagiri/Desktop/Major Project/FaceForensics++_C23/Deepfakes/738_804.mp4,1,FAKE,Deepfakes,738
739_865,/Users/nihaldastagiri/Desktop/Major Project/FaceForensics++_C23/Deepfakes/739_865.mp4,1,FAKE,Deepfakes,739
740_796,/Users/nihaldastagiri/Desktop/Major Project/FaceForensics++_C23/Deepfakes/740_796.mp4,1,FAKE,Deepfakes,740
741_731,/Users/nihaldastagiri/Desktop/Major Project/FaceForensics++_C23/Deepfakes/741_731.mp4,1,FAKE,Deepfakes,741
742_775,/Users/nihaldastagiri/Desktop/Major Project/FaceForensics++_C23/Deepfakes/742_775.mp4,1,FAKE,Deepfakes,742
743_750,/Users/nihaldastagiri/Desktop/Major Project/FaceForensics++_C23/Deepfakes/743_750.mp4,1,FAKE,Deepfakes,743
744_674,/Users/nihaldastagiri/Desktop/Major Project/FaceForensics++_C23/Deepfakes/744_674.mp4,1,FAKE,Deepfakes,744
745_777,/Users/nihaldastagiri/Desktop/Major Project/FaceForensics++_C23/Deepfakes/745_777.mp4,1,FAKE,Deepfakes,745
746_571,/Users/nihaldastagiri/Desktop/Major Project/FaceForensics++_C23/Deepfakes/746_571.mp4,1,FAKE,Deepfakes,746
747_854,/Users/nihaldastagiri/Desktop/Major Project/FaceForensics++_C23/Deepfakes/747_854.mp4,1,FAKE,Deepfakes,747
748_355,/Users/nihaldastagiri/Desktop/Major Project/FaceForensics++_C23/Deepfakes/748_355.mp4,1,FAKE,Deepfakes,748
749_659,/Users/nihaldastagiri/Desktop/Major Project/FaceForensics++_C23/Deepfakes/749_659.mp4,1,FAKE,Deepfakes,749
750_743,/Users/nihaldastagiri/Desktop/Major Project/FaceForensics++_C23/Deepfakes/750_743.mp4,1,FAKE,Deepfakes,750
751_752,/Users/nihaldastagiri/Desktop/Major Project/FaceForensics++_C23/Deepfakes/751_752.mp4,1,FAKE,Deepfakes,751
752_751,/Users/nihaldastagiri/Desktop/Major Project/FaceForensics++_C23/Deepfakes/752_751.mp4,1,FAKE,Deepfakes,752
753_789,/Users/nihaldastagiri/Desktop/Major Project/FaceForensics++_C23/Deepfakes/753_789.mp4,1,FAKE,Deepfakes,753
754_758,/Users/nihaldastagiri/Desktop/Major Project/FaceForensics++_C23/Deepfakes/754_758.mp4,1,FAKE,Deepfakes,754
755_759,/Users/nihaldastagiri/Desktop/Major Project/FaceForensics++_C23/Deepfakes/755_759.mp4,1,FAKE,Deepfakes,755
756_503,/Users/nihaldastagiri/Desktop/Major Project/FaceForensics++_C23/Deepfakes/756_503.mp4,1,FAKE,Deepfakes,756
757_573,/Users/nihaldastagiri/Desktop/Major Project/FaceForensics++_C23/Deepfakes/757_573.mp4,1,FAKE,Deepfakes,757
758_754,/Users/nihaldastagiri/Desktop/Major Project/FaceForensics++_C23/Deepfakes/758_754.mp4,1,FAKE,Deepfakes,758
759_755,/Users/nihaldastagiri/Desktop/Major Project/FaceForensics++_C23/Deepfakes/759_755.mp4,1,FAKE,Deepfakes,759
760_611,/Users/nihaldastagiri/Desktop/Major Project/FaceForensics++_C23/Deepfakes/760_611.mp4,1,FAKE,Deepfakes,760
761_766,/Users/nihaldastagiri/Desktop/Major Project/FaceForensics++_C23/Deepfakes/761_766.mp4,1,FAKE,Deepfakes,761
762_832,/Users/nihaldastagiri/Desktop/Major Project/FaceForensics++_C23/Deepfakes/762_832.mp4,1,FAKE,Deepfakes,762
763_930,/Users/nihaldastagiri/Desktop/Major Project/FaceForensics++_C23/Deepfakes/763_930.mp4,1,FAKE,Deepfakes,763
764_850,/Users/nihaldastagiri/Desktop/Major Project/FaceForensics++_C23/Deepfakes/764_850.mp4,1,FAKE,Deepfakes,764
765_867,/Users/nihaldastagiri/Desktop/Major Project/FaceForensics++_C23/Deepfakes/765_867.mp4,1,FAKE,Deepfakes,765
766_761,/Users/nihaldastagiri/Desktop/Major Project/FaceForensics++_C23/Deepfakes/766_761.mp4,1,FAKE,Deepfakes,766
767_694,/Users/nihaldastagiri/Desktop/Major Project/FaceForensics++_C23/Deepfakes/767_694.mp4,1,FAKE,Deepfakes,767
768_793,/Users/nihaldastagiri/Desktop/Major Project/FaceForensics++_C23/Deepfakes/768_793.mp4,1,FAKE,Deepfakes,768
769_784,/Users/nihaldastagiri/Desktop/Major Project/FaceForensics++_C23/Deepfakes/769_784.mp4,1,FAKE,Deepfakes,769
770_791,/Users/nihaldastagiri/Desktop/Major Project/FaceForensics++_C23/Deepfakes/770_791.mp4,1,FAKE,Deepfakes,770
771_849,/Users/nihaldastagiri/Desktop/Major Project/FaceForensics++_C23/Deepfakes/771_849.mp4,1,FAKE,Deepfakes,771
772_708,/Users/nihaldastagiri/Desktop/Major Project/FaceForensics++_C23/Deepfakes/772_708.mp4,1,FAKE,Deepfakes,772
773_652,/Users/nihaldastagiri/Desktop/Major Project/FaceForensics++_C23/Deepfakes/773_652.mp4,1,FAKE,Deepfakes,773
774_735,/Users/nihaldastagiri/Desktop/Major Project/FaceForensics++_C23/Deepfakes/774_735.mp4,1,FAKE,Deepfakes,774
775_742,/Users/nihaldastagiri/Desktop/Major Project/FaceForensics++_C23/Deepfakes/775_742.mp4,1,FAKE,Deepfakes,775
776_676,/Users/nihaldastagiri/Desktop/Major Project/FaceForensics++_C23/Deepfakes/776_676.mp4,1,FAKE,Deepfakes,776
777_745,/Users/nihaldastagiri/Desktop/Major Project/FaceForensics++_C23/Deepfakes/777_745.mp4,1,FAKE,Deepfakes,777
778_798,/Users/nihaldastagiri/Desktop/Major Project/FaceForensics++_C23/Deepfakes/778_798.mp4,1,FAKE,Deepfakes,778
779_794,/Users/nihaldastagiri/Desktop/Major Project/FaceForensics++_C23/Deepfakes/779_794.mp4,1,FAKE,Deepfakes,779
780_869,/Users/nihaldastagiri/Desktop/Major Project/FaceForensics++_C23/Deepfakes/780_869.mp4,1,FAKE,Deepfakes,780
781_806,/Users/nihaldastagiri/Desktop/Major Project/FaceForensics++_C23/Deepfakes/781_806.mp4,1,FAKE,Deepfakes,781
782_787,/Users/nihaldastagiri/Desktop/Major Project/FaceForensics++_C23/Deepfakes/782_787.mp4,1,FAKE,Deepfakes,782
783_916,/Users/nihaldastagiri/Desktop/Major Project/FaceForensics++_C23/Deepfakes/783_916.mp4,1,FAKE,Deepfakes,783
784_769,/Users/nihaldastagiri/Desktop/Major Project/FaceForensics++_C23/Deepfakes/784_769.mp4,1,FAKE,Deepfakes,784
785_736,/Users/nihaldastagiri/Desktop/Major Project/FaceForensics++_C23/Deepfakes/785_736.mp4,1,FAKE,Deepfakes,785
786_819,/Users/nihaldastagiri/Desktop/Major Project/FaceForensics++_C23/Deepfakes/786_819.mp4,1,FAKE,Deepfakes,786
787_782,/Users/nihaldastagiri/Desktop/Major Project/FaceForensics++_C23/Deepfakes/787_782.mp4,1,FAKE,Deepfakes,787
788_710,/Users/nihaldastagiri/Desktop/Major Project/FaceForensics++_C23/Deepfakes/788_710.mp4,1,FAKE,Deepfakes,788
789_753,/Users/nihaldastagiri/Desktop/Major Project/FaceForensics++_C23/Deepfakes/789_753.mp4,1,FAKE,Deepfakes,789
790_014,/Users/nihaldastagiri/Desktop/Major Project/FaceForensics++_C23/Deepfakes/790_014.mp4,1,FAKE,Deepfakes,790
791_770,/Users/nihaldastagiri/Desktop/Major Project/FaceForensics++_C23/Deepfakes/791_770.mp4,1,FAKE,Deepfakes,791
792_903,/Users/nihaldastagiri/Desktop/Major Project/FaceForensics++_C23/Deepfakes/792_903.mp4,1,FAKE,Deepfakes,792
793_768,/Users/nihaldastagiri/Desktop/Major Project/FaceForensics++_C23/Deepfakes/793_768.mp4,1,FAKE,Deepfakes,793
794_779,/Users/nihaldastagiri/Desktop/Major Project/FaceForensics++_C23/Deepfakes/794_779.mp4,1,FAKE,Deepfakes,794
795_907,/Users/nihaldastagiri/Desktop/Major Project/FaceForensics++_C23/Deepfakes/795_907.mp4,1,FAKE,Deepfakes,795
796_740,/Users/nihaldastagiri/Desktop/Major Project/FaceForensics++_C23/Deepfakes/796_740.mp4,1,FAKE,Deepfakes,796
797_844,/Users/nihaldastagiri/Desktop/Major Project/FaceForensics++_C23/Deepfakes/797_844.mp4,1,FAKE,Deepfakes,797
798_778,/Users/nihaldastagiri/Desktop/Major Project/FaceForensics++_C23/Deepfakes/798_778.mp4,1,FAKE,Deepfakes,798
799_809,/Users/nihaldastagiri/Desktop/Major Project/FaceForensics++_C23/Deepfakes/799_809.mp4,1,FAKE,Deepfakes,799
800_840,/Users/nihaldastagiri/Desktop/Major Project/FaceForensics++_C23/Deepfakes/800_840.mp4,1,FAKE,Deepfakes,800
801_855,/Users/nihaldastagiri/Desktop/Major Project/FaceForensics++_C23/Deepfakes/801_855.mp4,1,FAKE,Deepfakes,801
802_885,/Users/nihaldastagiri/Desktop/Major Project/FaceForensics++_C23/Deepfakes/802_885.mp4,1,FAKE,Deepfakes,802
803_017,/Users/nihaldastagiri/Desktop/Major Project/FaceForensics++_C23/Deepfakes/803_017.mp4,1,FAKE,Deepfakes,803
804_738,/Users/nihaldastagiri/Desktop/Major Project/FaceForensics++_C23/Deepfakes/804_738.mp4,1,FAKE,Deepfakes,804
805_011,/Users/nihaldastagiri/Desktop/Major Project/FaceForensics++_C23/Deepfakes/805_011.mp4,1,FAKE,Deepfakes,805
806_781,/Users/nihaldastagiri/Desktop/Major Project/FaceForensics++_C23/Deepfakes/806_781.mp4,1,FAKE,Deepfakes,806
807_273,/Users/nihaldastagiri/Desktop/Major Project/FaceForensics++_C23/Deepfakes/807_273.mp4,1,FAKE,Deepfakes,807
808_829,/Users/nihaldastagiri/Desktop/Major Project/FaceForensics++_C23/Deepfakes/808_829.mp4,1,FAKE,Deepfakes,808
809_799,/Users/nihaldastagiri/Desktop/Major Project/FaceForensics++_C23/Deepfakes/809_799.mp4,1,FAKE,Deepfakes,809
810_838,/Users/nihaldastagiri/Desktop/Major Project/FaceForensics++_C23/Deepfakes/810_838.mp4,1,FAKE,Deepfakes,810
811_920,/Users/nihaldastagiri/Desktop/Major Project/FaceForensics++_C23/Deepfakes/811_920.mp4,1,FAKE,Deepfakes,811
812_821,/Users/nihaldastagiri/Desktop/Major Project/FaceForensics++_C23/Deepfakes/812_821.mp4,1,FAKE,Deepfakes,812
813_700,/Users/nihaldastagiri/Desktop/Major Project/FaceForensics++_C23/Deepfakes/813_700.mp4,1,FAKE,Deepfakes,813
814_871,/Users/nihaldastagiri/Desktop/Major Project/FaceForensics++_C23/Deepfakes/814_871.mp4,1,FAKE,Deepfakes,814
815_730,/Users/nihaldastagiri/Desktop/Major Project/FaceForensics++_C23/Deepfakes/815_730.mp4,1,FAKE,Deepfakes,815
816_649,/Users/nihaldastagiri/Desktop/Major Project/FaceForensics++_C23/Deepfakes/816_649.mp4,1,FAKE,Deepfakes,816
817_827,/Users/nihaldastagiri/Desktop/Major Project/FaceForensics++_C23/Deepfakes/817_827.mp4,1,FAKE,Deepfakes,817
818_820,/Users/nihaldastagiri/Desktop/Major Project/FaceForensics++_C23/Deepfakes/818_820.mp4,1,FAKE,Deepfakes,818
819_786,/Users/nihaldastagiri/Desktop/Major Project/FaceForensics++_C23/Deepfakes/819_786.mp4,1,FAKE,Deepfakes,819
820_818,/Users/nihaldastagiri/Desktop/Major Project/FaceForensics++_C23/Deepfakes/820_818.mp4,1,FAKE,Deepfakes,820
821_812,/Users/nihaldastagiri/Desktop/Major Project/FaceForensics++_C23/Deepfakes/821_812.mp4,1,FAKE,Deepfakes,821
822_244,/Users/nihaldastagiri/Desktop/Major Project/FaceForensics++_C23/Deepfakes/822_244.mp4,1,FAKE,Deepfakes,822
823_584,/Users/nihaldastagiri/Desktop/Major Project/FaceForensics++_C23/Deepfakes/823_584.mp4,1,FAKE,Deepfakes,823
824_419,/Users/nihaldastagiri/Desktop/Major Project/FaceForensics++_C23/Deepfakes/824_419.mp4,1,FAKE,Deepfakes,824
825_074,/Users/nihaldastagiri/Desktop/Major Project/FaceForensics++_C23/Deepfakes/825_074.mp4,1,FAKE,Deepfakes,825
826_833,/Users/nihaldastagiri/Desktop/Major Project/FaceForensics++_C23/Deepfakes/826_833.mp4,1,FAKE,Deepfakes,826
827_817,/Users/nihaldastagiri/Desktop/Major Project/FaceForensics++_C23/Deepfakes/827_817.mp4,1,FAKE,Deepfakes,827
828_830,/Users/nihaldastagiri/Desktop/Major Project/FaceForensics++_C23/Deepfakes/828_830.mp4,1,FAKE,Deepfakes,828
829_808,/Users/nihaldastagiri/Desktop/Major Project/FaceForensics++_C23/Deepfakes/829_808.mp4,1,FAKE,Deepfakes,829
830_828,/Users/nihaldastagiri/Desktop/Major Project/FaceForensics++_C23/Deepfakes/830_828.mp4,1,FAKE,Deepfakes,830
831_508,/Users/nihaldastagiri/Desktop/Major Project/FaceForensics++_C23/Deepfakes/831_508.mp4,1,FAKE,Deepfakes,831
832_762,/Users/nihaldastagiri/Desktop/Major Project/FaceForensics++_C23/Deepfakes/832_762.mp4,1,FAKE,Deepfakes,832
833_826,/Users/nihaldastagiri/Desktop/Major Project/FaceForensics++_C23/Deepfakes/833_826.mp4,1,FAKE,Deepfakes,833
834_852,/Users/nihaldastagiri/Desktop/Major Project/FaceForensics++_C23/Deepfakes/834_852.mp4,1,FAKE,Deepfakes,834
835_651,/Users/nihaldastagiri/Desktop/Major Project/FaceForensics++_C23/Deepfakes/835_651.mp4,1,FAKE,Deepfakes,835
836_950,/Users/nihaldastagiri/Desktop/Major Project/FaceForensics++_C23/Deepfakes/836_950.mp4,1,FAKE,Deepfakes,836
837_890,/Users/nihaldastagiri/Desktop/Major Project/FaceForensics++_C23/Deepfakes/837_890.mp4,1,FAKE,Deepfakes,837
838_810,/Users/nihaldastagiri/Desktop/Major Project/FaceForensics++_C23/Deepfakes/838_810.mp4,1,FAKE,Deepfakes,838
839_864,/Users/nihaldastagiri/Desktop/Major Project/FaceForensics++_C23/Deepfakes/839_864.mp4,1,FAKE,Deepfakes,839
840_800,/Users/nihaldastagiri/Desktop/Major Project/FaceForensics++_C23/Deepfakes/840_800.mp4,1,FAKE,Deepfakes,840
841_639,/Users/nihaldastagiri/Desktop/Major Project/FaceForensics++_C23/Deepfakes/841_639.mp4,1,FAKE,Deepfakes,841
842_714,/Users/nihaldastagiri/Desktop/Major Project/FaceForensics++_C23/Deepfakes/842_714.mp4,1,FAKE,Deepfakes,842
843_859,/Users/nihaldastagiri/Desktop/Major Project/FaceForensics++_C23/Deepfakes/843_859.mp4,1,FAKE,Deepfakes,843
844_797,/Users/nihaldastagiri/Desktop/Major Project/FaceForensics++_C23/Deepfakes/844_797.mp4,1,FAKE,Deepfakes,844
845_846,/Users/nihaldastagiri/Desktop/Major Project/FaceForensics++_C23/Deepfakes/845_846.mp4,1,FAKE,Deepfakes,845
846_845,/Users/nihaldastagiri/Desktop/Major Project/FaceForensics++_C23/Deepfakes/846_845.mp4,1,FAKE,Deepfakes,846
847_906,/Users/nihaldastagiri/Desktop/Major Project/FaceForensics++_C23/Deepfakes/847_906.mp4,1,FAKE,Deepfakes,847
848_894,/Users/nihaldastagiri/Desktop/Major Project/FaceForensics++_C23/Deepfakes/848_894.mp4,1,FAKE,Deepfakes,848
849_771,/Users/nihaldastagiri/Desktop/Major Project/FaceForensics++_C23/Deepfakes/849_771.mp4,1,FAKE,Deepfakes,849
850_764,/Users/nihaldastagiri/Desktop/Major Project/FaceForensics++_C23/Deepfakes/850_764.mp4,1,FAKE,Deepfakes,850
851_552,/Users/nihaldastagiri/Desktop/Major Project/FaceForensics++_C23/Deepfakes/851_552.mp4,1,FAKE,Deepfakes,851
852_834,/Users/nihaldastagiri/Desktop/Major Project/FaceForensics++_C23/Deepfakes/852_834.mp4,1,FAKE,Deepfakes,852
853_863,/Users/nihaldastagiri/Desktop/Major Project/FaceForensics++_C23/Deepfakes/853_863.mp4,1,FAKE,Deepfakes,853
854_747,/Users/nihaldastagiri/Desktop/Major Project/FaceForensics++_C23/Deepfakes/854_747.mp4,1,FAKE,Deepfakes,854
855_801,/Users/nihaldastagiri/Desktop/Major Project/FaceForensics++_C23/Deepfakes/855_801.mp4,1,FAKE,Deepfakes,855
856_881,/Users/nihaldastagiri/Desktop/Major Project/FaceForensics++_C23/Deepfakes/856_881.mp4,1,FAKE,Deepfakes,856
857_909,/Users/nihaldastagiri/Desktop/Major Project/FaceForensics++_C23/Deepfakes/857_909.mp4,1,FAKE,Deepfakes,857
858_861,/Users/nihaldastagiri/Desktop/Major Project/FaceForensics++_C23/Deepfakes/858_861.mp4,1,FAKE,Deepfakes,858
859_843,/Users/nihaldastagiri/Desktop/Major Project/FaceForensics++_C23/Deepfakes/859_843.mp4,1,FAKE,Deepfakes,859
860_905,/Users/nihaldastagiri/Desktop/Major Project/FaceForensics++_C23/Deepfakes/860_905.mp4,1,FAKE,Deepfakes,860
861_858,/Users/nihaldastagiri/Desktop/Major Project/FaceForensics++_C23/Deepfakes/861_858.mp4,1,FAKE,Deepfakes,861
862_047,/Users/nihaldastagiri/Desktop/Major Project/FaceForensics++_C23/Deepfakes/862_047.mp4,1,FAKE,Deepfakes,862
863_853,/Users/nihaldastagiri/Desktop/Major Project/FaceForensics++_C23/Deepfakes/863_853.mp4,1,FAKE,Deepfakes,863
864_839,/Users/nihaldastagiri/Desktop/Major Project/FaceForensics++_C23/Deepfakes/864_839.mp4,1,FAKE,Deepfakes,864
865_739,/Users/nihaldastagiri/Desktop/Major Project/FaceForensics++_C23/Deepfakes/865_739.mp4,1,FAKE,Deepfakes,865
866_878,/Users/nihaldastagiri/Desktop/Major Project/FaceForensics++_C23/Deepfakes/866_878.mp4,1,FAKE,Deepfakes,866
867_765,/Users/nihaldastagiri/Desktop/Major Project/FaceForensics++_C23/Deepfakes/867_765.mp4,1,FAKE,Deepfakes,867
868_949,/Users/nihaldastagiri/Desktop/Major Project/FaceForensics++_C23/Deepfakes/868_949.mp4,1,FAKE,Deepfakes,868
869_780,/Users/nihaldastagiri/Desktop/Major Project/FaceForensics++_C23/Deepfakes/869_780.mp4,1,FAKE,Deepfakes,869
870_001,/Users/nihaldastagiri/Desktop/Major Project/FaceForensics++_C23/Deepfakes/870_001.mp4,1,FAKE,Deepfakes,870
871_814,/Users/nihaldastagiri/Desktop/Major Project/FaceForensics++_C23/Deepfakes/871_814.mp4,1,FAKE,Deepfakes,871
872_873,/Users/nihaldastagiri/Desktop/Major Project/FaceForensics++_C23/Deepfakes/872_873.mp4,1,FAKE,Deepfakes,872
873_872,/Users/nihaldastagiri/Desktop/Major Project/FaceForensics++_C23/Deepfakes/873_872.mp4,1,FAKE,Deepfakes,873
874_291,/Users/nihaldastagiri/Desktop/Major Project/FaceForensics++_C23/Deepfakes/874_291.mp4,1,FAKE,Deepfakes,874
875_979,/Users/nihaldastagiri/Desktop/Major Project/FaceForensics++_C23/Deepfakes/875_979.mp4,1,FAKE,Deepfakes,875
876_891,/Users/nihaldastagiri/Desktop/Major Project/FaceForensics++_C23/Deepfakes/876_891.mp4,1,FAKE,Deepfakes,876
877_886,/Users/nihaldastagiri/Desktop/Major Project/FaceForensics++_C23/Deepfakes/877_886.mp4,1,FAKE,Deepfakes,877
878_866,/Users/nihaldastagiri/Desktop/Major Project/FaceForensics++_C23/Deepfakes/878_866.mp4,1,FAKE,Deepfakes,878
879_963,/Users/nihaldastagiri/Desktop/Major Project/FaceForensics++_C23/Deepfakes/879_963.mp4,1,FAKE,Deepfakes,879
880_135,/Users/nihaldastagiri/Desktop/Major Project/FaceForensics++_C23/Deepfakes/880_135.mp4,1,FAKE,Deepfakes,880
881_856,/Users/nihaldastagiri/Desktop/Major Project/FaceForensics++_C23/Deepfakes/881_856.mp4,1,FAKE,Deepfakes,881
882_952,/Users/nihaldastagiri/Desktop/Major Project/FaceForensics++_C23/Deepfakes/882_952.mp4,1,FAKE,Deepfakes,882
883_013,/Users/nihaldastagiri/Desktop/Major Project/FaceForensics++_C23/Deepfakes/883_013.mp4,1,FAKE,Deepfakes,883
884_968,/Users/nihaldastagiri/Desktop/Major Project/FaceForensics++_C23/Deepfakes/884_968.mp4,1,FAKE,Deepfakes,884
885_802,/Users/nihaldastagiri/Desktop/Major Project/FaceForensics++_C23/Deepfakes/885_802.mp4,1,FAKE,Deepfakes,885
886_877,/Users/nihaldastagiri/Desktop/Major Project/FaceForensics++_C23/Deepfakes/886_877.mp4,1,FAKE,Deepfakes,886
887_275,/Users/nihaldastagiri/Desktop/Major Project/FaceForensics++_C23/Deepfakes/887_275.mp4,1,FAKE,Deepfakes,887
888_937,/Users/nihaldastagiri/Desktop/Major Project/FaceForensics++_C23/Deepfakes/888_937.mp4,1,FAKE,Deepfakes,888
889_045,/Users/nihaldastagiri/Desktop/Major Project/FaceForensics++_C23/Deepfakes/889_045.mp4,1,FAKE,Deepfakes,889
890_837,/Users/nihaldastagiri/Desktop/Major Project/FaceForensics++_C23/Deepfakes/890_837.mp4,1,FAKE,Deepfakes,890
891_876,/Users/nihaldastagiri/Desktop/Major Project/FaceForensics++_C23/Deepfakes/891_876.mp4,1,FAKE,Deepfakes,891
892_112,/Users/nihaldastagiri/Desktop/Major Project/FaceForensics++_C23/Deepfakes/892_112.mp4,1,FAKE,Deepfakes,892
893_913,/Users/nihaldastagiri/Desktop/Major Project/FaceForensics++_C23/Deepfakes/893_913.mp4,1,FAKE,Deepfakes,893
894_848,/Users/nihaldastagiri/Desktop/Major Project/FaceForensics++_C23/Deepfakes/894_848.mp4,1,FAKE,Deepfakes,894
895_915,/Users/nihaldastagiri/Desktop/Major Project/FaceForensics++_C23/Deepfakes/895_915.mp4,1,FAKE,Deepfakes,895
896_128,/Users/nihaldastagiri/Desktop/Major Project/FaceForensics++_C23/Deepfakes/896_128.mp4,1,FAKE,Deepfakes,896
897_969,/Users/nihaldastagiri/Desktop/Major Project/FaceForensics++_C23/Deepfakes/897_969.mp4,1,FAKE,Deepfakes,897
898_922,/Users/nihaldastagiri/Desktop/Major Project/FaceForensics++_C23/Deepfakes/898_922.mp4,1,FAKE,Deepfakes,898
899_914,/Users/nihaldastagiri/Desktop/Major Project/FaceForensics++_C23/Deepfakes/899_914.mp4,1,FAKE,Deepfakes,899
900_926,/Users/nihaldastagiri/Desktop/Major Project/FaceForensics++_C23/Deepfakes/900_926.mp4,1,FAKE,Deepfakes,900
901_902,/Users/nihaldastagiri/Desktop/Major Project/FaceForensics++_C23/Deepfakes/901_902.mp4,1,FAKE,Deepfakes,901
902_901,/Users/nihaldastagiri/Desktop/Major Project/FaceForensics++_C23/Deepfakes/902_901.mp4,1,FAKE,Deepfakes,902
903_792,/Users/nihaldastagiri/Desktop/Major Project/FaceForensics++_C23/Deepfakes/903_792.mp4,1,FAKE,Deepfakes,903
904_046,/Users/nihaldastagiri/Desktop/Major Project/FaceForensics++_C23/Deepfakes/904_046.mp4,1,FAKE,Deepfakes,904
905_860,/Users/nihaldastagiri/Desktop/Major Project/FaceForensics++_C23/Deepfakes/905_860.mp4,1,FAKE,Deepfakes,905
906_847,/Users/nihaldastagiri/Desktop/Major Project/FaceForensics++_C23/Deepfakes/906_847.mp4,1,FAKE,Deepfakes,906
907_795,/Users/nihaldastagiri/Desktop/Major Project/FaceForensics++_C23/Deepfakes/907_795.mp4,1,FAKE,Deepfakes,907
908_207,/Users/nihaldastagiri/Desktop/Major Project/FaceForensics++_C23/Deepfakes/908_207.mp4,1,FAKE,Deepfakes,908
909_857,/Users/nihaldastagiri/Desktop/Major Project/FaceForensics++_C23/Deepfakes/909_857.mp4,1,FAKE,Deepfakes,909
910_911,/Users/nihaldastagiri/Desktop/Major Project/FaceForensics++_C23/Deepfakes/910_911.mp4,1,FAKE,Deepfakes,910
911_910,/Users/nihaldastagiri/Desktop/Major Project/FaceForensics++_C23/Deepfakes/911_910.mp4,1,FAKE,Deepfakes,911
912_927,/Users/nihaldastagiri/Desktop/Major Project/FaceForensics++_C23/Deepfakes/912_927.mp4,1,FAKE,Deepfakes,912
913_893,/Users/nihaldastagiri/Desktop/Major Project/FaceForensics++_C23/Deepfakes/913_893.mp4,1,FAKE,Deepfakes,913
914_899,/Users/nihaldastagiri/Desktop/Major Project/FaceForensics++_C23/Deepfakes/914_899.mp4,1,FAKE,Deepfakes,914
915_895,/Users/nihaldastagiri/Desktop/Major Project/FaceForensics++_C23/Deepfakes/915_895.mp4,1,FAKE,Deepfakes,915
916_783,/Users/nihaldastagiri/Desktop/Major Project/FaceForensics++_C23/Deepfakes/916_783.mp4,1,FAKE,Deepfakes,916
917_924,/Users/nihaldastagiri/Desktop/Major Project/FaceForensics++_C23/Deepfakes/917_924.mp4,1,FAKE,Deepfakes,917
918_934,/Users/nihaldastagiri/Desktop/Major Project/FaceForensics++_C23/Deepfakes/918_934.mp4,1,FAKE,Deepfakes,918
919_015,/Users/nihaldastagiri/Desktop/Major Project/FaceForensics++_C23/Deepfakes/919_015.mp4,1,FAKE,Deepfakes,919
920_811,/Users/nihaldastagiri/Desktop/Major Project/FaceForensics++_C23/Deepfakes/920_811.mp4,1,FAKE,Deepfakes,920
921_569,/Users/nihaldastagiri/Desktop/Major Project/FaceForensics++_C23/Deepfakes/921_569.mp4,1,FAKE,Deepfakes,921
922_898,/Users/nihaldastagiri/Desktop/Major Project/FaceForensics++_C23/Deepfakes/922_898.mp4,1,FAKE,Deepfakes,922
923_023,/Users/nihaldastagiri/Desktop/Major Project/FaceForensics++_C23/Deepfakes/923_023.mp4,1,FAKE,Deepfakes,923
924_917,/Users/nihaldastagiri/Desktop/Major Project/FaceForensics++_C23/Deepfakes/924_917.mp4,1,FAKE,Deepfakes,924
925_933,/Users/nihaldastagiri/Desktop/Major Project/FaceForensics++_C23/Deepfakes/925_933.mp4,1,FAKE,Deepfakes,925
926_900,/Users/nihaldastagiri/Desktop/Major Project/FaceForensics++_C23/Deepfakes/926_900.mp4,1,FAKE,Deepfakes,926
927_912,/Users/nihaldastagiri/Desktop/Major Project/FaceForensics++_C23/Deepfakes/927_912.mp4,1,FAKE,Deepfakes,927
928_160,/Users/nihaldastagiri/Desktop/Major Project/FaceForensics++_C23/Deepfakes/928_160.mp4,1,FAKE,Deepfakes,928
929_962,/Users/nihaldastagiri/Desktop/Major Project/FaceForensics++_C23/Deepfakes/929_962.mp4,1,FAKE,Deepfakes,929
930_763,/Users/nihaldastagiri/Desktop/Major Project/FaceForensics++_C23/Deepfakes/930_763.mp4,1,FAKE,Deepfakes,930
931_936,/Users/nihaldastagiri/Desktop/Major Project/FaceForensics++_C23/Deepfakes/931_936.mp4,1,FAKE,Deepfakes,931
932_384,/Users/nihaldastagiri/Desktop/Major Project/FaceForensics++_C23/Deepfakes/932_384.mp4,1,FAKE,Deepfakes,932
933_925,/Users/nihaldastagiri/Desktop/Major Project/FaceForensics++_C23/Deepfakes/933_925.mp4,1,FAKE,Deepfakes,933
934_918,/Users/nihaldastagiri/Desktop/Major Project/FaceForensics++_C23/Deepfakes/934_918.mp4,1,FAKE,Deepfakes,934
935_733,/Users/nihaldastagiri/Desktop/Major Project/FaceForensics++_C23/Deepfakes/935_733.mp4,1,FAKE,Deepfakes,935
936_931,/Users/nihaldastagiri/Desktop/Major Project/FaceForensics++_C23/Deepfakes/936_931.mp4,1,FAKE,Deepfakes,936
937_888,/Users/nihaldastagiri/Desktop/Major Project/FaceForensics++_C23/Deepfakes/937_888.mp4,1,FAKE,Deepfakes,937
938_987,/Users/nihaldastagiri/Desktop/Major Project/FaceForensics++_C23/Deepfakes/938_987.mp4,1,FAKE,Deepfakes,938
939_115,/Users/nihaldastagiri/Desktop/Major Project/FaceForensics++_C23/Deepfakes/939_115.mp4,1,FAKE,Deepfakes,939
940_941,/Users/nihaldastagiri/Desktop/Major Project/FaceForensics++_C23/Deepfakes/940_941.mp4,1,FAKE,Deepfakes,940
941_940,/Users/nihaldastagiri/Desktop/Major Project/FaceForensics++_C23/Deepfakes/941_940.mp4,1,FAKE,Deepfakes,941
942_943,/Users/nihaldastagiri/Desktop/Major Project/FaceForensics++_C23/Deepfakes/942_943.mp4,1,FAKE,Deepfakes,942
943_942,/Users/nihaldastagiri/Desktop/Major Project/FaceForensics++_C23/Deepfakes/943_942.mp4,1,FAKE,Deepfakes,943
944_032,/Users/nihaldastagiri/Desktop/Major Project/FaceForensics++_C23/Deepfakes/944_032.mp4,1,FAKE,Deepfakes,944
945_044,/Users/nihaldastagiri/Desktop/Major Project/FaceForensics++_C23/Deepfakes/945_044.mp4,1,FAKE,Deepfakes,945
946_049,/Users/nihaldastagiri/Desktop/Major Project/FaceForensics++_C23/Deepfakes/946_049.mp4,1,FAKE,Deepfakes,946
947_951,/Users/nihaldastagiri/Desktop/Major Project/FaceForensics++_C23/Deepfakes/947_951.mp4,1,FAKE,Deepfakes,947
948_965,/Users/nihaldastagiri/Desktop/Major Project/FaceForensics++_C23/Deepfakes/948_965.mp4,1,FAKE,Deepfakes,948
949_868,/Users/nihaldastagiri/Desktop/Major Project/FaceForensics++_C23/Deepfakes/949_868.mp4,1,FAKE,Deepfakes,949
950_836,/Users/nihaldastagiri/Desktop/Major Project/FaceForensics++_C23/Deepfakes/950_836.mp4,1,FAKE,Deepfakes,950
951_947,/Users/nihaldastagiri/Desktop/Major Project/FaceForensics++_C23/Deepfakes/951_947.mp4,1,FAKE,Deepfakes,951
952_882,/Users/nihaldastagiri/Desktop/Major Project/FaceForensics++_C23/Deepfakes/952_882.mp4,1,FAKE,Deepfakes,952
953_974,/Users/nihaldastagiri/Desktop/Major Project/FaceForensics++_C23/Deepfakes/953_974.mp4,1,FAKE,Deepfakes,953
954_976,/Users/nihaldastagiri/Desktop/Major Project/FaceForensics++_C23/Deepfakes/954_976.mp4,1,FAKE,Deepfakes,954
955_078,/Users/nihaldastagiri/Desktop/Major Project/FaceForensics++_C23/Deepfakes/955_078.mp4,1,FAKE,Deepfakes,955
956_958,/Users/nihaldastagiri/Desktop/Major Project/FaceForensics++_C23/Deepfakes/956_958.mp4,1,FAKE,Deepfakes,956
957_959,/Users/nihaldastagiri/Desktop/Major Project/FaceForensics++_C23/Deepfakes/957_959.mp4,1,FAKE,Deepfakes,957
958_956,/Users/nihaldastagiri/Desktop/Major Project/FaceForensics++_C23/Deepfakes/958_956.mp4,1,FAKE,Deepfakes,958
959_957,/Users/nihaldastagiri/Desktop/Major Project/FaceForensics++_C23/Deepfakes/959_957.mp4,1,FAKE,Deepfakes,959
960_999,/Users/nihaldastagiri/Desktop/Major Project/FaceForensics++_C23/Deepfakes/960_999.mp4,1,FAKE,Deepfakes,960
961_069,/Users/nihaldastagiri/Desktop/Major Project/FaceForensics++_C23/Deepfakes/961_069.mp4,1,FAKE,Deepfakes,961
962_929,/Users/nihaldastagiri/Desktop/Major Project/FaceForensics++_C23/Deepfakes/962_929.mp4,1,FAKE,Deepfakes,962
963_879,/Users/nihaldastagiri/Desktop/Major Project/FaceForensics++_C23/Deepfakes/963_879.mp4,1,FAKE,Deepfakes,963
964_174,/Users/nihaldastagiri/Desktop/Major Project/FaceForensics++_C23/Deepfakes/964_174.mp4,1,FAKE,Deepfakes,964
965_948,/Users/nihaldastagiri/Desktop/Major Project/FaceForensics++_C23/Deepfakes/965_948.mp4,1,FAKE,Deepfakes,965
966_988,/Users/nihaldastagiri/Desktop/Major Project/FaceForensics++_C23/Deepfakes/966_988.mp4,1,FAKE,Deepfakes,966
967_984,/Users/nihaldastagiri/Desktop/Major Project/FaceForensics++_C23/Deepfakes/967_984.mp4,1,FAKE,Deepfakes,967
968_884,/Users/nihaldastagiri/Desktop/Major Project/FaceForensics++_C23/Deepfakes/968_884.mp4,1,FAKE,Deepfakes,968
969_897,/Users/nihaldastagiri/Desktop/Major Project/FaceForensics++_C23/Deepfakes/969_897.mp4,1,FAKE,Deepfakes,969
970_973,/Users/nihaldastagiri/Desktop/Major Project/FaceForensics++_C23/Deepfakes/970_973.mp4,1,FAKE,Deepfakes,970
971_564,/Users/nihaldastagiri/Desktop/Major Project/FaceForensics++_C23/Deepfakes/971_564.mp4,1,FAKE,Deepfakes,971
972_718,/Users/nihaldastagiri/Desktop/Major Project/FaceForensics++_C23/Deepfakes/972_718.mp4,1,FAKE,Deepfakes,972
973_970,/Users/nihaldastagiri/Desktop/Major Project/FaceForensics++_C23/Deepfakes/973_970.mp4,1,FAKE,Deepfakes,973
974_953,/Users/nihaldastagiri/Desktop/Major Project/FaceForensics++_C23/Deepfakes/974_953.mp4,1,FAKE,Deepfakes,974
975_978,/Users/nihaldastagiri/Desktop/Major Project/FaceForensics++_C23/Deepfakes/975_978.mp4,1,FAKE,Deepfakes,975
976_954,/Users/nihaldastagiri/Desktop/Major Project/FaceForensics++_C23/Deepfakes/976_954.mp4,1,FAKE,Deepfakes,976
977_075,/Users/nihaldastagiri/Desktop/Major Project/FaceForensics++_C23/Deepfakes/977_075.mp4,1,FAKE,Deepfakes,977
978_975,/Users/nihaldastagiri/Desktop/Major Project/FaceForensics++_C23/Deepfakes/978_975.mp4,1,FAKE,Deepfakes,978
979_875,/Users/nihaldastagiri/Desktop/Major Project/FaceForensics++_C23/Deepfakes/979_875.mp4,1,FAKE,Deepfakes,979
980_992,/Users/nihaldastagiri/Desktop/Major Project/FaceForensics++_C23/Deepfakes/980_992.mp4,1,FAKE,Deepfakes,980
981_985,/Users/nihaldastagiri/Desktop/Major Project/FaceForensics++_C23/Deepfakes/981_985.mp4,1,FAKE,Deepfakes,981
982_004,/Users/nihaldastagiri/Desktop/Major Project/FaceForensics++_C23/Deepfakes/982_004.mp4,1,FAKE,Deepfakes,982
983_113,/Users/nihaldastagiri/Desktop/Major Project/FaceForensics++_C23/Deepfakes/983_113.mp4,1,FAKE,Deepfakes,983
984_967,/Users/nihaldastagiri/Desktop/Major Project/FaceForensics++_C23/Deepfakes/984_967.mp4,1,FAKE,Deepfakes,984
985_981,/Users/nihaldastagiri/Desktop/Major Project/FaceForensics++_C23/Deepfakes/985_981.mp4,1,FAKE,Deepfakes,985
986_994,/Users/nihaldastagiri/Desktop/Major Project/FaceForensics++_C23/Deepfakes/986_994.mp4,1,FAKE,Deepfakes,986
987_938,/Users/nihaldastagiri/Desktop/Major Project/FaceForensics++_C23/Deepfakes/987_938.mp4,1,FAKE,Deepfakes,987
988_966,/Users/nihaldastagiri/Desktop/Major Project/FaceForensics++_C23/Deepfakes/988_966.mp4,1,FAKE,Deepfakes,988
989_993,/Users/nihaldastagiri/Desktop/Major Project/FaceForensics++_C23/Deepfakes/989_993.mp4,1,FAKE,Deepfakes,989
990_008,/Users/nihaldastagiri/Desktop/Major Project/FaceForensics++_C23/Deepfakes/990_008.mp4,1,FAKE,Deepfakes,990
991_064,/Users/nihaldastagiri/Desktop/Major Project/FaceForensics++_C23/Deepfakes/991_064.mp4,1,FAKE,Deepfakes,991
992_980,/Users/nihaldastagiri/Desktop/Major Project/FaceForensics++_C23/Deepfakes/992_980.mp4,1,FAKE,Deepfakes,992
993_989,/Users/nihaldastagiri/Desktop/Major Project/FaceForensics++_C23/Deepfakes/993_989.mp4,1,FAKE,Deepfakes,993
994_986,/Users/nihaldastagiri/Desktop/Major Project/FaceForensics++_C23/Deepfakes/994_986.mp4,1,FAKE,Deepfakes,994
995_233,/Users/nihaldastagiri/Desktop/Major Project/FaceForensics++_C23/Deepfakes/995_233.mp4,1,FAKE,Deepfakes,995
996_056,/Users/nihaldastagiri/Desktop/Major Project/FaceForensics++_C23/Deepfakes/996_056.mp4,1,FAKE,Deepfakes,996
997_040,/Users/nihaldastagiri/Desktop/Major Project/FaceForensics++_C23/Deepfakes/997_040.mp4,1,FAKE,Deepfakes,997
998_561,/Users/nihaldastagiri/Desktop/Major Project/FaceForensics++_C23/Deepfakes/998_561.mp4,1,FAKE,Deepfakes,998
999_960,/Users/nihaldastagiri/Desktop/Major Project/FaceForensics++_C23/Deepfakes/999_960.mp4,1,FAKE,Deepfakes,999
000_003,/Users/nihaldastagiri/Desktop/Major Project/FaceForensics++_C23/Face2Face/000_003.mp4,1,FAKE,Face2Face,000
001_870,/Users/nihaldastagiri/Desktop/Major Project/FaceForensics++_C23/Face2Face/001_870.mp4,1,FAKE,Face2Face,001
002_006,/Users/nihaldastagiri/Desktop/Major Project/FaceForensics++_C23/Face2Face/002_006.mp4,1,FAKE,Face2Face,002
003_000,/Users/nihaldastagiri/Desktop/Major Project/FaceForensics++_C23/Face2Face/003_000.mp4,1,FAKE,Face2Face,003
004_982,/Users/nihaldastagiri/Desktop/Major Project/FaceForensics++_C23/Face2Face/004_982.mp4,1,FAKE,Face2Face,004
005_010,/Users/nihaldastagiri/Desktop/Major Project/FaceForensics++_C23/Face2Face/005_010.mp4,1,FAKE,Face2Face,005
006_002,/Users/nihaldastagiri/Desktop/Major Project/FaceForensics++_C23/Face2Face/006_002.mp4,1,FAKE,Face2Face,006
007_132,/Users/nihaldastagiri/Desktop/Major Project/FaceForensics++_C23/Face2Face/007_132.mp4,1,FAKE,Face2Face,007
008_990,/Users/nihaldastagiri/Desktop/Major Project/FaceForensics++_C23/Face2Face/008_990.mp4,1,FAKE,Face2Face,008
009_027,/Users/nihaldastagiri/Desktop/Major Project/FaceForensics++_C23/Face2Face/009_027.mp4,1,FAKE,Face2Face,009
010_005,/Users/nihaldastagiri/Desktop/Major Project/FaceForensics++_C23/Face2Face/010_005.mp4,1,FAKE,Face2Face,010
011_805,/Users/nihaldastagiri/Desktop/Major Project/FaceForensics++_C23/Face2Face/011_805.mp4,1,FAKE,Face2Face,011
012_026,/Users/nihaldastagiri/Desktop/Major Project/FaceForensics++_C23/Face2Face/012_026.mp4,1,FAKE,Face2Face,012
013_883,/Users/nihaldastagiri/Desktop/Major Project/FaceForensics++_C23/Face2Face/013_883.mp4,1,FAKE,Face2Face,013
014_790,/Users/nihaldastagiri/Desktop/Major Project/FaceForensics++_C23/Face2Face/014_790.mp4,1,FAKE,Face2Face,014
015_919,/Users/nihaldastagiri/Desktop/Major Project/FaceForensics++_C23/Face2Face/015_919.mp4,1,FAKE,Face2Face,015
016_209,/Users/nihaldastagiri/Desktop/Major Project/FaceForensics++_C23/Face2Face/016_209.mp4,1,FAKE,Face2Face,016
017_803,/Users/nihaldastagiri/Desktop/Major Project/FaceForensics++_C23/Face2Face/017_803.mp4,1,FAKE,Face2Face,017
018_019,/Users/nihaldastagiri/Desktop/Major Project/FaceForensics++_C23/Face2Face/018_019.mp4,1,FAKE,Face2Face,018
019_018,/Users/nihaldastagiri/Desktop/Major Project/FaceForensics++_C23/Face2Face/019_018.mp4,1,FAKE,Face2Face,019
020_344,/Users/nihaldastagiri/Desktop/Major Project/FaceForensics++_C23/Face2Face/020_344.mp4,1,FAKE,Face2Face,020
021_312,/Users/nihaldastagiri/Desktop/Major Project/FaceForensics++_C23/Face2Face/021_312.mp4,1,FAKE,Face2Face,021
022_489,/Users/nihaldastagiri/Desktop/Major Project/FaceForensics++_C23/Face2Face/022_489.mp4,1,FAKE,Face2Face,022
023_923,/Users/nihaldastagiri/Desktop/Major Project/FaceForensics++_C23/Face2Face/023_923.mp4,1,FAKE,Face2Face,023
024_073,/Users/nihaldastagiri/Desktop/Major Project/FaceForensics++_C23/Face2Face/024_073.mp4,1,FAKE,Face2Face,024
025_067,/Users/nihaldastagiri/Desktop/Major Project/FaceForensics++_C23/Face2Face/025_067.mp4,1,FAKE,Face2Face,025
026_012,/Users/nihaldastagiri/Desktop/Major Project/FaceForensics++_C23/Face2Face/026_012.mp4,1,FAKE,Face2Face,026
027_009,/Users/nihaldastagiri/Desktop/Major Project/FaceForensics++_C23/Face2Face/027_009.mp4,1,FAKE,Face2Face,027
028_068,/Users/nihaldastagiri/Desktop/Major Project/FaceForensics++_C23/Face2Face/028_068.mp4,1,FAKE,Face2Face,028
029_048,/Users/nihaldastagiri/Desktop/Major Project/FaceForensics++_C23/Face2Face/029_048.mp4,1,FAKE,Face2Face,029
030_193,/Users/nihaldastagiri/Desktop/Major Project/FaceForensics++_C23/Face2Face/030_193.mp4,1,FAKE,Face2Face,030
031_163,/Users/nihaldastagiri/Desktop/Major Project/FaceForensics++_C23/Face2Face/031_163.mp4,1,FAKE,Face2Face,031
032_944,/Users/nihaldastagiri/Desktop/Major Project/FaceForensics++_C23/Face2Face/032_944.mp4,1,FAKE,Face2Face,032
033_097,/Users/nihaldastagiri/Desktop/Major Project/FaceForensics++_C23/Face2Face/033_097.mp4,1,FAKE,Face2Face,033
034_590,/Users/nihaldastagiri/Desktop/Major Project/FaceForensics++_C23/Face2Face/034_590.mp4,1,FAKE,Face2Face,034
035_036,/Users/nihaldastagiri/Desktop/Major Project/FaceForensics++_C23/Face2Face/035_036.mp4,1,FAKE,Face2Face,035
036_035,/Users/nihaldastagiri/Desktop/Major Project/FaceForensics++_C23/Face2Face/036_035.mp4,1,FAKE,Face2Face,036
037_072,/Users/nihaldastagiri/Desktop/Major Project/FaceForensics++_C23/Face2Face/037_072.mp4,1,FAKE,Face2Face,037
038_125,/Users/nihaldastagiri/Desktop/Major Project/FaceForensics++_C23/Face2Face/038_125.mp4,1,FAKE,Face2Face,038
039_058,/Users/nihaldastagiri/Desktop/Major Project/FaceForensics++_C23/Face2Face/039_058.mp4,1,FAKE,Face2Face,039
040_997,/Users/nihaldastagiri/Desktop/Major Project/FaceForensics++_C23/Face2Face/040_997.mp4,1,FAKE,Face2Face,040
041_063,/Users/nihaldastagiri/Desktop/Major Project/FaceForensics++_C23/Face2Face/041_063.mp4,1,FAKE,Face2Face,041
042_084,/Users/nihaldastagiri/Desktop/Major Project/FaceForensics++_C23/Face2Face/042_084.mp4,1,FAKE,Face2Face,042
043_110,/Users/nihaldastagiri/Desktop/Major Project/FaceForensics++_C23/Face2Face/043_110.mp4,1,FAKE,Face2Face,043
044_945,/Users/nihaldastagiri/Desktop/Major Project/FaceForensics++_C23/Face2Face/044_945.mp4,1,FAKE,Face2Face,044
045_889,/Users/nihaldastagiri/Desktop/Major Project/FaceForensics++_C23/Face2Face/045_889.mp4,1,FAKE,Face2Face,045
046_904,/Users/nihaldastagiri/Desktop/Major Project/FaceForensics++_C23/Face2Face/046_904.mp4,1,FAKE,Face2Face,046
047_862,/Users/nihaldastagiri/Desktop/Major Project/FaceForensics++_C23/Face2Face/047_862.mp4,1,FAKE,Face2Face,047
048_029,/Users/nihaldastagiri/Desktop/Major Project/FaceForensics++_C23/Face2Face/048_029.mp4,1,FAKE,Face2Face,048
049_946,/Users/nihaldastagiri/Desktop/Major Project/FaceForensics++_C23/Face2Face/049_946.mp4,1,FAKE,Face2Face,049
050_059,/Users/nihaldastagiri/Desktop/Major Project/FaceForensics++_C23/Face2Face/050_059.mp4,1,FAKE,Face2Face,050
051_332,/Users/nihaldastagiri/Desktop/Major Project/FaceForensics++_C23/Face2Face/051_332.mp4,1,FAKE,Face2Face,051
052_108,/Users/nihaldastagiri/Desktop/Major Project/FaceForensics++_C23/Face2Face/052_108.mp4,1,FAKE,Face2Face,052
053_095,/Users/nihaldastagiri/Desktop/Major Project/FaceForensics++_C23/Face2Face/053_095.mp4,1,FAKE,Face2Face,053
054_071,/Users/nihaldastagiri/Desktop/Major Project/FaceForensics++_C23/Face2Face/054_071.mp4,1,FAKE,Face2Face,054
055_147,/Users/nihaldastagiri/Desktop/Major Project/FaceForensics++_C23/Face2Face/055_147.mp4,1,FAKE,Face2Face,055
056_996,/Users/nihaldastagiri/Desktop/Major Project/FaceForensics++_C23/Face2Face/056_996.mp4,1,FAKE,Face2Face,056
057_070,/Users/nihaldastagiri/Desktop/Major Project/FaceForensics++_C23/Face2Face/057_070.mp4,1,FAKE,Face2Face,057
058_039,/Users/nihaldastagiri/Desktop/Major Project/FaceForensics++_C23/Face2Face/058_039.mp4,1,FAKE,Face2Face,058
059_050,/Users/nihaldastagiri/Desktop/Major Project/FaceForensics++_C23/Face2Face/059_050.mp4,1,FAKE,Face2Face,059
060_088,/Users/nihaldastagiri/Desktop/Major Project/FaceForensics++_C23/Face2Face/060_088.mp4,1,FAKE,Face2Face,060
061_080,/Users/nihaldastagiri/Desktop/Major Project/FaceForensics++_C23/Face2Face/061_080.mp4,1,FAKE,Face2Face,061
062_066,/Users/nihaldastagiri/Desktop/Major Project/FaceForensics++_C23/Face2Face/062_066.mp4,1,FAKE,Face2Face,062
063_041,/Users/nihaldastagiri/Desktop/Major Project/FaceForensics++_C23/Face2Face/063_041.mp4,1,FAKE,Face2Face,063
064_991,/Users/nihaldastagiri/Desktop/Major Project/FaceForensics++_C23/Face2Face/064_991.mp4,1,FAKE,Face2Face,064
065_089,/Users/nihaldastagiri/Desktop/Major Project/FaceForensics++_C23/Face2Face/065_089.mp4,1,FAKE,Face2Face,065
066_062,/Users/nihaldastagiri/Desktop/Major Project/FaceForensics++_C23/Face2Face/066_062.mp4,1,FAKE,Face2Face,066
067_025,/Users/nihaldastagiri/Desktop/Major Project/FaceForensics++_C23/Face2Face/067_025.mp4,1,FAKE,Face2Face,067
068_028,/Users/nihaldastagiri/Desktop/Major Project/FaceForensics++_C23/Face2Face/068_028.mp4,1,FAKE,Face2Face,068
069_961,/Users/nihaldastagiri/Desktop/Major Project/FaceForensics++_C23/Face2Face/069_961.mp4,1,FAKE,Face2Face,069
070_057,/Users/nihaldastagiri/Desktop/Major Project/FaceForensics++_C23/Face2Face/070_057.mp4,1,FAKE,Face2Face,070
071_054,/Users/nihaldastagiri/Desktop/Major Project/FaceForensics++_C23/Face2Face/071_054.mp4,1,FAKE,Face2Face,071
072_037,/Users/nihaldastagiri/Desktop/Major Project/FaceForensics++_C23/Face2Face/072_037.mp4,1,FAKE,Face2Face,072
073_024,/Users/nihaldastagiri/Desktop/Major Project/FaceForensics++_C23/Face2Face/073_024.mp4,1,FAKE,Face2Face,073
074_825,/Users/nihaldastagiri/Desktop/Major Project/FaceForensics++_C23/Face2Face/074_825.mp4,1,FAKE,Face2Face,074
075_977,/Users/nihaldastagiri/Desktop/Major Project/FaceForensics++_C23/Face2Face/075_977.mp4,1,FAKE,Face2Face,075
076_079,/Users/nihaldastagiri/Desktop/Major Project/FaceForensics++_C23/Face2Face/076_079.mp4,1,FAKE,Face2Face,076
077_100,/Users/nihaldastagiri/Desktop/Major Project/FaceForensics++_C23/Face2Face/077_100.mp4,1,FAKE,Face2Face,077
078_955,/Users/nihaldastagiri/Desktop/Major Project/FaceForensics++_C23/Face2Face/078_955.mp4,1,FAKE,Face2Face,078
079_076,/Users/nihaldastagiri/Desktop/Major Project/FaceForensics++_C23/Face2Face/079_076.mp4,1,FAKE,Face2Face,079
080_061,/Users/nihaldastagiri/Desktop/Major Project/FaceForensics++_C23/Face2Face/080_061.mp4,1,FAKE,Face2Face,080
081_087,/Users/nihaldastagiri/Desktop/Major Project/FaceForensics++_C23/Face2Face/081_087.mp4,1,FAKE,Face2Face,081
082_103,/Users/nihaldastagiri/Desktop/Major Project/FaceForensics++_C23/Face2Face/082_103.mp4,1,FAKE,Face2Face,082
083_213,/Users/nihaldastagiri/Desktop/Major Project/FaceForensics++_C23/Face2Face/083_213.mp4,1,FAKE,Face2Face,083
084_042,/Users/nihaldastagiri/Desktop/Major Project/FaceForensics++_C23/Face2Face/084_042.mp4,1,FAKE,Face2Face,084
085_124,/Users/nihaldastagiri/Desktop/Major Project/FaceForensics++_C23/Face2Face/085_124.mp4,1,FAKE,Face2Face,085
086_090,/Users/nihaldastagiri/Desktop/Major Project/FaceForensics++_C23/Face2Face/086_090.mp4,1,FAKE,Face2Face,086
087_081,/Users/nihaldastagiri/Desktop/Major Project/FaceForensics++_C23/Face2Face/087_081.mp4,1,FAKE,Face2Face,087
088_060,/Users/nihaldastagiri/Desktop/Major Project/FaceForensics++_C23/Face2Face/088_060.mp4,1,FAKE,Face2Face,088
089_065,/Users/nihaldastagiri/Desktop/Major Project/FaceForensics++_C23/Face2Face/089_065.mp4,1,FAKE,Face2Face,089
090_086,/Users/nihaldastagiri/Desktop/Major Project/FaceForensics++_C23/Face2Face/090_086.mp4,1,FAKE,Face2Face,090
091_116,/Users/nihaldastagiri/Desktop/Major Project/FaceForensics++_C23/Face2Face/091_116.mp4,1,FAKE,Face2Face,091
092_098,/Users/nihaldastagiri/Desktop/Major Project/FaceForensics++_C23/Face2Face/092_098.mp4,1,FAKE,Face2Face,092
093_121,/Users/nihaldastagiri/Desktop/Major Project/FaceForensics++_C23/Face2Face/093_121.mp4,1,FAKE,Face2Face,093
094_111,/Users/nihaldastagiri/Desktop/Major Project/FaceForensics++_C23/Face2Face/094_111.mp4,1,FAKE,Face2Face,094
095_053,/Users/nihaldastagiri/Desktop/Major Project/FaceForensics++_C23/Face2Face/095_053.mp4,1,FAKE,Face2Face,095
096_101,/Users/nihaldastagiri/Desktop/Major Project/FaceForensics++_C23/Face2Face/096_101.mp4,1,FAKE,Face2Face,096
097_033,/Users/nihaldastagiri/Desktop/Major Project/FaceForensics++_C23/Face2Face/097_033.mp4,1,FAKE,Face2Face,097
098_092,/Users/nihaldastagiri/Desktop/Major Project/FaceForensics++_C23/Face2Face/098_092.mp4,1,FAKE,Face2Face,098
099_295,/Users/nihaldastagiri/Desktop/Major Project/FaceForensics++_C23/Face2Face/099_295.mp4,1,FAKE,Face2Face,099
100_077,/Users/nihaldastagiri/Desktop/Major Project/FaceForensics++_C23/Face2Face/100_077.mp4,1,FAKE,Face2Face,100
101_096,/Users/nihaldastagiri/Desktop/Major Project/FaceForensics++_C23/Face2Face/101_096.mp4,1,FAKE,Face2Face,101
102_114,/Users/nihaldastagiri/Desktop/Major Project/FaceForensics++_C23/Face2Face/102_114.mp4,1,FAKE,Face2Face,102
103_082,/Users/nihaldastagiri/Desktop/Major Project/FaceForensics++_C23/Face2Face/103_082.mp4,1,FAKE,Face2Face,103
104_126,/Users/nihaldastagiri/Desktop/Major Project/FaceForensics++_C23/Face2Face/104_126.mp4,1,FAKE,Face2Face,104
105_180,/Users/nihaldastagiri/Desktop/Major Project/FaceForensics++_C23/Face2Face/105_180.mp4,1,FAKE,Face2Face,105
106_198,/Users/nihaldastagiri/Desktop/Major Project/FaceForensics++_C23/Face2Face/106_198.mp4,1,FAKE,Face2Face,106
107_109,/Users/nihaldastagiri/Desktop/Major Project/FaceForensics++_C23/Face2Face/107_109.mp4,1,FAKE,Face2Face,107
108_052,/Users/nihaldastagiri/Desktop/Major Project/FaceForensics++_C23/Face2Face/108_052.mp4,1,FAKE,Face2Face,108
109_107,/Users/nihaldastagiri/Desktop/Major Project/FaceForensics++_C23/Face2Face/109_107.mp4,1,FAKE,Face2Face,109
110_043,/Users/nihaldastagiri/Desktop/Major Project/FaceForensics++_C23/Face2Face/110_043.mp4,1,FAKE,Face2Face,110
111_094,/Users/nihaldastagiri/Desktop/Major Project/FaceForensics++_C23/Face2Face/111_094.mp4,1,FAKE,Face2Face,111
112_892,/Users/nihaldastagiri/Desktop/Major Project/FaceForensics++_C23/Face2Face/112_892.mp4,1,FAKE,Face2Face,112
113_983,/Users/nihaldastagiri/Desktop/Major Project/FaceForensics++_C23/Face2Face/113_983.mp4,1,FAKE,Face2Face,113
114_102,/Users/nihaldastagiri/Desktop/Major Project/FaceForensics++_C23/Face2Face/114_102.mp4,1,FAKE,Face2Face,114
115_939,/Users/nihaldastagiri/Desktop/Major Project/FaceForensics++_C23/Face2Face/115_939.mp4,1,FAKE,Face2Face,115
116_091,/Users/nihaldastagiri/Desktop/Major Project/FaceForensics++_C23/Face2Face/116_091.mp4,1,FAKE,Face2Face,116
117_217,/Users/nihaldastagiri/Desktop/Major Project/FaceForensics++_C23/Face2Face/117_217.mp4,1,FAKE,Face2Face,117
118_120,/Users/nihaldastagiri/Desktop/Major Project/FaceForensics++_C23/Face2Face/118_120.mp4,1,FAKE,Face2Face,118
119_123,/Users/nihaldastagiri/Desktop/Major Project/FaceForensics++_C23/Face2Face/119_123.mp4,1,FAKE,Face2Face,119
120_118,/Users/nihaldastagiri/Desktop/Major Project/FaceForensics++_C23/Face2Face/120_118.mp4,1,FAKE,Face2Face,120
121_093,/Users/nihaldastagiri/Desktop/Major Project/FaceForensics++_C23/Face2Face/121_093.mp4,1,FAKE,Face2Face,121
122_144,/Users/nihaldastagiri/Desktop/Major Project/FaceForensics++_C23/Face2Face/122_144.mp4,1,FAKE,Face2Face,122
123_119,/Users/nihaldastagiri/Desktop/Major Project/FaceForensics++_C23/Face2Face/123_119.mp4,1,FAKE,Face2Face,123
124_085,/Users/nihaldastagiri/Desktop/Major Project/FaceForensics++_C23/Face2Face/124_085.mp4,1,FAKE,Face2Face,124
125_038,/Users/nihaldastagiri/Desktop/Major Project/FaceForensics++_C23/Face2Face/125_038.mp4,1,FAKE,Face2Face,125
126_104,/Users/nihaldastagiri/Desktop/Major Project/FaceForensics++_C23/Face2Face/126_104.mp4,1,FAKE,Face2Face,126
127_129,/Users/nihaldastagiri/Desktop/Major Project/FaceForensics++_C23/Face2Face/127_129.mp4,1,FAKE,Face2Face,127
128_896,/Users/nihaldastagiri/Desktop/Major Project/FaceForensics++_C23/Face2Face/128_896.mp4,1,FAKE,Face2Face,128
129_127,/Users/nihaldastagiri/Desktop/Major Project/FaceForensics++_C23/Face2Face/129_127.mp4,1,FAKE,Face2Face,129
130_139,/Users/nihaldastagiri/Desktop/Major Project/FaceForensics++_C23/Face2Face/130_139.mp4,1,FAKE,Face2Face,130
131_518,/Users/nihaldastagiri/Desktop/Major Project/FaceForensics++_C23/Face2Face/131_518.mp4,1,FAKE,Face2Face,131
132_007,/Users/nihaldastagiri/Desktop/Major Project/FaceForensics++_C23/Face2Face/132_007.mp4,1,FAKE,Face2Face,132
133_148,/Users/nihaldastagiri/Desktop/Major Project/FaceForensics++_C23/Face2Face/133_148.mp4,1,FAKE,Face2Face,133
134_192,/Users/nihaldastagiri/Desktop/Major Project/FaceForensics++_C23/Face2Face/134_192.mp4,1,FAKE,Face2Face,134
135_880,/Users/nihaldastagiri/Desktop/Major Project/FaceForensics++_C23/Face2Face/135_880.mp4,1,FAKE,Face2Face,135
136_285,/Users/nihaldastagiri/Desktop/Major Project/FaceForensics++_C23/Face2Face/136_285.mp4,1,FAKE,Face2Face,136
137_165,/Users/nihaldastagiri/Desktop/Major Project/FaceForensics++_C23/Face2Face/137_165.mp4,1,FAKE,Face2Face,137
138_142,/Users/nihaldastagiri/Desktop/Major Project/FaceForensics++_C23/Face2Face/138_142.mp4,1,FAKE,Face2Face,138
139_130,/Users/nihaldastagiri/Desktop/Major Project/FaceForensics++_C23/Face2Face/139_130.mp4,1,FAKE,Face2Face,139
140_143,/Users/nihaldastagiri/Desktop/Major Project/FaceForensics++_C23/Face2Face/140_143.mp4,1,FAKE,Face2Face,140
141_161,/Users/nihaldastagiri/Desktop/Major Project/FaceForensics++_C23/Face2Face/141_161.mp4,1,FAKE,Face2Face,141
142_138,/Users/nihaldastagiri/Desktop/Major Project/FaceForensics++_C23/Face2Face/142_138.mp4,1,FAKE,Face2Face,142
143_140,/Users/nihaldastagiri/Desktop/Major Project/FaceForensics++_C23/Face2Face/143_140.mp4,1,FAKE,Face2Face,143
144_122,/Users/nihaldastagiri/Desktop/Major Project/FaceForensics++_C23/Face2Face/144_122.mp4,1,FAKE,Face2Face,144
145_299,/Users/nihaldastagiri/Desktop/Major Project/FaceForensics++_C23/Face2Face/145_299.mp4,1,FAKE,Face2Face,145
146_256,/Users/nihaldastagiri/Desktop/Major Project/FaceForensics++_C23/Face2Face/146_256.mp4,1,FAKE,Face2Face,146
147_055,/Users/nihaldastagiri/Desktop/Major Project/FaceForensics++_C23/Face2Face/147_055.mp4,1,FAKE,Face2Face,147
148_133,/Users/nihaldastagiri/Desktop/Major Project/FaceForensics++_C23/Face2Face/148_133.mp4,1,FAKE,Face2Face,148
149_152,/Users/nihaldastagiri/Desktop/Major Project/FaceForensics++_C23/Face2Face/149_152.mp4,1,FAKE,Face2Face,149
150_153,/Users/nihaldastagiri/Desktop/Major Project/FaceForensics++_C23/Face2Face/150_153.mp4,1,FAKE,Face2Face,150
151_225,/Users/nihaldastagiri/Desktop/Major Project/FaceForensics++_C23/Face2Face/151_225.mp4,1,FAKE,Face2Face,151
152_149,/Users/nihaldastagiri/Desktop/Major Project/FaceForensics++_C23/Face2Face/152_149.mp4,1,FAKE,Face2Face,152
153_150,/Users/nihaldastagiri/Desktop/Major Project/FaceForensics++_C23/Face2Face/153_150.mp4,1,FAKE,Face2Face,153
154_386,/Users/nihaldastagiri/Desktop/Major Project/FaceForensics++_C23/Face2Face/154_386.mp4,1,FAKE,Face2Face,154
155_576,/Users/nihaldastagiri/Desktop/Major Project/FaceForensics++_C23/Face2Face/155_576.mp4,1,FAKE,Face2Face,155
156_243,/Users/nihaldastagiri/Desktop/Major Project/FaceForensics++_C23/Face2Face/156_243.mp4,1,FAKE,Face2Face,156
157_245,/Users/nihaldastagiri/Desktop/Major Project/FaceForensics++_C23/Face2Face/157_245.mp4,1,FAKE,Face2Face,157
158_379,/Users/nihaldastagiri/Desktop/Major Project/FaceForensics++_C23/Face2Face/158_379.mp4,1,FAKE,Face2Face,158
159_175,/Users/nihaldastagiri/Desktop/Major Project/FaceForensics++_C23/Face2Face/159_175.mp4,1,FAKE,Face2Face,159
160_928,/Users/nihaldastagiri/Desktop/Major Project/FaceForensics++_C23/Face2Face/160_928.mp4,1,FAKE,Face2Face,160
161_141,/Users/nihaldastagiri/Desktop/Major Project/FaceForensics++_C23/Face2Face/161_141.mp4,1,FAKE,Face2Face,161
162_330,/Users/nihaldastagiri/Desktop/Major Project/FaceForensics++_C23/Face2Face/162_330.mp4,1,FAKE,Face2Face,162
163_031,/Users/nihaldastagiri/Desktop/Major Project/FaceForensics++_C23/Face2Face/163_031.mp4,1,FAKE,Face2Face,163
164_216,/Users/nihaldastagiri/Desktop/Major Project/FaceForensics++_C23/Face2Face/164_216.mp4,1,FAKE,Face2Face,164
165_137,/Users/nihaldastagiri/Desktop/Major Project/FaceForensics++_C23/Face2Face/165_137.mp4,1,FAKE,Face2Face,165
166_167,/Users/nihaldastagiri/Desktop/Major Project/FaceForensics++_C23/Face2Face/166_167.mp4,1,FAKE,Face2Face,166
167_166,/Users/nihaldastagiri/Desktop/Major Project/FaceForensics++_C23/Face2Face/167_166.mp4,1,FAKE,Face2Face,167
168_222,/Users/nihaldastagiri/Desktop/Major Project/FaceForensics++_C23/Face2Face/168_222.mp4,1,FAKE,Face2Face,168
169_227,/Users/nihaldastagiri/Desktop/Major Project/FaceForensics++_C23/Face2Face/169_227.mp4,1,FAKE,Face2Face,169
170_186,/Users/nihaldastagiri/Desktop/Major Project/FaceForensics++_C23/Face2Face/170_186.mp4,1,FAKE,Face2Face,170
171_173,/Users/nihaldastagiri/Desktop/Major Project/FaceForensics++_C23/Face2Face/171_173.mp4,1,FAKE,Face2Face,171
172_582,/Users/nihaldastagiri/Desktop/Major Project/FaceForensics++_C23/Face2Face/172_582.mp4,1,FAKE,Face2Face,172
173_171,/Users/nihaldastagiri/Desktop/Major Project/FaceForensics++_C23/Face2Face/173_171.mp4,1,FAKE,Face2Face,173
174_964,/Users/nihaldastagiri/Desktop/Major Project/FaceForensics++_C23/Face2Face/174_964.mp4,1,FAKE,Face2Face,174
175_159,/Users/nihaldastagiri/Desktop/Major Project/FaceForensics++_C23/Face2Face/175_159.mp4,1,FAKE,Face2Face,175
176_190,/Users/nihaldastagiri/Desktop/Major Project/FaceForensics++_C23/Face2Face/176_190.mp4,1,FAKE,Face2Face,176
177_211,/Users/nihaldastagiri/Desktop/Major Project/FaceForensics++_C23/Face2Face/177_211.mp4,1,FAKE,Face2Face,177
178_598,/Users/nihaldastagiri/Desktop/Major Project/FaceForensics++_C23/Face2Face/178_598.mp4,1,FAKE,Face2Face,178
179_212,/Users/nihaldastagiri/Desktop/Major Project/FaceForensics++_C23/Face2Face/179_212.mp4,1,FAKE,Face2Face,179
180_105,/Users/nihaldastagiri/Desktop/Major Project/FaceForensics++_C23/Face2Face/180_105.mp4,1,FAKE,Face2Face,180
181_199,/Users/nihaldastagiri/Desktop/Major Project/FaceForensics++_C23/Face2Face/181_199.mp4,1,FAKE,Face2Face,181
182_242,/Users/nihaldastagiri/Desktop/Major Project/FaceForensics++_C23/Face2Face/182_242.mp4,1,FAKE,Face2Face,182
183_253,/Users/nihaldastagiri/Desktop/Major Project/FaceForensics++_C23/Face2Face/183_253.mp4,1,FAKE,Face2Face,183
184_205,/Users/nihaldastagiri/Desktop/Major Project/FaceForensics++_C23/Face2Face/184_205.mp4,1,FAKE,Face2Face,184
185_276,/Users/nihaldastagiri/Desktop/Major Project/FaceForensics++_C23/Face2Face/185_276.mp4,1,FAKE,Face2Face,185
186_170,/Users/nihaldastagiri/Desktop/Major Project/FaceForensics++_C23/Face2Face/186_170.mp4,1,FAKE,Face2Face,186
187_234,/Users/nihaldastagiri/Desktop/Major Project/FaceForensics++_C23/Face2Face/187_234.mp4,1,FAKE,Face2Face,187
188_191,/Users/nihaldastagiri/Desktop/Major Project/FaceForensics++_C23/Face2Face/188_191.mp4,1,FAKE,Face2Face,188
189_200,/Users/nihaldastagiri/Desktop/Major Project/FaceForensics++_C23/Face2Face/189_200.mp4,1,FAKE,Face2Face,189
190_176,/Users/nihaldastagiri/Desktop/Major Project/FaceForensics++_C23/Face2Face/190_176.mp4,1,FAKE,Face2Face,190
191_188,/Users/nihaldastagiri/Desktop/Major Project/FaceForensics++_C23/Face2Face/191_188.mp4,1,FAKE,Face2Face,191
192_134,/Users/nihaldastagiri/Desktop/Major Project/FaceForensics++_C23/Face2Face/192_134.mp4,1,FAKE,Face2Face,192
193_030,/Users/nihaldastagiri/Desktop/Major Project/FaceForensics++_C23/Face2Face/193_030.mp4,1,FAKE,Face2Face,193
194_235,/Users/nihaldastagiri/Desktop/Major Project/FaceForensics++_C23/Face2Face/194_235.mp4,1,FAKE,Face2Face,194
195_442,/Users/nihaldastagiri/Desktop/Major Project/FaceForensics++_C23/Face2Face/195_442.mp4,1,FAKE,Face2Face,195
196_310,/Users/nihaldastagiri/Desktop/Major Project/FaceForensics++_C23/Face2Face/196_310.mp4,1,FAKE,Face2Face,196
197_224,/Users/nihaldastagiri/Desktop/Major Project/FaceForensics++_C23/Face2Face/197_224.mp4,1,FAKE,Face2Face,197
198_106,/Users/nihaldastagiri/Desktop/Major Project/FaceForensics++_C23/Face2Face/198_106.mp4,1,FAKE,Face2Face,198
199_181,/Users/nihaldastagiri/Desktop/Major Project/FaceForensics++_C23/Face2Face/199_181.mp4,1,FAKE,Face2Face,199
200_189,/Users/nihaldastagiri/Desktop/Major Project/FaceForensics++_C23/Face2Face/200_189.mp4,1,FAKE,Face2Face,200
201_203,/Users/nihaldastagiri/Desktop/Major Project/FaceForensics++_C23/Face2Face/201_203.mp4,1,FAKE,Face2Face,201
202_348,/Users/nihaldastagiri/Desktop/Major Project/FaceForensics++_C23/Face2Face/202_348.mp4,1,FAKE,Face2Face,202
203_201,/Users/nihaldastagiri/Desktop/Major Project/FaceForensics++_C23/Face2Face/203_201.mp4,1,FAKE,Face2Face,203
204_230,/Users/nihaldastagiri/Desktop/Major Project/FaceForensics++_C23/Face2Face/204_230.mp4,1,FAKE,Face2Face,204
205_184,/Users/nihaldastagiri/Desktop/Major Project/FaceForensics++_C23/Face2Face/205_184.mp4,1,FAKE,Face2Face,205
206_221,/Users/nihaldastagiri/Desktop/Major Project/FaceForensics++_C23/Face2Face/206_221.mp4,1,FAKE,Face2Face,206
207_908,/Users/nihaldastagiri/Desktop/Major Project/FaceForensics++_C23/Face2Face/207_908.mp4,1,FAKE,Face2Face,207
208_215,/Users/nihaldastagiri/Desktop/Major Project/FaceForensics++_C23/Face2Face/208_215.mp4,1,FAKE,Face2Face,208
209_016,/Users/nihaldastagiri/Desktop/Major Project/FaceForensics++_C23/Face2Face/209_016.mp4,1,FAKE,Face2Face,209
210_241,/Users/nihaldastagiri/Desktop/Major Project/FaceForensics++_C23/Face2Face/210_241.mp4,1,FAKE,Face2Face,210
211_177,/Users/nihaldastagiri/Desktop/Major Project/FaceForensics++_C23/Face2Face/211_177.mp4,1,FAKE,Face2Face,211
212_179,/Users/nihaldastagiri/Desktop/Major Project/FaceForensics++_C23/Face2Face/212_179.mp4,1,FAKE,Face2Face,212
213_083,/Users/nihaldastagiri/Desktop/Major Project/FaceForensics++_C23/Face2Face/213_083.mp4,1,FAKE,Face2Face,213
214_255,/Users/nihaldastagiri/Desktop/Major Project/FaceForensics++_C23/Face2Face/214_255.mp4,1,FAKE,Face2Face,214
215_208,/Users/nihaldastagiri/Desktop/Major Project/FaceForensics++_C23/Face2Face/215_208.mp4,1,FAKE,Face2Face,215
216_164,/Users/nihaldastagiri/Desktop/Major Project/FaceForensics++_C23/Face2Face/216_164.mp4,1,FAKE,Face2Face,216
217_117,/Users/nihaldastagiri/Desktop/Major Project/FaceForensics++_C23/Face2Face/217_117.mp4,1,FAKE,Face2Face,217
218_239,/Users/nihaldastagiri/Desktop/Major Project/FaceForensics++_C23/Face2Face/218_239.mp4,1,FAKE,Face2Face,218
219_220,/Users/nihaldastagiri/Desktop/Major Project/FaceForensics++_C23/Face2Face/219_220.mp4,1,FAKE,Face2Face,219
220_219,/Users/nihaldastagiri/Desktop/Major Project/FaceForensics++_C23/Face2Face/220_219.mp4,1,FAKE,Face2Face,220
221_206,/Users/nihaldastagiri/Desktop/Major Project/FaceForensics++_C23/Face2Face/221_206.mp4,1,FAKE,Face2Face,221
222_168,/Users/nihaldastagiri/Desktop/Major Project/FaceForensics++_C23/Face2Face/222_168.mp4,1,FAKE,Face2Face,222
223_586,/Users/nihaldastagiri/Desktop/Major Project/FaceForensics++_C23/Face2Face/223_586.mp4,1,FAKE,Face2Face,223
224_197,/Users/nihaldastagiri/Desktop/Major Project/FaceForensics++_C23/Face2Face/224_197.mp4,1,FAKE,Face2Face,224
225_151,/Users/nihaldastagiri/Desktop/Major Project/FaceForensics++_C23/Face2Face/225_151.mp4,1,FAKE,Face2Face,225
226_491,/Users/nihaldastagiri/Desktop/Major Project/FaceForensics++_C23/Face2Face/226_491.mp4,1,FAKE,Face2Face,226
227_169,/Users/nihaldastagiri/Desktop/Major Project/FaceForensics++_C23/Face2Face/227_169.mp4,1,FAKE,Face2Face,227
228_289,/Users/nihaldastagiri/Desktop/Major Project/FaceForensics++_C23/Face2Face/228_289.mp4,1,FAKE,Face2Face,228
229_247,/Users/nihaldastagiri/Desktop/Major Project/FaceForensics++_C23/Face2Face/229_247.mp4,1,FAKE,Face2Face,229
230_204,/Users/nihaldastagiri/Desktop/Major Project/FaceForensics++_C23/Face2Face/230_204.mp4,1,FAKE,Face2Face,230
231_663,/Users/nihaldastagiri/Desktop/Major Project/FaceForensics++_C23/Face2Face/231_663.mp4,1,FAKE,Face2Face,231
232_248,/Users/nihaldastagiri/Desktop/Major Project/FaceForensics++_C23/Face2Face/232_248.mp4,1,FAKE,Face2Face,232
233_995,/Users/nihaldastagiri/Desktop/Major Project/FaceForensics++_C23/Face2Face/233_995.mp4,1,FAKE,Face2Face,233
234_187,/Users/nihaldastagiri/Desktop/Major Project/FaceForensics++_C23/Face2Face/234_187.mp4,1,FAKE,Face2Face,234
235_194,/Users/nihaldastagiri/Desktop/Major Project/FaceForensics++_C23/Face2Face/235_194.mp4,1,FAKE,Face2Face,235
236_237,/Users/nihaldastagiri/Desktop/Major Project/FaceForensics++_C23/Face2Face/236_237.mp4,1,FAKE,Face2Face,236
237_236,/Users/nihaldastagiri/Desktop/Major Project/FaceForensics++_C23/Face2Face/237_236.mp4,1,FAKE,Face2Face,237
238_282,/Users/nihaldastagiri/Desktop/Major Project/FaceForensics++_C23/Face2Face/238_282.mp4,1,FAKE,Face2Face,238
239_218,/Users/nihaldastagiri/Desktop/Major Project/FaceForensics++_C23/Face2Face/239_218.mp4,1,FAKE,Face2Face,239
240_290,/Users/nihaldastagiri/Desktop/Major Project/FaceForensics++_C23/Face2Face/240_290.mp4,1,FAKE,Face2Face,240
241_210,/Users/nihaldastagiri/Desktop/Major Project/FaceForensics++_C23/Face2Face/241_210.mp4,1,FAKE,Face2Face,241
242_182,/Users/nihaldastagiri/Desktop/Major Project/FaceForensics++_C23/Face2Face/242_182.mp4,1,FAKE,Face2Face,242
243_156,/Users/nihaldastagiri/Desktop/Major Project/FaceForensics++_C23/Face2Face/243_156.mp4,1,FAKE,Face2Face,243
244_822,/Users/nihaldastagiri/Desktop/Major Project/FaceForensics++_C23/Face2Face/244_822.mp4,1,FAKE,Face2Face,244
245_157,/Users/nihaldastagiri/Desktop/Major Project/FaceForensics++_C23/Face2Face/245_157.mp4,1,FAKE,Face2Face,245
246_258,/Users/nihaldastagiri/Desktop/Major Project/FaceForensics++_C23/Face2Face/246_258.mp4,1,FAKE,Face2Face,246
247_229,/Users/nihaldastagiri/Desktop/Major Project/FaceForensics++_C23/Face2Face/247_229.mp4,1,FAKE,Face2Face,247
248_232,/Users/nihaldastagiri/Desktop/Major Project/FaceForensics++_C23/Face2Face/248_232.mp4,1,FAKE,Face2Face,248
249_280,/Users/nihaldastagiri/Desktop/Major Project/FaceForensics++_C23/Face2Face/249_280.mp4,1,FAKE,Face2Face,249
250_461,/Users/nihaldastagiri/Desktop/Major Project/FaceForensics++_C23/Face2Face/250_461.mp4,1,FAKE,Face2Face,250
251_375,/Users/nihaldastagiri/Desktop/Major Project/FaceForensics++_C23/Face2Face/251_375.mp4,1,FAKE,Face2Face,251
252_266,/Users/nihaldastagiri/Desktop/Major Project/FaceForensics++_C23/Face2Face/252_266.mp4,1,FAKE,Face2Face,252
253_183,/Users/nihaldastagiri/Desktop/Major Project/FaceForensics++_C23/Face2Face/253_183.mp4,1,FAKE,Face2Face,253
254_261,/Users/nihaldastagiri/Desktop/Major Project/FaceForensics++_C23/Face2Face/254_261.mp4,1,FAKE,Face2Face,254
255_214,/Users/nihaldastagiri/Desktop/Major Project/FaceForensics++_C23/Face2Face/255_214.mp4,1,FAKE,Face2Face,255
256_146,/Users/nihaldastagiri/Desktop/Major Project/FaceForensics++_C23/Face2Face/256_146.mp4,1,FAKE,Face2Face,256
257_420,/Users/nihaldastagiri/Desktop/Major Project/FaceForensics++_C23/Face2Face/257_420.mp4,1,FAKE,Face2Face,257
258_246,/Users/nihaldastagiri/Desktop/Major Project/FaceForensics++_C23/Face2Face/258_246.mp4,1,FAKE,Face2Face,258
259_345,/Users/nihaldastagiri/Desktop/Major Project/FaceForensics++_C23/Face2Face/259_345.mp4,1,FAKE,Face2Face,259
260_331,/Users/nihaldastagiri/Desktop/Major Project/FaceForensics++_C23/Face2Face/260_331.mp4,1,FAKE,Face2Face,260
261_254,/Users/nihaldastagiri/Desktop/Major Project/FaceForensics++_C23/Face2Face/261_254.mp4,1,FAKE,Face2Face,261
262_301,/Users/nihaldastagiri/Desktop/Major Project/FaceForensics++_C23/Face2Face/262_301.mp4,1,FAKE,Face2Face,262
263_284,/Users/nihaldastagiri/Desktop/Major Project/FaceForensics++_C23/Face2Face/263_284.mp4,1,FAKE,Face2Face,263
264_271,/Users/nihaldastagiri/Desktop/Major Project/FaceForensics++_C23/Face2Face/264_271.mp4,1,FAKE,Face2Face,264
265_475,/Users/nihaldastagiri/Desktop/Major Project/FaceForensics++_C23/Face2Face/265_475.mp4,1,FAKE,Face2Face,265
266_252,/Users/nihaldastagiri/Desktop/Major Project/FaceForensics++_C23/Face2Face/266_252.mp4,1,FAKE,Face2Face,266
267_286,/Users/nihaldastagiri/Desktop/Major Project/FaceForensics++_C23/Face2Face/267_286.mp4,1,FAKE,Face2Face,267
268_269,/Users/nihaldastagiri/Desktop/Major Project/FaceForensics++_C23/Face2Face/268_269.mp4,1,FAKE,Face2Face,268
269_268,/Users/nihaldastagiri/Desktop/Major Project/FaceForensics++_C23/Face2Face/269_268.mp4,1,FAKE,Face2Face,269
270_297,/Users/nihaldastagiri/Desktop/Major Project/FaceForensics++_C23/Face2Face/270_297.mp4,1,FAKE,Face2Face,270
271_264,/Users/nihaldastagiri/Desktop/Major Project/FaceForensics++_C23/Face2Face/271_264.mp4,1,FAKE,Face2Face,271
272_396,/Users/nihaldastagiri/Desktop/Major Project/FaceForensics++_C23/Face2Face/272_396.mp4,1,FAKE,Face2Face,272
273_807,/Users/nihaldastagiri/Desktop/Major Project/FaceForensics++_C23/Face2Face/273_807.mp4,1,FAKE,Face2Face,273
274_412,/Users/nihaldastagiri/Desktop/Major Project/FaceForensics++_C23/Face2Face/274_412.mp4,1,FAKE,Face2Face,274
275_887,/Users/nihaldastagiri/Desktop/Major Project/FaceForensics++_C23/Face2Face/275_887.mp4,1,FAKE,Face2Face,275
276_185,/Users/nihaldastagiri/Desktop/Major Project/FaceForensics++_C23/Face2Face/276_185.mp4,1,FAKE,Face2Face,276
277_335,/Users/nihaldastagiri/Desktop/Major Project/FaceForensics++_C23/Face2Face/277_335.mp4,1,FAKE,Face2Face,277
278_306,/Users/nihaldastagiri/Desktop/Major Project/FaceForensics++_C23/Face2Face/278_306.mp4,1,FAKE,Face2Face,278
279_298,/Users/nihaldastagiri/Desktop/Major Project/FaceForensics++_C23/Face2Face/279_298.mp4,1,FAKE,Face2Face,279
280_249,/Users/nihaldastagiri/Desktop/Major Project/FaceForensics++_C23/Face2Face/280_249.mp4,1,FAKE,Face2Face,280
281_474,/Users/nihaldastagiri/Desktop/Major Project/FaceForensics++_C23/Face2Face/281_474.mp4,1,FAKE,Face2Face,281
282_238,/Users/nihaldastagiri/Desktop/Major Project/FaceForensics++_C23/Face2Face/282_238.mp4,1,FAKE,Face2Face,282
283_313,/Users/nihaldastagiri/Desktop/Major Project/FaceForensics++_C23/Face2Face/283_313.mp4,1,FAKE,Face2Face,283
284_263,/Users/nihaldastagiri/Desktop/Major Project/FaceForensics++_C23/Face2Face/284_263.mp4,1,FAKE,Face2Face,284
285_136,/Users/nihaldastagiri/Desktop/Major Project/FaceForensics++_C23/Face2Face/285_136.mp4,1,FAKE,Face2Face,285
286_267,/Users/nihaldastagiri/Desktop/Major Project/FaceForensics++_C23/Face2Face/286_267.mp4,1,FAKE,Face2Face,286
287_426,/Users/nihaldastagiri/Desktop/Major Project/FaceForensics++_C23/Face2Face/287_426.mp4,1,FAKE,Face2Face,287
288_321,/Users/nihaldastagiri/Desktop/Major Project/FaceForensics++_C23/Face2Face/288_321.mp4,1,FAKE,Face2Face,288
289_228,/Users/nihaldastagiri/Desktop/Major Project/FaceForensics++_C23/Face2Face/289_228.mp4,1,FAKE,Face2Face,289
290_240,/Users/nihaldastagiri/Desktop/Major Project/FaceForensics++_C23/Face2Face/290_240.mp4,1,FAKE,Face2Face,290
291_874,/Users/nihaldastagiri/Desktop/Major Project/FaceForensics++_C23/Face2Face/291_874.mp4,1,FAKE,Face2Face,291
292_294,/Users/nihaldastagiri/Desktop/Major Project/FaceForensics++_C23/Face2Face/292_294.mp4,1,FAKE,Face2Face,292
293_296,/Users/nihaldastagiri/Desktop/Major Project/FaceForensics++_C23/Face2Face/293_296.mp4,1,FAKE,Face2Face,293
294_292,/Users/nihaldastagiri/Desktop/Major Project/FaceForensics++_C23/Face2Face/294_292.mp4,1,FAKE,Face2Face,294
295_099,/Users/nihaldastagiri/Desktop/Major Project/FaceForensics++_C23/Face2Face/295_099.mp4,1,FAKE,Face2Face,295
296_293,/Users/nihaldastagiri/Desktop/Major Project/FaceForensics++_C23/Face2Face/296_293.mp4,1,FAKE,Face2Face,296
297_270,/Users/nihaldastagiri/Desktop/Major Project/FaceForensics++_C23/Face2Face/297_270.mp4,1,FAKE,Face2Face,297
298_279,/Users/nihaldastagiri/Desktop/Major Project/FaceForensics++_C23/Face2Face/298_279.mp4,1,FAKE,Face2Face,298
299_145,/Users/nihaldastagiri/Desktop/Major Project/FaceForensics++_C23/Face2Face/299_145.mp4,1,FAKE,Face2Face,299
300_304,/Users/nihaldastagiri/Desktop/Major Project/FaceForensics++_C23/Face2Face/300_304.mp4,1,FAKE,Face2Face,300
301_262,/Users/nihaldastagiri/Desktop/Major Project/FaceForensics++_C23/Face2Face/301_262.mp4,1,FAKE,Face2Face,301
302_323,/Users/nihaldastagiri/Desktop/Major Project/FaceForensics++_C23/Face2Face/302_323.mp4,1,FAKE,Face2Face,302
303_309,/Users/nihaldastagiri/Desktop/Major Project/FaceForensics++_C23/Face2Face/303_309.mp4,1,FAKE,Face2Face,303
304_300,/Users/nihaldastagiri/Desktop/Major Project/FaceForensics++_C23/Face2Face/304_300.mp4,1,FAKE,Face2Face,304
305_513,/Users/nihaldastagiri/Desktop/Major Project/FaceForensics++_C23/Face2Face/305_513.mp4,1,FAKE,Face2Face,305
306_278,/Users/nihaldastagiri/Desktop/Major Project/FaceForensics++_C23/Face2Face/306_278.mp4,1,FAKE,Face2Face,306
307_365,/Users/nihaldastagiri/Desktop/Major Project/FaceForensics++_C23/Face2Face/307_365.mp4,1,FAKE,Face2Face,307
308_388,/Users/nihaldastagiri/Desktop/Major Project/FaceForensics++_C23/Face2Face/308_388.mp4,1,FAKE,Face2Face,308
309_303,/Users/nihaldastagiri/Desktop/Major Project/FaceForensics++_C23/Face2Face/309_303.mp4,1,FAKE,Face2Face,309
310_196,/Users/nihaldastagiri/Desktop/Major Project/FaceForensics++_C23/Face2Face/310_196.mp4,1,FAKE,Face2Face,310
311_387,/Users/nihaldastagiri/Desktop/Major Project/FaceForensics++_C23/Face2Face/311_387.mp4,1,FAKE,Face2Face,311
312_021,/Users/nihaldastagiri/Desktop/Major Project/FaceForensics++_C23/Face2Face/312_021.mp4,1,FAKE,Face2Face,312
313_283,/Users/nihaldastagiri/Desktop/Major Project/FaceForensics++_C23/Face2Face/313_283.mp4,1,FAKE,Face2Face,313
314_347,/Users/nihaldastagiri/Desktop/Major Project/FaceForensics++_C23/Face2Face/314_347.mp4,1,FAKE,Face2Face,314
315_322,/Users/nihaldastagiri/Desktop/Major Project/FaceForensics++_C23/Face2Face/315_322.mp4,1,FAKE,Face2Face,315
316_369,/Users/nihaldastagiri/Desktop/Major Project/FaceForensics++_C23/Face2Face/316_369.mp4,1,FAKE,Face2Face,316
317_359,/Users/nihaldastagiri/Desktop/Major Project/FaceForensics++_C23/Face2Face/317_359.mp4,1,FAKE,Face2Face,317
318_334,/Users/nihaldastagiri/Desktop/Major Project/FaceForensics++_C23/Face2Face/318_334.mp4,1,FAKE,Face2Face,318
319_352,/Users/nihaldastagiri/Desktop/Major Project/FaceForensics++_C23/Face2Face/319_352.mp4,1,FAKE,Face2Face,319
320_328,/Users/nihaldastagiri/Desktop/Major Project/FaceForensics++_C23/Face2Face/320_328.mp4,1,FAKE,Face2Face,320
321_288,/Users/nihaldastagiri/Desktop/Major Project/FaceForensics++_C23/Face2Face/321_288.mp4,1,FAKE,Face2Face,321
322_315,/Users/nihaldastagiri/Desktop/Major Project/FaceForensics++_C23/Face2Face/322_315.mp4,1,FAKE,Face2Face,322
323_302,/Users/nihaldastagiri/Desktop/Major Project/FaceForensics++_C23/Face2Face/323_302.mp4,1,FAKE,Face2Face,323
324_356,/Users/nihaldastagiri/Desktop/Major Project/FaceForensics++_C23/Face2Face/324_356.mp4,1,FAKE,Face2Face,324
325_492,/Users/nihaldastagiri/Desktop/Major Project/FaceForensics++_C23/Face2Face/325_492.mp4,1,FAKE,Face2Face,325
326_501,/Users/nihaldastagiri/Desktop/Major Project/FaceForensics++_C23/Face2Face/326_501.mp4,1,FAKE,Face2Face,326
327_329,/Users/nihaldastagiri/Desktop/Major Project/FaceForensics++_C23/Face2Face/327_329.mp4,1,FAKE,Face2Face,327
328_320,/Users/nihaldastagiri/Desktop/Major Project/FaceForensics++_C23/Face2Face/328_320.mp4,1,FAKE,Face2Face,328
329_327,/Users/nihaldastagiri/Desktop/Major Project/FaceForensics++_C23/Face2Face/329_327.mp4,1,FAKE,Face2Face,329
330_162,/Users/nihaldastagiri/Desktop/Major Project/FaceForensics++_C23/Face2Face/330_162.mp4,1,FAKE,Face2Face,330
331_260,/Users/nihaldastagiri/Desktop/Major Project/FaceForensics++_C23/Face2Face/331_260.mp4,1,FAKE,Face2Face,331
332_051,/Users/nihaldastagiri/Desktop/Major Project/FaceForensics++_C23/Face2Face/332_051.mp4,1,FAKE,Face2Face,332
333_377,/Users/nihaldastagiri/Desktop/Major Project/FaceForensics++_C23/Face2Face/333_377.mp4,1,FAKE,Face2Face,333
334_318,/Users/nihaldastagiri/Desktop/Major Project/FaceForensics++_C23/Face2Face/334_318.mp4,1,FAKE,Face2Face,334
335_277,/Users/nihaldastagiri/Desktop/Major Project/FaceForensics++_C23/Face2Face/335_277.mp4,1,FAKE,Face2Face,335
336_338,/Users/nihaldastagiri/Desktop/Major Project/FaceForensics++_C23/Face2Face/336_338.mp4,1,FAKE,Face2Face,336
337_522,/Users/nihaldastagiri/Desktop/Major Project/FaceForensics++_C23/Face2Face/337_522.mp4,1,FAKE,Face2Face,337
338_336,/Users/nihaldastagiri/Desktop/Major Project/FaceForensics++_C23/Face2Face/338_336.mp4,1,FAKE,Face2Face,338
339_392,/Users/nihaldastagiri/Desktop/Major Project/FaceForensics++_C23/Face2Face/339_392.mp4,1,FAKE,Face2Face,339
340_341,/Users/nihaldastagiri/Desktop/Major Project/FaceForensics++_C23/Face2Face/340_341.mp4,1,FAKE,Face2Face,340
341_340,/Users/nihaldastagiri/Desktop/Major Project/FaceForensics++_C23/Face2Face/341_340.mp4,1,FAKE,Face2Face,341
342_416,/Users/nihaldastagiri/Desktop/Major Project/FaceForensics++_C23/Face2Face/342_416.mp4,1,FAKE,Face2Face,342
343_363,/Users/nihaldastagiri/Desktop/Major Project/FaceForensics++_C23/Face2Face/343_363.mp4,1,FAKE,Face2Face,343
344_020,/Users/nihaldastagiri/Desktop/Major Project/FaceForensics++_C23/Face2Face/344_020.mp4,1,FAKE,Face2Face,344
345_259,/Users/nihaldastagiri/Desktop/Major Project/FaceForensics++_C23/Face2Face/345_259.mp4,1,FAKE,Face2Face,345
346_351,/Users/nihaldastagiri/Desktop/Major Project/FaceForensics++_C23/Face2Face/346_351.mp4,1,FAKE,Face2Face,346
347_314,/Users/nihaldastagiri/Desktop/Major Project/FaceForensics++_C23/Face2Face/347_314.mp4,1,FAKE,Face2Face,347
348_202,/Users/nihaldastagiri/Desktop/Major Project/FaceForensics++_C23/Face2Face/348_202.mp4,1,FAKE,Face2Face,348
349_350,/Users/nihaldastagiri/Desktop/Major Project/FaceForensics++_C23/Face2Face/349_350.mp4,1,FAKE,Face2Face,349
350_349,/Users/nihaldastagiri/Desktop/Major Project/FaceForensics++_C23/Face2Face/350_349.mp4,1,FAKE,Face2Face,350
351_346,/Users/nihaldastagiri/Desktop/Major Project/FaceForensics++_C23/Face2Face/351_346.mp4,1,FAKE,Face2Face,351
352_319,/Users/nihaldastagiri/Desktop/Major Project/FaceForensics++_C23/Face2Face/352_319.mp4,1,FAKE,Face2Face,352
353_383,/Users/nihaldastagiri/Desktop/Major Project/FaceForensics++_C23/Face2Face/353_383.mp4,1,FAKE,Face2Face,353
354_362,/Users/nihaldastagiri/Desktop/Major Project/FaceForensics++_C23/Face2Face/354_362.mp4,1,FAKE,Face2Face,354
355_748,/Users/nihaldastagiri/Desktop/Major Project/FaceForensics++_C23/Face2Face/355_748.mp4,1,FAKE,Face2Face,355
356_324,/Users/nihaldastagiri/Desktop/Major Project/FaceForensics++_C23/Face2Face/356_324.mp4,1,FAKE,Face2Face,356
357_432,/Users/nihaldastagiri/Desktop/Major Project/FaceForensics++_C23/Face2Face/357_432.mp4,1,FAKE,Face2Face,357
358_380,/Users/nihaldastagiri/Desktop/Major Project/FaceForensics++_C23/Face2Face/358_380.mp4,1,FAKE,Face2Face,358
359_317,/Users/nihaldastagiri/Desktop/Major Project/FaceForensics++_C23/Face2Face/359_317.mp4,1,FAKE,Face2Face,359
360_437,/Users/nihaldastagiri/Desktop/Major Project/FaceForensics++_C23/Face2Face/360_437.mp4,1,FAKE,Face2Face,360
361_448,/Users/nihaldastagiri/Desktop/Major Project/FaceForensics++_C23/Face2Face/361_448.mp4,1,FAKE,Face2Face,361
362_354,/Users/nihaldastagiri/Desktop/Major Project/FaceForensics++_C23/Face2Face/362_354.mp4,1,FAKE,Face2Face,362
363_343,/Users/nihaldastagiri/Desktop/Major Project/FaceForensics++_C23/Face2Face/363_343.mp4,1,FAKE,Face2Face,363
364_440,/Users/nihaldastagiri/Desktop/Major Project/FaceForensics++_C23/Face2Face/364_440.mp4,1,FAKE,Face2Face,364
365_307,/Users/nihaldastagiri/Desktop/Major Project/FaceForensics++_C23/Face2Face/365_307.mp4,1,FAKE,Face2Face,365
366_473,/Users/nihaldastagiri/Desktop/Major Project/FaceForensics++_C23/Face2Face/366_473.mp4,1,FAKE,Face2Face,366
367_371,/Users/nihaldastagiri/Desktop/Major Project/FaceForensics++_C23/Face2Face/367_371.mp4,1,FAKE,Face2Face,367
368_378,/Users/nihaldastagiri/Desktop/Major Project/FaceForensics++_C23/Face2Face/368_378.mp4,1,FAKE,Face2Face,368
369_316,/Users/nihaldastagiri/Desktop/Major Project/FaceForensics++_C23/Face2Face/369_316.mp4,1,FAKE,Face2Face,369
370_483,/Users/nihaldastagiri/Desktop/Major Project/FaceForensics++_C23/Face2Face/370_483.mp4,1,FAKE,Face2Face,370
371_367,/Users/nihaldastagiri/Desktop/Major Project/FaceForensics++_C23/Face2Face/371_367.mp4,1,FAKE,Face2Face,371
372_413,/Users/nihaldastagiri/Desktop/Major Project/FaceForensics++_C23/Face2Face/372_413.mp4,1,FAKE,Face2Face,372
373_394,/Users/nihaldastagiri/Desktop/Major Project/FaceForensics++_C23/Face2Face/373_394.mp4,1,FAKE,Face2Face,373
374_407,/Users/nihaldastagiri/Desktop/Major Project/FaceForensics++_C23/Face2Face/374_407.mp4,1,FAKE,Face2Face,374
375_251,/Users/nihaldastagiri/Desktop/Major Project/FaceForensics++_C23/Face2Face/375_251.mp4,1,FAKE,Face2Face,375
376_381,/Users/nihaldastagiri/Desktop/Major Project/FaceForensics++_C23/Face2Face/376_381.mp4,1,FAKE,Face2Face,376
377_333,/Users/nihaldastagiri/Desktop/Major Project/FaceForensics++_C23/Face2Face/377_333.mp4,1,FAKE,Face2Face,377
378_368,/Users/nihaldastagiri/Desktop/Major Project/FaceForensics++_C23/Face2Face/378_368.mp4,1,FAKE,Face2Face,378
379_158,/Users/nihaldastagiri/Desktop/Major Project/FaceForensics++_C23/Face2Face/379_158.mp4,1,FAKE,Face2Face,379
380_358,/Users/nihaldastagiri/Desktop/Major Project/FaceForensics++_C23/Face2Face/380_358.mp4,1,FAKE,Face2Face,380
381_376,/Users/nihaldastagiri/Desktop/Major Project/FaceForensics++_C23/Face2Face/381_376.mp4,1,FAKE,Face2Face,381
382_409,/Users/nihaldastagiri/Desktop/Major Project/FaceForensics++_C23/Face2Face/382_409.mp4,1,FAKE,Face2Face,382
383_353,/Users/nihaldastagiri/Desktop/Major Project/FaceForensics++_C23/Face2Face/383_353.mp4,1,FAKE,Face2Face,383
384_932,/Users/nihaldastagiri/Desktop/Major Project/FaceForensics++_C23/Face2Face/384_932.mp4,1,FAKE,Face2Face,384
385_414,/Users/nihaldastagiri/Desktop/Major Project/FaceForensics++_C23/Face2Face/385_414.mp4,1,FAKE,Face2Face,385
386_154,/Users/nihaldastagiri/Desktop/Major Project/FaceForensics++_C23/Face2Face/386_154.mp4,1,FAKE,Face2Face,386
387_311,/Users/nihaldastagiri/Desktop/Major Project/FaceForensics++_C23/Face2Face/387_311.mp4,1,FAKE,Face2Face,387
388_308,/Users/nihaldastagiri/Desktop/Major Project/FaceForensics++_C23/Face2Face/388_308.mp4,1,FAKE,Face2Face,388
389_480,/Users/nihaldastagiri/Desktop/Major Project/FaceForensics++_C23/Face2Face/389_480.mp4,1,FAKE,Face2Face,389
390_709,/Users/nihaldastagiri/Desktop/Major Project/FaceForensics++_C23/Face2Face/390_709.mp4,1,FAKE,Face2Face,390
391_406,/Users/nihaldastagiri/Desktop/Major Project/FaceForensics++_C23/Face2Face/391_406.mp4,1,FAKE,Face2Face,391
392_339,/Users/nihaldastagiri/Desktop/Major Project/FaceForensics++_C23/Face2Face/392_339.mp4,1,FAKE,Face2Face,392
393_405,/Users/nihaldastagiri/Desktop/Major Project/FaceForensics++_C23/Face2Face/393_405.mp4,1,FAKE,Face2Face,393
394_373,/Users/nihaldastagiri/Desktop/Major Project/FaceForensics++_C23/Face2Face/394_373.mp4,1,FAKE,Face2Face,394
395_401,/Users/nihaldastagiri/Desktop/Major Project/FaceForensics++_C23/Face2Face/395_401.mp4,1,FAKE,Face2Face,395
396_272,/Users/nihaldastagiri/Desktop/Major Project/FaceForensics++_C23/Face2Face/396_272.mp4,1,FAKE,Face2Face,396
397_602,/Users/nihaldastagiri/Desktop/Major Project/FaceForensics++_C23/Face2Face/397_602.mp4,1,FAKE,Face2Face,397
398_457,/Users/nihaldastagiri/Desktop/Major Project/FaceForensics++_C23/Face2Face/398_457.mp4,1,FAKE,Face2Face,398
399_488,/Users/nihaldastagiri/Desktop/Major Project/FaceForensics++_C23/Face2Face/399_488.mp4,1,FAKE,Face2Face,399
400_476,/Users/nihaldastagiri/Desktop/Major Project/FaceForensics++_C23/Face2Face/400_476.mp4,1,FAKE,Face2Face,400
401_395,/Users/nihaldastagiri/Desktop/Major Project/FaceForensics++_C23/Face2Face/401_395.mp4,1,FAKE,Face2Face,401
402_453,/Users/nihaldastagiri/Desktop/Major Project/FaceForensics++_C23/Face2Face/402_453.mp4,1,FAKE,Face2Face,402
403_497,/Users/nihaldastagiri/Desktop/Major Project/FaceForensics++_C23/Face2Face/403_497.mp4,1,FAKE,Face2Face,403
404_429,/Users/nihaldastagiri/Desktop/Major Project/FaceForensics++_C23/Face2Face/404_429.mp4,1,FAKE,Face2Face,404
405_393,/Users/nihaldastagiri/Desktop/Major Project/FaceForensics++_C23/Face2Face/405_393.mp4,1,FAKE,Face2Face,405
406_391,/Users/nihaldastagiri/Desktop/Major Project/FaceForensics++_C23/Face2Face/406_391.mp4,1,FAKE,Face2Face,406
407_374,/Users/nihaldastagiri/Desktop/Major Project/FaceForensics++_C23/Face2Face/407_374.mp4,1,FAKE,Face2Face,407
408_424,/Users/nihaldastagiri/Desktop/Major Project/FaceForensics++_C23/Face2Face/408_424.mp4,1,FAKE,Face2Face,408
409_382,/Users/nihaldastagiri/Desktop/Major Project/FaceForensics++_C23/Face2Face/409_382.mp4,1,FAKE,Face2Face,409
410_411,/Users/nihaldastagiri/Desktop/Major Project/FaceForensics++_C23/Face2Face/410_411.mp4,1,FAKE,Face2Face,410
411_410,/Users/nihaldastagiri/Desktop/Major Project/FaceForensics++_C23/Face2Face/411_410.mp4,1,FAKE,Face2Face,411
412_274,/Users/nihaldastagiri/Desktop/Major Project/FaceForensics++_C23/Face2Face/412_274.mp4,1,FAKE,Face2Face,412
413_372,/Users/nihaldastagiri/Desktop/Major Project/FaceForensics++_C23/Face2Face/413_372.mp4,1,FAKE,Face2Face,413
414_385,/Users/nihaldastagiri/Desktop/Major Project/FaceForensics++_C23/Face2Face/414_385.mp4,1,FAKE,Face2Face,414
415_484,/Users/nihaldastagiri/Desktop/Major Project/FaceForensics++_C23/Face2Face/415_484.mp4,1,FAKE,Face2Face,415
416_342,/Users/nihaldastagiri/Desktop/Major Project/FaceForensics++_C23/Face2Face/416_342.mp4,1,FAKE,Face2Face,416
417_496,/Users/nihaldastagiri/Desktop/Major Project/FaceForensics++_C23/Face2Face/417_496.mp4,1,FAKE,Face2Face,417
418_507,/Users/nihaldastagiri/Desktop/Major Project/FaceForensics++_C23/Face2Face/418_507.mp4,1,FAKE,Face2Face,418
419_824,/Users/nihaldastagiri/Desktop/Major Project/FaceForensics++_C23/Face2Face/419_824.mp4,1,FAKE,Face2Face,419
420_257,/Users/nihaldastagiri/Desktop/Major Project/FaceForensics++_C23/Face2Face/420_257.mp4,1,FAKE,Face2Face,420
421_423,/Users/nihaldastagiri/Desktop/Major Project/FaceForensics++_C23/Face2Face/421_423.mp4,1,FAKE,Face2Face,421
422_695,/Users/nihaldastagiri/Desktop/Major Project/FaceForensics++_C23/Face2Face/422_695.mp4,1,FAKE,Face2Face,422
423_421,/Users/nihaldastagiri/Desktop/Major Project/FaceForensics++_C23/Face2Face/423_421.mp4,1,FAKE,Face2Face,423
424_408,/Users/nihaldastagiri/Desktop/Major Project/FaceForensics++_C23/Face2Face/424_408.mp4,1,FAKE,Face2Face,424
425_485,/Users/nihaldastagiri/Desktop/Major Project/FaceForensics++_C23/Face2Face/425_485.mp4,1,FAKE,Face2Face,425
426_287,/Users/nihaldastagiri/Desktop/Major Project/FaceForensics++_C23/Face2Face/426_287.mp4,1,FAKE,Face2Face,426
427_637,/Users/nihaldastagiri/Desktop/Major Project/FaceForensics++_C23/Face2Face/427_637.mp4,1,FAKE,Face2Face,427
428_466,/Users/nihaldastagiri/Desktop/Major Project/FaceForensics++_C23/Face2Face/428_466.mp4,1,FAKE,Face2Face,428
429_404,/Users/nihaldastagiri/Desktop/Major Project/FaceForensics++_C23/Face2Face/429_404.mp4,1,FAKE,Face2Face,429
430_459,/Users/nihaldastagiri/Desktop/Major Project/FaceForensics++_C23/Face2Face/430_459.mp4,1,FAKE,Face2Face,430
431_447,/Users/nihaldastagiri/Desktop/Major Project/FaceForensics++_C23/Face2Face/431_447.mp4,1,FAKE,Face2Face,431
432_357,/Users/nihaldastagiri/Desktop/Major Project/FaceForensics++_C23/Face2Face/432_357.mp4,1,FAKE,Face2Face,432
433_498,/Users/nihaldastagiri/Desktop/Major Project/FaceForensics++_C23/Face2Face/433_498.mp4,1,FAKE,Face2Face,433
434_438,/Users/nihaldastagiri/Desktop/Major Project/FaceForensics++_C23/Face2Face/434_438.mp4,1,FAKE,Face2Face,434
435_456,/Users/nihaldastagiri/Desktop/Major Project/FaceForensics++_C23/Face2Face/435_456.mp4,1,FAKE,Face2Face,435
436_526,/Users/nihaldastagiri/Desktop/Major Project/FaceForensics++_C23/Face2Face/436_526.mp4,1,FAKE,Face2Face,436
437_360,/Users/nihaldastagiri/Desktop/Major Project/FaceForensics++_C23/Face2Face/437_360.mp4,1,FAKE,Face2Face,437
438_434,/Users/nihaldastagiri/Desktop/Major Project/FaceForensics++_C23/Face2Face/438_434.mp4,1,FAKE,Face2Face,438
439_441,/Users/nihaldastagiri/Desktop/Major Project/FaceForensics++_C23/Face2Face/439_441.mp4,1,FAKE,Face2Face,439
440_364,/Users/nihaldastagiri/Desktop/Major Project/FaceForensics++_C23/Face2Face/440_364.mp4,1,FAKE,Face2Face,440
441_439,/Users/nihaldastagiri/Desktop/Major Project/FaceForensics++_C23/Face2Face/441_439.mp4,1,FAKE,Face2Face,441
442_195,/Users/nihaldastagiri/Desktop/Major Project/FaceForensics++_C23/Face2Face/442_195.mp4,1,FAKE,Face2Face,442
443_514,/Users/nihaldastagiri/Desktop/Major Project/FaceForensics++_C23/Face2Face/443_514.mp4,1,FAKE,Face2Face,443
444_655,/Users/nihaldastagiri/Desktop/Major Project/FaceForensics++_C23/Face2Face/444_655.mp4,1,FAKE,Face2Face,444
445_494,/Users/nihaldastagiri/Desktop/Major Project/FaceForensics++_C23/Face2Face/445_494.mp4,1,FAKE,Face2Face,445
446_667,/Users/nihaldastagiri/Desktop/Major Project/FaceForensics++_C23/Face2Face/446_667.mp4,1,FAKE,Face2Face,446
447_431,/Users/nihaldastagiri/Desktop/Major Project/FaceForensics++_C23/Face2Face/447_431.mp4,1,FAKE,Face2Face,447
448_361,/Users/nihaldastagiri/Desktop/Major Project/FaceForensics++_C23/Face2Face/448_361.mp4,1,FAKE,Face2Face,448
449_451,/Users/nihaldastagiri/Desktop/Major Project/FaceForensics++_C23/Face2Face/449_451.mp4,1,FAKE,Face2Face,449
450_533,/Users/nihaldastagiri/Desktop/Major Project/FaceForensics++_C23/Face2Face/450_533.mp4,1,FAKE,Face2Face,450
451_449,/Users/nihaldastagiri/Desktop/Major Project/FaceForensics++_C23/Face2Face/451_449.mp4,1,FAKE,Face2Face,451
452_550,/Users/nihaldastagiri/Desktop/Major Project/FaceForensics++_C23/Face2Face/452_550.mp4,1,FAKE,Face2Face,452
453_402,/Users/nihaldastagiri/Desktop/Major Project/FaceForensics++_C23/Face2Face/453_402.mp4,1,FAKE,Face2Face,453
454_527,/Users/nihaldastagiri/Desktop/Major Project/FaceForensics++_C23/Face2Face/454_527.mp4,1,FAKE,Face2Face,454
455_471,/Users/nihaldastagiri/Desktop/Major Project/FaceForensics++_C23/Face2Face/455_471.mp4,1,FAKE,Face2Face,455
456_435,/Users/nihaldastagiri/Desktop/Major Project/FaceForensics++_C23/Face2Face/456_435.mp4,1,FAKE,Face2Face,456
457_398,/Users/nihaldastagiri/Desktop/Major Project/FaceForensics++_C23/Face2Face/457_398.mp4,1,FAKE,Face2Face,457
458_722,/Users/nihaldastagiri/Desktop/Major Project/FaceForensics++_C23/Face2Face/458_722.mp4,1,FAKE,Face2Face,458
459_430,/Users/nihaldastagiri/Desktop/Major Project/FaceForensics++_C23/Face2Face/459_430.mp4,1,FAKE,Face2Face,459
460_678,/Users/nihaldastagiri/Desktop/Major Project/FaceForensics++_C23/Face2Face/460_678.mp4,1,FAKE,Face2Face,460
461_250,/Users/nihaldastagiri/Desktop/Major Project/FaceForensics++_C23/Face2Face/461_250.mp4,1,FAKE,Face2Face,461
462_467,/Users/nihaldastagiri/Desktop/Major Project/FaceForensics++_C23/Face2Face/462_467.mp4,1,FAKE,Face2Face,462
463_464,/Users/nihaldastagiri/Desktop/Major Project/FaceForensics++_C23/Face2Face/463_464.mp4,1,FAKE,Face2Face,463
464_463,/Users/nihaldastagiri/Desktop/Major Project/FaceForensics++_C23/Face2Face/464_463.mp4,1,FAKE,Face2Face,464
465_482,/Users/nihaldastagiri/Desktop/Major Project/FaceForensics++_C23/Face2Face/465_482.mp4,1,FAKE,Face2Face,465
466_428,/Users/nihaldastagiri/Desktop/Major Project/FaceForensics++_C23/Face2Face/466_428.mp4,1,FAKE,Face2Face,466
467_462,/Users/nihaldastagiri/Desktop/Major Project/FaceForensics++_C23/Face2Face/467_462.mp4,1,FAKE,Face2Face,467
468_470,/Users/nihaldastagiri/Desktop/Major Project/FaceForensics++_C23/Face2Face/468_470.mp4,1,FAKE,Face2Face,468
469_481,/Users/nihaldastagiri/Desktop/Major Project/FaceForensics++_C23/Face2Face/469_481.mp4,1,FAKE,Face2Face,469
470_468,/Users/nihaldastagiri/Desktop/Major Project/FaceForensics++_C23/Face2Face/470_468.mp4,1,FAKE,Face2Face,470
471_455,/Users/nihaldastagiri/Desktop/Major Project/FaceForensics++_C23/Face2Face/471_455.mp4,1,FAKE,Face2Face,471
472_511,/Users/nihaldastagiri/Desktop/Major Project/FaceForensics++_C23/Face2Face/472_511.mp4,1,FAKE,Face2Face,472
473_366,/Users/nihaldastagiri/Desktop/Major Project/FaceForensics++_C23/Face2Face/473_366.mp4,1,FAKE,Face2Face,473
474_281,/Users/nihaldastagiri/Desktop/Major Project/FaceForensics++_C23/Face2Face/474_281.mp4,1,FAKE,Face2Face,474
475_265,/Users/nihaldastagiri/Desktop/Major Project/FaceForensics++_C23/Face2Face/475_265.mp4,1,FAKE,Face2Face,475
476_400,/Users/nihaldastagiri/Desktop/Major Project/FaceForensics++_C23/Face2Face/476_400.mp4,1,FAKE,Face2Face,476
477_487,/Users/nihaldastagiri/Desktop/Major Project/FaceForensics++_C23/Face2Face/477_487.mp4,1,FAKE,Face2Face,477
478_506,/Users/nihaldastagiri/Desktop/Major Project/FaceForensics++_C23/Face2Face/478_506.mp4,1,FAKE,Face2Face,478
479_706,/Users/nihaldastagiri/Desktop/Major Project/FaceForensics++_C23/Face2Face/479_706.mp4,1,FAKE,Face2Face,479
480_389,/Users/nihaldastagiri/Desktop/Major Project/FaceForensics++_C23/Face2Face/480_389.mp4,1,FAKE,Face2Face,480
481_469,/Users/nihaldastagiri/Desktop/Major Project/FaceForensics++_C23/Face2Face/481_469.mp4,1,FAKE,Face2Face,481
482_465,/Users/nihaldastagiri/Desktop/Major Project/FaceForensics++_C23/Face2Face/482_465.mp4,1,FAKE,Face2Face,482
483_370,/Users/nihaldastagiri/Desktop/Major Project/FaceForensics++_C23/Face2Face/483_370.mp4,1,FAKE,Face2Face,483
484_415,/Users/nihaldastagiri/Desktop/Major Project/FaceForensics++_C23/Face2Face/484_415.mp4,1,FAKE,Face2Face,484
485_425,/Users/nihaldastagiri/Desktop/Major Project/FaceForensics++_C23/Face2Face/485_425.mp4,1,FAKE,Face2Face,485
486_680,/Users/nihaldastagiri/Desktop/Major Project/FaceForensics++_C23/Face2Face/486_680.mp4,1,FAKE,Face2Face,486
487_477,/Users/nihaldastagiri/Desktop/Major Project/FaceForensics++_C23/Face2Face/487_477.mp4,1,FAKE,Face2Face,487
488_399,/Users/nihaldastagiri/Desktop/Major Project/FaceForensics++_C23/Face2Face/488_399.mp4,1,FAKE,Face2Face,488
489_022,/Users/nihaldastagiri/Desktop/Major Project/FaceForensics++_C23/Face2Face/489_022.mp4,1,FAKE,Face2Face,489
490_534,/Users/nihaldastagiri/Desktop/Major Project/FaceForensics++_C23/Face2Face/490_534.mp4,1,FAKE,Face2Face,490
491_226,/Users/nihaldastagiri/Desktop/Major Project/FaceForensics++_C23/Face2Face/491_226.mp4,1,FAKE,Face2Face,491
492_325,/Users/nihaldastagiri/Desktop/Major Project/FaceForensics++_C23/Face2Face/492_325.mp4,1,FAKE,Face2Face,492
493_538,/Users/nihaldastagiri/Desktop/Major Project/FaceForensics++_C23/Face2Face/493_538.mp4,1,FAKE,Face2Face,493
494_445,/Users/nihaldastagiri/Desktop/Major Project/FaceForensics++_C23/Face2Face/494_445.mp4,1,FAKE,Face2Face,494
495_512,/Users/nihaldastagiri/Desktop/Major Project/FaceForensics++_C23/Face2Face/495_512.mp4,1,FAKE,Face2Face,495
496_417,/Users/nihaldastagiri/Desktop/Major Project/FaceForensics++_C23/Face2Face/496_417.mp4,1,FAKE,Face2Face,496
497_403,/Users/nihaldastagiri/Desktop/Major Project/FaceForensics++_C23/Face2Face/497_403.mp4,1,FAKE,Face2Face,497
498_433,/Users/nihaldastagiri/Desktop/Major Project/FaceForensics++_C23/Face2Face/498_433.mp4,1,FAKE,Face2Face,498
499_539,/Users/nihaldastagiri/Desktop/Major Project/FaceForensics++_C23/Face2Face/499_539.mp4,1,FAKE,Face2Face,499
500_592,/Users/nihaldastagiri/Desktop/Major Project/FaceForensics++_C23/Face2Face/500_592.mp4,1,FAKE,Face2Face,500
501_326,/Users/nihaldastagiri/Desktop/Major Project/FaceForensics++_C23/Face2Face/501_326.mp4,1,FAKE,Face2Face,501
502_504,/Users/nihaldastagiri/Desktop/Major Project/FaceForensics++_C23/Face2Face/502_504.mp4,1,FAKE,Face2Face,502
503_756,/Users/nihaldastagiri/Desktop/Major Project/FaceForensics++_C23/Face2Face/503_756.mp4,1,FAKE,Face2Face,503
504_502,/Users/nihaldastagiri/Desktop/Major Project/FaceForensics++_C23/Face2Face/504_502.mp4,1,FAKE,Face2Face,504
505_600,/Users/nihaldastagiri/Desktop/Major Project/FaceForensics++_C23/Face2Face/505_600.mp4,1,FAKE,Face2Face,505
506_478,/Users/nihaldastagiri/Desktop/Major Project/FaceForensics++_C23/Face2Face/506_478.mp4,1,FAKE,Face2Face,506
507_418,/Users/nihaldastagiri/Desktop/Major Project/FaceForensics++_C23/Face2Face/507_418.mp4,1,FAKE,Face2Face,507
508_831,/Users/nihaldastagiri/Desktop/Major Project/FaceForensics++_C23/Face2Face/508_831.mp4,1,FAKE,Face2Face,508
509_525,/Users/nihaldastagiri/Desktop/Major Project/FaceForensics++_C23/Face2Face/509_525.mp4,1,FAKE,Face2Face,509
510_528,/Users/nihaldastagiri/Desktop/Major Project/FaceForensics++_C23/Face2Face/510_528.mp4,1,FAKE,Face2Face,510
511_472,/Users/nihaldastagiri/Desktop/Major Project/FaceForensics++_C23/Face2Face/511_472.mp4,1,FAKE,Face2Face,511
512_495,/Users/nihaldastagiri/Desktop/Major Project/FaceForensics++_C23/Face2Face/512_495.mp4,1,FAKE,Face2Face,512
513_305,/Users/nihaldastagiri/Desktop/Major Project/FaceForensics++_C23/Face2Face/513_305.mp4,1,FAKE,Face2Face,513
514_443,/Users/nihaldastagiri/Desktop/Major Project/FaceForensics++_C23/Face2Face/514_443.mp4,1,FAKE,Face2Face,514
515_519,/Users/nihaldastagiri/Desktop/Major Project/FaceForensics++_C23/Face2Face/515_519.mp4,1,FAKE,Face2Face,515
516_555,/Users/nihaldastagiri/Desktop/Major Project/FaceForensics++_C23/Face2Face/516_555.mp4,1,FAKE,Face2Face,516
517_521,/Users/nihaldastagiri/Desktop/Major Project/FaceForensics++_C23/Face2Face/517_521.mp4,1,FAKE,Face2Face,517
518_131,/Users/nihaldastagiri/Desktop/Major Project/FaceForensics++_C23/Face2Face/518_131.mp4,1,FAKE,Face2Face,518
519_515,/Users/nihaldastagiri/Desktop/Major Project/FaceForensics++_C23/Face2Face/519_515.mp4,1,FAKE,Face2Face,519
520_542,/Users/nihaldastagiri/Desktop/Major Project/FaceForensics++_C23/Face2Face/520_542.mp4,1,FAKE,Face2Face,520
521_517,/Users/nihaldastagiri/Desktop/Major Project/FaceForensics++_C23/Face2Face/521_517.mp4,1,FAKE,Face2Face,521
522_337,/Users/nihaldastagiri/Desktop/Major Project/FaceForensics++_C23/Face2Face/522_337.mp4,1,FAKE,Face2Face,522
523_541,/Users/nihaldastagiri/Desktop/Major Project/FaceForensics++_C23/Face2Face/523_541.mp4,1,FAKE,Face2Face,523
524_580,/Users/nihaldastagiri/Desktop/Major Project/FaceForensics++_C23/Face2Face/524_580.mp4,1,FAKE,Face2Face,524
525_509,/Users/nihaldastagiri/Desktop/Major Project/FaceForensics++_C23/Face2Face/525_509.mp4,1,FAKE,Face2Face,525
526_436,/Users/nihaldastagiri/Desktop/Major Project/FaceForensics++_C23/Face2Face/526_436.mp4,1,FAKE,Face2Face,526
527_454,/Users/nihaldastagiri/Desktop/Major Project/FaceForensics++_C23/Face2Face/527_454.mp4,1,FAKE,Face2Face,527
528_510,/Users/nihaldastagiri/Desktop/Major Project/FaceForensics++_C23/Face2Face/528_510.mp4,1,FAKE,Face2Face,528
529_633,/Users/nihaldastagiri/Desktop/Major Project/FaceForensics++_C23/Face2Face/529_633.mp4,1,FAKE,Face2Face,529
530_594,/Users/nihaldastagiri/Desktop/Major Project/FaceForensics++_C23/Face2Face/530_594.mp4,1,FAKE,Face2Face,530
531_549,/Users/nihaldastagiri/Desktop/Major Project/FaceForensics++_C23/Face2Face/531_549.mp4,1,FAKE,Face2Face,531
532_544,/Users/nihaldastagiri/Desktop/Major Project/FaceForensics++_C23/Face2Face/532_544.mp4,1,FAKE,Face2Face,532
533_450,/Users/nihaldastagiri/Desktop/Major Project/FaceForensics++_C23/Face2Face/533_450.mp4,1,FAKE,Face2Face,533
534_490,/Users/nihaldastagiri/Desktop/Major Project/FaceForensics++_C23/Face2Face/534_490.mp4,1,FAKE,Face2Face,534
535_587,/Users/nihaldastagiri/Desktop/Major Project/FaceForensics++_C23/Face2Face/535_587.mp4,1,FAKE,Face2Face,535
536_540,/Users/nihaldastagiri/Desktop/Major Project/FaceForensics++_C23/Face2Face/536_540.mp4,1,FAKE,Face2Face,536
537_563,/Users/nihaldastagiri/Desktop/Major Project/FaceForensics++_C23/Face2Face/537_563.mp4,1,FAKE,Face2Face,537
538_493,/Users/nihaldastagiri/Desktop/Major Project/FaceForensics++_C23/Face2Face/538_493.mp4,1,FAKE,Face2Face,538
539_499,/Users/nihaldastagiri/Desktop/Major Project/FaceForensics++_C23/Face2Face/539_499.mp4,1,FAKE,Face2Face,539
540_536,/Users/nihaldastagiri/Desktop/Major Project/FaceForensics++_C23/Face2Face/540_536.mp4,1,FAKE,Face2Face,540
541_523,/Users/nihaldastagiri/Desktop/Major Project/FaceForensics++_C23/Face2Face/541_523.mp4,1,FAKE,Face2Face,541
542_520,/Users/nihaldastagiri/Desktop/Major Project/FaceForensics++_C23/Face2Face/542_520.mp4,1,FAKE,Face2Face,542
543_559,/Users/nihaldastagiri/Desktop/Major Project/FaceForensics++_C23/Face2Face/543_559.mp4,1,FAKE,Face2Face,543
544_532,/Users/nihaldastagiri/Desktop/Major Project/FaceForensics++_C23/Face2Face/544_532.mp4,1,FAKE,Face2Face,544
545_553,/Users/nihaldastagiri/Desktop/Major Project/FaceForensics++_C23/Face2Face/545_553.mp4,1,FAKE,Face2Face,545
546_621,/Users/nihaldastagiri/Desktop/Major Project/FaceForensics++_C23/Face2Face/546_621.mp4,1,FAKE,Face2Face,546
547_574,/Users/nihaldastagiri/Desktop/Major Project/FaceForensics++_C23/Face2Face/547_574.mp4,1,FAKE,Face2Face,547
548_632,/Users/nihaldastagiri/Desktop/Major Project/FaceForensics++_C23/Face2Face/548_632.mp4,1,FAKE,Face2Face,548
549_531,/Users/nihaldastagiri/Desktop/Major Project/FaceForensics++_C23/Face2Face/549_531.mp4,1,FAKE,Face2Face,549
550_452,/Users/nihaldastagiri/Desktop/Major Project/FaceForensics++_C23/Face2Face/550_452.mp4,1,FAKE,Face2Face,550
551_631,/Users/nihaldastagiri/Desktop/Major Project/FaceForensics++_C23/Face2Face/551_631.mp4,1,FAKE,Face2Face,551
552_851,/Users/nihaldastagiri/Desktop/Major Project/FaceForensics++_C23/Face2Face/552_851.mp4,1,FAKE,Face2Face,552
553_545,/Users/nihaldastagiri/Desktop/Major Project/FaceForensics++_C23/Face2Face/553_545.mp4,1,FAKE,Face2Face,553
554_572,/Users/nihaldastagiri/Desktop/Major Project/FaceForensics++_C23/Face2Face/554_572.mp4,1,FAKE,Face2Face,554
555_516,/Users/nihaldastagiri/Desktop/Major Project/FaceForensics++_C23/Face2Face/555_516.mp4,1,FAKE,Face2Face,555
556_588,/Users/nihaldastagiri/Desktop/Major Project/FaceForensics++_C23/Face2Face/556_588.mp4,1,FAKE,Face2Face,556
557_560,/Users/nihaldastagiri/Desktop/Major Project/FaceForensics++_C23/Face2Face/557_560.mp4,1,FAKE,Face2Face,557
558_583,/Users/nihaldastagiri/Desktop/Major Project/FaceForensics++_C23/Face2Face/558_583.mp4,1,FAKE,Face2Face,558
559_543,/Users/nihaldastagiri/Desktop/Major Project/FaceForensics++_C23/Face2Face/559_543.mp4,1,FAKE,Face2Face,559
560_557,/Users/nihaldastagiri/Desktop/Major Project/FaceForensics++_C23/Face2Face/560_557.mp4,1,FAKE,Face2Face,560
561_998,/Users/nihaldastagiri/Desktop/Major Project/FaceForensics++_C23/Face2Face/561_998.mp4,1,FAKE,Face2Face,561
562_626,/Users/nihaldastagiri/Desktop/Major Project/FaceForensics++_C23/Face2Face/562_626.mp4,1,FAKE,Face2Face,562
563_537,/Users/nihaldastagiri/Desktop/Major Project/FaceForensics++_C23/Face2Face/563_537.mp4,1,FAKE,Face2Face,563
564_971,/Users/nihaldastagiri/Desktop/Major Project/FaceForensics++_C23/Face2Face/564_971.mp4,1,FAKE,Face2Face,564
565_589,/Users/nihaldastagiri/Desktop/Major Project/FaceForensics++_C23/Face2Face/565_589.mp4,1,FAKE,Face2Face,565
566_617,/Users/nihaldastagiri/Desktop/Major Project/FaceForensics++_C23/Face2Face/566_617.mp4,1,FAKE,Face2Face,566
567_606,/Users/nihaldastagiri/Desktop/Major Project/FaceForensics++_C23/Face2Face/567_606.mp4,1,FAKE,Face2Face,567
568_628,/Users/nihaldastagiri/Desktop/Major Project/FaceForensics++_C23/Face2Face/568_628.mp4,1,FAKE,Face2Face,568
569_921,/Users/nihaldastagiri/Desktop/Major Project/FaceForensics++_C23/Face2Face/569_921.mp4,1,FAKE,Face2Face,569
570_624,/Users/nihaldastagiri/Desktop/Major Project/FaceForensics++_C23/Face2Face/570_624.mp4,1,FAKE,Face2Face,570
571_746,/Users/nihaldastagiri/Desktop/Major Project/FaceForensics++_C23/Face2Face/571_746.mp4,1,FAKE,Face2Face,571
572_554,/Users/nihaldastagiri/Desktop/Major Project/FaceForensics++_C23/Face2Face/572_554.mp4,1,FAKE,Face2Face,572
573_757,/Users/nihaldastagiri/Desktop/Major Project/FaceForensics++_C23/Face2Face/573_757.mp4,1,FAKE,Face2Face,573
574_547,/Users/nihaldastagiri/Desktop/Major Project/FaceForensics++_C23/Face2Face/574_547.mp4,1,FAKE,Face2Face,574
575_603,/Users/nihaldastagiri/Desktop/Major Project/FaceForensics++_C23/Face2Face/575_603.mp4,1,FAKE,Face2Face,575
576_155,/Users/nihaldastagiri/Desktop/Major Project/FaceForensics++_C23/Face2Face/576_155.mp4,1,FAKE,Face2Face,576
577_593,/Users/nihaldastagiri/Desktop/Major Project/FaceForensics++_C23/Face2Face/577_593.mp4,1,FAKE,Face2Face,577
578_636,/Users/nihaldastagiri/Desktop/Major Project/FaceForensics++_C23/Face2Face/578_636.mp4,1,FAKE,Face2Face,578
579_701,/Users/nihaldastagiri/Desktop/Major Project/FaceForensics++_C23/Face2Face/579_701.mp4,1,FAKE,Face2Face,579
580_524,/Users/nihaldastagiri/Desktop/Major Project/FaceForensics++_C23/Face2Face/580_524.mp4,1,FAKE,Face2Face,580
581_697,/Users/nihaldastagiri/Desktop/Major Project/FaceForensics++_C23/Face2Face/581_697.mp4,1,FAKE,Face2Face,581
582_172,/Users/nihaldastagiri/Desktop/Major Project/FaceForensics++_C23/Face2Face/582_172.mp4,1,FAKE,Face2Face,582
583_558,/Users/nihaldastagiri/Desktop/Major Project/FaceForensics++_C23/Face2Face/583_558.mp4,1,FAKE,Face2Face,583
584_823,/Users/nihaldastagiri/Desktop/Major Project/FaceForensics++_C23/Face2Face/584_823.mp4,1,FAKE,Face2Face,584
585_599,/Users/nihaldastagiri/Desktop/Major Project/FaceForensics++_C23/Face2Face/585_599.mp4,1,FAKE,Face2Face,585
586_223,/Users/nihaldastagiri/Desktop/Major Project/FaceForensics++_C23/Face2Face/586_223.mp4,1,FAKE,Face2Face,586
587_535,/Users/nihaldastagiri/Desktop/Major Project/FaceForensics++_C23/Face2Face/587_535.mp4,1,FAKE,Face2Face,587
588_556,/Users/nihaldastagiri/Desktop/Major Project/FaceForensics++_C23/Face2Face/588_556.mp4,1,FAKE,Face2Face,588
589_565,/Users/nihaldastagiri/Desktop/Major Project/FaceForensics++_C23/Face2Face/589_565.mp4,1,FAKE,Face2Face,589
590_034,/Users/nihaldastagiri/Desktop/Major Project/FaceForensics++_C23/Face2Face/590_034.mp4,1,FAKE,Face2Face,590
591_605,/Users/nihaldastagiri/Desktop/Major Project/FaceForensics++_C23/Face2Face/591_605.mp4,1,FAKE,Face2Face,591
592_500,/Users/nihaldastagiri/Desktop/Major Project/FaceForensics++_C23/Face2Face/592_500.mp4,1,FAKE,Face2Face,592
593_577,/Users/nihaldastagiri/Desktop/Major Project/FaceForensics++_C23/Face2Face/593_577.mp4,1,FAKE,Face2Face,593
594_530,/Users/nihaldastagiri/Desktop/Major Project/FaceForensics++_C23/Face2Face/594_530.mp4,1,FAKE,Face2Face,594
595_597,/Users/nihaldastagiri/Desktop/Major Project/FaceForensics++_C23/Face2Face/595_597.mp4,1,FAKE,Face2Face,595
596_609,/Users/nihaldastagiri/Desktop/Major Project/FaceForensics++_C23/Face2Face/596_609.mp4,1,FAKE,Face2Face,596
597_595,/Users/nihaldastagiri/Desktop/Major Project/FaceForensics++_C23/Face2Face/597_595.mp4,1,FAKE,Face2Face,597
598_178,/Users/nihaldastagiri/Desktop/Major Project/FaceForensics++_C23/Face2Face/598_178.mp4,1,FAKE,Face2Face,598
599_585,/Users/nihaldastagiri/Desktop/Major Project/FaceForensics++_C23/Face2Face/599_585.mp4,1,FAKE,Face2Face,599
600_505,/Users/nihaldastagiri/Desktop/Major Project/FaceForensics++_C23/Face2Face/600_505.mp4,1,FAKE,Face2Face,600
601_653,/Users/nihaldastagiri/Desktop/Major Project/FaceForensics++_C23/Face2Face/601_653.mp4,1,FAKE,Face2Face,601
602_397,/Users/nihaldastagiri/Desktop/Major Project/FaceForensics++_C23/Face2Face/602_397.mp4,1,FAKE,Face2Face,602
603_575,/Users/nihaldastagiri/Desktop/Major Project/FaceForensics++_C23/Face2Face/603_575.mp4,1,FAKE,Face2Face,603
604_703,/Users/nihaldastagiri/Desktop/Major Project/FaceForensics++_C23/Face2Face/604_703.mp4,1,FAKE,Face2Face,604
605_591,/Users/nihaldastagiri/Desktop/Major Project/FaceForensics++_C23/Face2Face/605_591.mp4,1,FAKE,Face2Face,605
606_567,/Users/nihaldastagiri/Desktop/Major Project/FaceForensics++_C23/Face2Face/606_567.mp4,1,FAKE,Face2Face,606
607_683,/Users/nihaldastagiri/Desktop/Major Project/FaceForensics++_C23/Face2Face/607_683.mp4,1,FAKE,Face2Face,607
608_675,/Users/nihaldastagiri/Desktop/Major Project/FaceForensics++_C23/Face2Face/608_675.mp4,1,FAKE,Face2Face,608
609_596,/Users/nihaldastagiri/Desktop/Major Project/FaceForensics++_C23/Face2Face/609_596.mp4,1,FAKE,Face2Face,609
610_692,/Users/nihaldastagiri/Desktop/Major Project/FaceForensics++_C23/Face2Face/610_692.mp4,1,FAKE,Face2Face,610
611_760,/Users/nihaldastagiri/Desktop/Major Project/FaceForensics++_C23/Face2Face/611_760.mp4,1,FAKE,Face2Face,611
612_702,/Users/nihaldastagiri/Desktop/Major Project/FaceForensics++_C23/Face2Face/612_702.mp4,1,FAKE,Face2Face,612
613_685,/Users/nihaldastagiri/Desktop/Major Project/FaceForensics++_C23/Face2Face/613_685.mp4,1,FAKE,Face2Face,613
614_616,/Users/nihaldastagiri/Desktop/Major Project/FaceForensics++_C23/Face2Face/614_616.mp4,1,FAKE,Face2Face,614
615_687,/Users/nihaldastagiri/Desktop/Major Project/FaceForensics++_C23/Face2Face/615_687.mp4,1,FAKE,Face2Face,615
616_614,/Users/nihaldastagiri/Desktop/Major Project/FaceForensics++_C23/Face2Face/616_614.mp4,1,FAKE,Face2Face,616
617_566,/Users/nihaldastagiri/Desktop/Major Project/FaceForensics++_C23/Face2Face/617_566.mp4,1,FAKE,Face2Face,617
618_629,/Users/nihaldastagiri/Desktop/Major Project/FaceForensics++_C23/Face2Face/618_629.mp4,1,FAKE,Face2Face,618
619_620,/Users/nihaldastagiri/Desktop/Major Project/FaceForensics++_C23/Face2Face/619_620.mp4,1,FAKE,Face2Face,619
620_619,/Users/nihaldastagiri/Desktop/Major Project/FaceForensics++_C23/Face2Face/620_619.mp4,1,FAKE,Face2Face,620
621_546,/Users/nihaldastagiri/Desktop/Major Project/FaceForensics++_C23/Face2Face/621_546.mp4,1,FAKE,Face2Face,621
622_647,/Users/nihaldastagiri/Desktop/Major Project/FaceForensics++_C23/Face2Face/622_647.mp4,1,FAKE,Face2Face,622
623_630,/Users/nihaldastagiri/Desktop/Major Project/FaceForensics++_C23/Face2Face/623_630.mp4,1,FAKE,Face2Face,623
624_570,/Users/nihaldastagiri/Desktop/Major Project/FaceForensics++_C23/Face2Face/624_570.mp4,1,FAKE,Face2Face,624
625_650,/Users/nihaldastagiri/Desktop/Major Project/FaceForensics++_C23/Face2Face/625_650.mp4,1,FAKE,Face2Face,625
626_562,/Users/nihaldastagiri/Desktop/Major Project/FaceForensics++_C23/Face2Face/626_562.mp4,1,FAKE,Face2Face,626
627_658,/Users/nihaldastagiri/Desktop/Major Project/FaceForensics++_C23/Face2Face/627_658.mp4,1,FAKE,Face2Face,627
628_568,/Users/nihaldastagiri/Desktop/Major Project/FaceForensics++_C23/Face2Face/628_568.mp4,1,FAKE,Face2Face,628
629_618,/Users/nihaldastagiri/Desktop/Major Project/FaceForensics++_C23/Face2Face/629_618.mp4,1,FAKE,Face2Face,629
630_623,/Users/nihaldastagiri/Desktop/Major Project/FaceForensics++_C23/Face2Face/630_623.mp4,1,FAKE,Face2Face,630
631_551,/Users/nihaldastagiri/Desktop/Major Project/FaceForensics++_C23/Face2Face/631_551.mp4,1,FAKE,Face2Face,631
632_548,/Users/nihaldastagiri/Desktop/Major Project/FaceForensics++_C23/Face2Face/632_548.mp4,1,FAKE,Face2Face,632
633_529,/Users/nihaldastagiri/Desktop/Major Project/FaceForensics++_C23/Face2Face/633_529.mp4,1,FAKE,Face2Face,633
634_660,/Users/nihaldastagiri/Desktop/Major Project/FaceForensics++_C23/Face2Face/634_660.mp4,1,FAKE,Face2Face,634
635_642,/Users/nihaldastagiri/Desktop/Major Project/FaceForensics++_C23/Face2Face/635_642.mp4,1,FAKE,Face2Face,635
636_578,/Users/nihaldastagiri/Desktop/Major Project/FaceForensics++_C23/Face2Face/636_578.mp4,1,FAKE,Face2Face,636
637_427,/Users/nihaldastagiri/Desktop/Major Project/FaceForensics++_C23/Face2Face/637_427.mp4,1,FAKE,Face2Face,637
638_640,/Users/nihaldastagiri/Desktop/Major Project/FaceForensics++_C23/Face2Face/638_640.mp4,1,FAKE,Face2Face,638
639_841,/Users/nihaldastagiri/Desktop/Major Project/FaceForensics++_C23/Face2Face/639_841.mp4,1,FAKE,Face2Face,639
640_638,/Users/nihaldastagiri/Desktop/Major Project/FaceForensics++_C23/Face2Face/640_638.mp4,1,FAKE,Face2Face,640
641_662,/Users/nihaldastagiri/Desktop/Major Project/FaceForensics++_C23/Face2Face/641_662.mp4,1,FAKE,Face2Face,641
642_635,/Users/nihaldastagiri/Desktop/Major Project/FaceForensics++_C23/Face2Face/642_635.mp4,1,FAKE,Face2Face,642
643_646,/Users/nihaldastagiri/Desktop/Major Project/FaceForensics++_C23/Face2Face/643_646.mp4,1,FAKE,Face2Face,643
644_657,/Users/nihaldastagiri/Desktop/Major Project/FaceForensics++_C23/Face2Face/644_657.mp4,1,FAKE,Face2Face,644
645_688,/Users/nihaldastagiri/Desktop/Major Project/FaceForensics++_C23/Face2Face/645_688.mp4,1,FAKE,Face2Face,645
646_643,/Users/nihaldastagiri/Desktop/Major Project/FaceForensics++_C23/Face2Face/646_643.mp4,1,FAKE,Face2Face,646
647_622,/Users/nihaldastagiri/Desktop/Major Project/FaceForensics++_C23/Face2Face/647_622.mp4,1,FAKE,Face2Face,647
648_654,/Users/nihaldastagiri/Desktop/Major Project/FaceForensics++_C23/Face2Face/648_654.mp4,1,FAKE,Face2Face,648
649_816,/Users/nihaldastagiri/Desktop/Major Project/FaceForensics++_C23/Face2Face/649_816.mp4,1,FAKE,Face2Face,649
650_625,/Users/nihaldastagiri/Desktop/Major Project/FaceForensics++_C23/Face2Face/650_625.mp4,1,FAKE,Face2Face,650
651_835,/Users/nihaldastagiri/Desktop/Major Project/FaceForensics++_C23/Face2Face/651_835.mp4,1,FAKE,Face2Face,651
652_773,/Users/nihaldastagiri/Desktop/Major Project/FaceForensics++_C23/Face2Face/652_773.mp4,1,FAKE,Face2Face,652
653_601,/Users/nihaldastagiri/Desktop/Major Project/FaceForensics++_C23/Face2Face/653_601.mp4,1,FAKE,Face2Face,653
654_648,/Users/nihaldastagiri/Desktop/Major Project/FaceForensics++_C23/Face2Face/654_648.mp4,1,FAKE,Face2Face,654
655_444,/Users/nihaldastagiri/Desktop/Major Project/FaceForensics++_C23/Face2Face/655_444.mp4,1,FAKE,Face2Face,655
656_666,/Users/nihaldastagiri/Desktop/Major Project/FaceForensics++_C23/Face2Face/656_666.mp4,1,FAKE,Face2Face,656
657_644,/Users/nihaldastagiri/Desktop/Major Project/FaceForensics++_C23/Face2Face/657_644.mp4,1,FAKE,Face2Face,657
658_627,/Users/nihaldastagiri/Desktop/Major Project/FaceForensics++_C23/Face2Face/658_627.mp4,1,FAKE,Face2Face,658
659_749,/Users/nihaldastagiri/Desktop/Major Project/FaceForensics++_C23/Face2Face/659_749.mp4,1,FAKE,Face2Face,659
660_634,/Users/nihaldastagiri/Desktop/Major Project/FaceForensics++_C23/Face2Face/660_634.mp4,1,FAKE,Face2Face,660
661_670,/Users/nihaldastagiri/Desktop/Major Project/FaceForensics++_C23/Face2Face/661_670.mp4,1,FAKE,Face2Face,661
662_641,/Users/nihaldastagiri/Desktop/Major Project/FaceForensics++_C23/Face2Face/662_641.mp4,1,FAKE,Face2Face,662
663_231,/Users/nihaldastagiri/Desktop/Major Project/FaceForensics++_C23/Face2Face/663_231.mp4,1,FAKE,Face2Face,663
664_668,/Users/nihaldastagiri/Desktop/Major Project/FaceForensics++_C23/Face2Face/664_668.mp4,1,FAKE,Face2Face,664
665_679,/Users/nihaldastagiri/Desktop/Major Project/FaceForensics++_C23/Face2Face/665_679.mp4,1,FAKE,Face2Face,665
666_656,/Users/nihaldastagiri/Desktop/Major Project/FaceForensics++_C23/Face2Face/666_656.mp4,1,FAKE,Face2Face,666
667_446,/Users/nihaldastagiri/Desktop/Major Project/FaceForensics++_C23/Face2Face/667_446.mp4,1,FAKE,Face2Face,667
668_664,/Users/nihaldastagiri/Desktop/Major Project/FaceForensics++_C23/Face2Face/668_664.mp4,1,FAKE,Face2Face,668
669_682,/Users/nihaldastagiri/Desktop/Major Project/FaceForensics++_C23/Face2Face/669_682.mp4,1,FAKE,Face2Face,669
670_661,/Users/nihaldastagiri/Desktop/Major Project/FaceForensics++_C23/Face2Face/670_661.mp4,1,FAKE,Face2Face,670
671_677,/Users/nihaldastagiri/Desktop/Major Project/FaceForensics++_C23/Face2Face/671_677.mp4,1,FAKE,Face2Face,671
672_720,/Users/nihaldastagiri/Desktop/Major Project/FaceForensics++_C23/Face2Face/672_720.mp4,1,FAKE,Face2Face,672
673_728,/Users/nihaldastagiri/Desktop/Major Project/FaceForensics++_C23/Face2Face/673_728.mp4,1,FAKE,Face2Face,673
674_744,/Users/nihaldastagiri/Desktop/Major Project/FaceForensics++_C23/Face2Face/674_744.mp4,1,FAKE,Face2Face,674
675_608,/Users/nihaldastagiri/Desktop/Major Project/FaceForensics++_C23/Face2Face/675_608.mp4,1,FAKE,Face2Face,675
676_776,/Users/nihaldastagiri/Desktop/Major Project/FaceForensics++_C23/Face2Face/676_776.mp4,1,FAKE,Face2Face,676
677_671,/Users/nihaldastagiri/Desktop/Major Project/FaceForensics++_C23/Face2Face/677_671.mp4,1,FAKE,Face2Face,677
678_460,/Users/nihaldastagiri/Desktop/Major Project/FaceForensics++_C23/Face2Face/678_460.mp4,1,FAKE,Face2Face,678
679_665,/Users/nihaldastagiri/Desktop/Major Project/FaceForensics++_C23/Face2Face/679_665.mp4,1,FAKE,Face2Face,679
680_486,/Users/nihaldastagiri/Desktop/Major Project/FaceForensics++_C23/Face2Face/680_486.mp4,1,FAKE,Face2Face,680
681_711,/Users/nihaldastagiri/Desktop/Major Project/FaceForensics++_C23/Face2Face/681_711.mp4,1,FAKE,Face2Face,681
682_669,/Users/nihaldastagiri/Desktop/Major Project/FaceForensics++_C23/Face2Face/682_669.mp4,1,FAKE,Face2Face,682
683_607,/Users/nihaldastagiri/Desktop/Major Project/FaceForensics++_C23/Face2Face/683_607.mp4,1,FAKE,Face2Face,683
684_717,/Users/nihaldastagiri/Desktop/Major Project/FaceForensics++_C23/Face2Face/684_717.mp4,1,FAKE,Face2Face,684
685_613,/Users/nihaldastagiri/Desktop/Major Project/FaceForensics++_C23/Face2Face/685_613.mp4,1,FAKE,Face2Face,685
686_696,/Users/nihaldastagiri/Desktop/Major Project/FaceForensics++_C23/Face2Face/686_696.mp4,1,FAKE,Face2Face,686
687_615,/Users/nihaldastagiri/Desktop/Major Project/FaceForensics++_C23/Face2Face/687_615.mp4,1,FAKE,Face2Face,687
688_645,/Users/nihaldastagiri/Desktop/Major Project/FaceForensics++_C23/Face2Face/688_645.mp4,1,FAKE,Face2Face,688
689_690,/Users/nihaldastagiri/Desktop/Major Project/FaceForensics++_C23/Face2Face/689_690.mp4,1,FAKE,Face2Face,689
690_689,/Users/nihaldastagiri/Desktop/Major Project/FaceForensics++_C23/Face2Face/690_689.mp4,1,FAKE,Face2Face,690
691_732,/Users/nihaldastagiri/Desktop/Major Project/FaceForensics++_C23/Face2Face/691_732.mp4,1,FAKE,Face2Face,691
692_610,/Users/nihaldastagiri/Desktop/Major Project/FaceForensics++_C23/Face2Face/692_610.mp4,1,FAKE,Face2Face,692
693_698,/Users/nihaldastagiri/Desktop/Major Project/FaceForensics++_C23/Face2Face/693_698.mp4,1,FAKE,Face2Face,693
694_767,/Users/nihaldastagiri/Desktop/Major Project/FaceForensics++_C23/Face2Face/694_767.mp4,1,FAKE,Face2Face,694
695_422,/Users/nihaldastagiri/Desktop/Major Project/FaceForensics++_C23/Face2Face/695_422.mp4,1,FAKE,Face2Face,695
696_686,/Users/nihaldastagiri/Desktop/Major Project/FaceForensics++_C23/Face2Face/696_686.mp4,1,FAKE,Face2Face,696
697_581,/Users/nihaldastagiri/Desktop/Major Project/FaceForensics++_C23/Face2Face/697_581.mp4,1,FAKE,Face2Face,697
698_693,/Users/nihaldastagiri/Desktop/Major Project/FaceForensics++_C23/Face2Face/698_693.mp4,1,FAKE,Face2Face,698
699_734,/Users/nihaldastagiri/Desktop/Major Project/FaceForensics++_C23/Face2Face/699_734.mp4,1,FAKE,Face2Face,699
700_813,/Users/nihaldastagiri/Desktop/Major Project/FaceForensics++_C23/Face2Face/700_813.mp4,1,FAKE,Face2Face,700
701_579,/Users/nihaldastagiri/Desktop/Major Project/FaceForensics++_C23/Face2Face/701_579.mp4,1,FAKE,Face2Face,701
702_612,/Users/nihaldastagiri/Desktop/Major Project/FaceForensics++_C23/Face2Face/702_612.mp4,1,FAKE,Face2Face,702
703_604,/Users/nihaldastagiri/Desktop/Major Project/FaceForensics++_C23/Face2Face/703_604.mp4,1,FAKE,Face2Face,703
704_723,/Users/nihaldastagiri/Desktop/Major Project/FaceForensics++_C23/Face2Face/704_723.mp4,1,FAKE,Face2Face,704
705_707,/Users/nihaldastagiri/Desktop/Major Project/FaceForensics++_C23/Face2Face/705_707.mp4,1,FAKE,Face2Face,705
706_479,/Users/nihaldastagiri/Desktop/Major Project/FaceForensics++_C23/Face2Face/706_479.mp4,1,FAKE,Face2Face,706
707_705,/Users/nihaldastagiri/Desktop/Major Project/FaceForensics++_C23/Face2Face/707_705.mp4,1,FAKE,Face2Face,707
708_772,/Users/nihaldastagiri/Desktop/Major Project/FaceForensics++_C23/Face2Face/708_772.mp4,1,FAKE,Face2Face,708
709_390,/Users/nihaldastagiri/Desktop/Major Project/FaceForensics++_C23/Face2Face/709_390.mp4,1,FAKE,Face2Face,709
710_788,/Users/nihaldastagiri/Desktop/Major Project/FaceForensics++_C23/Face2Face/710_788.mp4,1,FAKE,Face2Face,710
711_681,/Users/nihaldastagiri/Desktop/Major Project/FaceForensics++_C23/Face2Face/711_681.mp4,1,FAKE,Face2Face,711
712_716,/Users/nihaldastagiri/Desktop/Major Project/FaceForensics++_C23/Face2Face/712_716.mp4,1,FAKE,Face2Face,712
713_726,/Users/nihaldastagiri/Desktop/Major Project/FaceForensics++_C23/Face2Face/713_726.mp4,1,FAKE,Face2Face,713
714_842,/Users/nihaldastagiri/Desktop/Major Project/FaceForensics++_C23/Face2Face/714_842.mp4,1,FAKE,Face2Face,714
715_721,/Users/nihaldastagiri/Desktop/Major Project/FaceForensics++_C23/Face2Face/715_721.mp4,1,FAKE,Face2Face,715
716_712,/Users/nihaldastagiri/Desktop/Major Project/FaceForensics++_C23/Face2Face/716_712.mp4,1,FAKE,Face2Face,716
717_684,/Users/nihaldastagiri/Desktop/Major Project/FaceForensics++_C23/Face2Face/717_684.mp4,1,FAKE,Face2Face,717
718_972,/Users/nihaldastagiri/Desktop/Major Project/FaceForensics++_C23/Face2Face/718_972.mp4,1,FAKE,Face2Face,718
719_737,/Users/nihaldastagiri/Desktop/Major Project/FaceForensics++_C23/Face2Face/719_737.mp4,1,FAKE,Face2Face,719
720_672,/Users/nihaldastagiri/Desktop/Major Project/FaceForensics++_C23/Face2Face/720_672.mp4,1,FAKE,Face2Face,720
721_715,/Users/nihaldastagiri/Desktop/Major Project/FaceForensics++_C23/Face2Face/721_715.mp4,1,FAKE,Face2Face,721
722_458,/Users/nihaldastagiri/Desktop/Major Project/FaceForensics++_C23/Face2Face/722_458.mp4,1,FAKE,Face2Face,722
723_704,/Users/nihaldastagiri/Desktop/Major Project/FaceForensics++_C23/Face2Face/723_704.mp4,1,FAKE,Face2Face,723
724_725,/Users/nihaldastagiri/Desktop/Major Project/FaceForensics++_C23/Face2Face/724_725.mp4,1,FAKE,Face2Face,724
725_724,/Users/nihaldastagiri/Desktop/Major Project/FaceForensics++_C23/Face2Face/725_724.mp4,1,FAKE,Face2Face,725
726_713,/Users/nihaldastagiri/Desktop/Major Project/FaceForensics++_C23/Face2Face/726_713.mp4,1,FAKE,Face2Face,726
727_729,/Users/nihaldastagiri/Desktop/Major Project/FaceForensics++_C23/Face2Face/727_729.mp4,1,FAKE,Face2Face,727
728_673,/Users/nihaldastagiri/Desktop/Major Project/FaceForensics++_C23/Face2Face/728_673.mp4,1,FAKE,Face2Face,728
729_727,/Users/nihaldastagiri/Desktop/Major Project/FaceForensics++_C23/Face2Face/729_727.mp4,1,FAKE,Face2Face,729
730_815,/Users/nihaldastagiri/Desktop/Major Project/FaceForensics++_C23/Face2Face/730_815.mp4,1,FAKE,Face2Face,730
731_741,/Users/nihaldastagiri/Desktop/Major Project/FaceForensics++_C23/Face2Face/731_741.mp4,1,FAKE,Face2Face,731
732_691,/Users/nihaldastagiri/Desktop/Major Project/FaceForensics++_C23/Face2Face/732_691.mp4,1,FAKE,Face2Face,732
733_935,/Users/nihaldastagiri/Desktop/Major Project/FaceForensics++_C23/Face2Face/733_935.mp4,1,FAKE,Face2Face,733
734_699,/Users/nihaldastagiri/Desktop/Major Project/FaceForensics++_C23/Face2Face/734_699.mp4,1,FAKE,Face2Face,734
735_774,/Users/nihaldastagiri/Desktop/Major Project/FaceForensics++_C23/Face2Face/735_774.mp4,1,FAKE,Face2Face,735
736_785,/Users/nihaldastagiri/Desktop/Major Project/FaceForensics++_C23/Face2Face/736_785.mp4,1,FAKE,Face2Face,736
737_719,/Users/nihaldastagiri/Desktop/Major Project/FaceForensics++_C23/Face2Face/737_719.mp4,1,FAKE,Face2Face,737
738_804,/Users/nihaldastagiri/Desktop/Major Project/FaceForensics++_C23/Face2Face/738_804.mp4,1,FAKE,Face2Face,738
739_865,/Users/nihaldastagiri/Desktop/Major Project/FaceForensics++_C23/Face2Face/739_865.mp4,1,FAKE,Face2Face,739
740_796,/Users/nihaldastagiri/Desktop/Major Project/FaceForensics++_C23/Face2Face/740_796.mp4,1,FAKE,Face2Face,740
741_731,/Users/nihaldastagiri/Desktop/Major Project/FaceForensics++_C23/Face2Face/741_731.mp4,1,FAKE,Face2Face,741
742_775,/Users/nihaldastagiri/Desktop/Major Project/FaceForensics++_C23/Face2Face/742_775.mp4,1,FAKE,Face2Face,742
743_750,/Users/nihaldastagiri/Desktop/Major Project/FaceForensics++_C23/Face2Face/743_750.mp4,1,FAKE,Face2Face,743
744_674,/Users/nihaldastagiri/Desktop/Major Project/FaceForensics++_C23/Face2Face/744_674.mp4,1,FAKE,Face2Face,744
745_777,/Users/nihaldastagiri/Desktop/Major Project/FaceForensics++_C23/Face2Face/745_777.mp4,1,FAKE,Face2Face,745
746_571,/Users/nihaldastagiri/Desktop/Major Project/FaceForensics++_C23/Face2Face/746_571.mp4,1,FAKE,Face2Face,746
747_854,/Users/nihaldastagiri/Desktop/Major Project/FaceForensics++_C23/Face2Face/747_854.mp4,1,FAKE,Face2Face,747
748_355,/Users/nihaldastagiri/Desktop/Major Project/FaceForensics++_C23/Face2Face/748_355.mp4,1,FAKE,Face2Face,748
749_659,/Users/nihaldastagiri/Desktop/Major Project/FaceForensics++_C23/Face2Face/749_659.mp4,1,FAKE,Face2Face,749
750_743,/Users/nihaldastagiri/Desktop/Major Project/FaceForensics++_C23/Face2Face/750_743.mp4,1,FAKE,Face2Face,750
751_752,/Users/nihaldastagiri/Desktop/Major Project/FaceForensics++_C23/Face2Face/751_752.mp4,1,FAKE,Face2Face,751
752_751,/Users/nihaldastagiri/Desktop/Major Project/FaceForensics++_C23/Face2Face/752_751.mp4,1,FAKE,Face2Face,752
753_789,/Users/nihaldastagiri/Desktop/Major Project/FaceForensics++_C23/Face2Face/753_789.mp4,1,FAKE,Face2Face,753
754_758,/Users/nihaldastagiri/Desktop/Major Project/FaceForensics++_C23/Face2Face/754_758.mp4,1,FAKE,Face2Face,754
755_759,/Users/nihaldastagiri/Desktop/Major Project/FaceForensics++_C23/Face2Face/755_759.mp4,1,FAKE,Face2Face,755
756_503,/Users/nihaldastagiri/Desktop/Major Project/FaceForensics++_C23/Face2Face/756_503.mp4,1,FAKE,Face2Face,756
757_573,/Users/nihaldastagiri/Desktop/Major Project/FaceForensics++_C23/Face2Face/757_573.mp4,1,FAKE,Face2Face,757
758_754,/Users/nihaldastagiri/Desktop/Major Project/FaceForensics++_C23/Face2Face/758_754.mp4,1,FAKE,Face2Face,758
759_755,/Users/nihaldastagiri/Desktop/Major Project/FaceForensics++_C23/Face2Face/759_755.mp4,1,FAKE,Face2Face,759
760_611,/Users/nihaldastagiri/Desktop/Major Project/FaceForensics++_C23/Face2Face/760_611.mp4,1,FAKE,Face2Face,760
761_766,/Users/nihaldastagiri/Desktop/Major Project/FaceForensics++_C23/Face2Face/761_766.mp4,1,FAKE,Face2Face,761
762_832,/Users/nihaldastagiri/Desktop/Major Project/FaceForensics++_C23/Face2Face/762_832.mp4,1,FAKE,Face2Face,762
763_930,/Users/nihaldastagiri/Desktop/Major Project/FaceForensics++_C23/Face2Face/763_930.mp4,1,FAKE,Face2Face,763
764_850,/Users/nihaldastagiri/Desktop/Major Project/FaceForensics++_C23/Face2Face/764_850.mp4,1,FAKE,Face2Face,764
765_867,/Users/nihaldastagiri/Desktop/Major Project/FaceForensics++_C23/Face2Face/765_867.mp4,1,FAKE,Face2Face,765
766_761,/Users/nihaldastagiri/Desktop/Major Project/FaceForensics++_C23/Face2Face/766_761.mp4,1,FAKE,Face2Face,766
767_694,/Users/nihaldastagiri/Desktop/Major Project/FaceForensics++_C23/Face2Face/767_694.mp4,1,FAKE,Face2Face,767
768_793,/Users/nihaldastagiri/Desktop/Major Project/FaceForensics++_C23/Face2Face/768_793.mp4,1,FAKE,Face2Face,768
769_784,/Users/nihaldastagiri/Desktop/Major Project/FaceForensics++_C23/Face2Face/769_784.mp4,1,FAKE,Face2Face,769
770_791,/Users/nihaldastagiri/Desktop/Major Project/FaceForensics++_C23/Face2Face/770_791.mp4,1,FAKE,Face2Face,770
771_849,/Users/nihaldastagiri/Desktop/Major Project/FaceForensics++_C23/Face2Face/771_849.mp4,1,FAKE,Face2Face,771
772_708,/Users/nihaldastagiri/Desktop/Major Project/FaceForensics++_C23/Face2Face/772_708.mp4,1,FAKE,Face2Face,772
773_652,/Users/nihaldastagiri/Desktop/Major Project/FaceForensics++_C23/Face2Face/773_652.mp4,1,FAKE,Face2Face,773
774_735,/Users/nihaldastagiri/Desktop/Major Project/FaceForensics++_C23/Face2Face/774_735.mp4,1,FAKE,Face2Face,774
775_742,/Users/nihaldastagiri/Desktop/Major Project/FaceForensics++_C23/Face2Face/775_742.mp4,1,FAKE,Face2Face,775
776_676,/Users/nihaldastagiri/Desktop/Major Project/FaceForensics++_C23/Face2Face/776_676.mp4,1,FAKE,Face2Face,776
777_745,/Users/nihaldastagiri/Desktop/Major Project/FaceForensics++_C23/Face2Face/777_745.mp4,1,FAKE,Face2Face,777
778_798,/Users/nihaldastagiri/Desktop/Major Project/FaceForensics++_C23/Face2Face/778_798.mp4,1,FAKE,Face2Face,778
779_794,/Users/nihaldastagiri/Desktop/Major Project/FaceForensics++_C23/Face2Face/779_794.mp4,1,FAKE,Face2Face,779
780_869,/Users/nihaldastagiri/Desktop/Major Project/FaceForensics++_C23/Face2Face/780_869.mp4,1,FAKE,Face2Face,780
781_806,/Users/nihaldastagiri/Desktop/Major Project/FaceForensics++_C23/Face2Face/781_806.mp4,1,FAKE,Face2Face,781
782_787,/Users/nihaldastagiri/Desktop/Major Project/FaceForensics++_C23/Face2Face/782_787.mp4,1,FAKE,Face2Face,782
783_916,/Users/nihaldastagiri/Desktop/Major Project/FaceForensics++_C23/Face2Face/783_916.mp4,1,FAKE,Face2Face,783
784_769,/Users/nihaldastagiri/Desktop/Major Project/FaceForensics++_C23/Face2Face/784_769.mp4,1,FAKE,Face2Face,784
785_736,/Users/nihaldastagiri/Desktop/Major Project/FaceForensics++_C23/Face2Face/785_736.mp4,1,FAKE,Face2Face,785
786_819,/Users/nihaldastagiri/Desktop/Major Project/FaceForensics++_C23/Face2Face/786_819.mp4,1,FAKE,Face2Face,786
787_782,/Users/nihaldastagiri/Desktop/Major Project/FaceForensics++_C23/Face2Face/787_782.mp4,1,FAKE,Face2Face,787
788_710,/Users/nihaldastagiri/Desktop/Major Project/FaceForensics++_C23/Face2Face/788_710.mp4,1,FAKE,Face2Face,788
789_753,/Users/nihaldastagiri/Desktop/Major Project/FaceForensics++_C23/Face2Face/789_753.mp4,1,FAKE,Face2Face,789
790_014,/Users/nihaldastagiri/Desktop/Major Project/FaceForensics++_C23/Face2Face/790_014.mp4,1,FAKE,Face2Face,790
791_770,/Users/nihaldastagiri/Desktop/Major Project/FaceForensics++_C23/Face2Face/791_770.mp4,1,FAKE,Face2Face,791
792_903,/Users/nihaldastagiri/Desktop/Major Project/FaceForensics++_C23/Face2Face/792_903.mp4,1,FAKE,Face2Face,792
793_768,/Users/nihaldastagiri/Desktop/Major Project/FaceForensics++_C23/Face2Face/793_768.mp4,1,FAKE,Face2Face,793
794_779,/Users/nihaldastagiri/Desktop/Major Project/FaceForensics++_C23/Face2Face/794_779.mp4,1,FAKE,Face2Face,794
795_907,/Users/nihaldastagiri/Desktop/Major Project/FaceForensics++_C23/Face2Face/795_907.mp4,1,FAKE,Face2Face,795
796_740,/Users/nihaldastagiri/Desktop/Major Project/FaceForensics++_C23/Face2Face/796_740.mp4,1,FAKE,Face2Face,796
797_844,/Users/nihaldastagiri/Desktop/Major Project/FaceForensics++_C23/Face2Face/797_844.mp4,1,FAKE,Face2Face,797
798_778,/Users/nihaldastagiri/Desktop/Major Project/FaceForensics++_C23/Face2Face/798_778.mp4,1,FAKE,Face2Face,798
799_809,/Users/nihaldastagiri/Desktop/Major Project/FaceForensics++_C23/Face2Face/799_809.mp4,1,FAKE,Face2Face,799
800_840,/Users/nihaldastagiri/Desktop/Major Project/FaceForensics++_C23/Face2Face/800_840.mp4,1,FAKE,Face2Face,800
801_855,/Users/nihaldastagiri/Desktop/Major Project/FaceForensics++_C23/Face2Face/801_855.mp4,1,FAKE,Face2Face,801
802_885,/Users/nihaldastagiri/Desktop/Major Project/FaceForensics++_C23/Face2Face/802_885.mp4,1,FAKE,Face2Face,802
803_017,/Users/nihaldastagiri/Desktop/Major Project/FaceForensics++_C23/Face2Face/803_017.mp4,1,FAKE,Face2Face,803
804_738,/Users/nihaldastagiri/Desktop/Major Project/FaceForensics++_C23/Face2Face/804_738.mp4,1,FAKE,Face2Face,804
805_011,/Users/nihaldastagiri/Desktop/Major Project/FaceForensics++_C23/Face2Face/805_011.mp4,1,FAKE,Face2Face,805
806_781,/Users/nihaldastagiri/Desktop/Major Project/FaceForensics++_C23/Face2Face/806_781.mp4,1,FAKE,Face2Face,806
807_273,/Users/nihaldastagiri/Desktop/Major Project/FaceForensics++_C23/Face2Face/807_273.mp4,1,FAKE,Face2Face,807
808_829,/Users/nihaldastagiri/Desktop/Major Project/FaceForensics++_C23/Face2Face/808_829.mp4,1,FAKE,Face2Face,808
809_799,/Users/nihaldastagiri/Desktop/Major Project/FaceForensics++_C23/Face2Face/809_799.mp4,1,FAKE,Face2Face,809
810_838,/Users/nihaldastagiri/Desktop/Major Project/FaceForensics++_C23/Face2Face/810_838.mp4,1,FAKE,Face2Face,810
811_920,/Users/nihaldastagiri/Desktop/Major Project/FaceForensics++_C23/Face2Face/811_920.mp4,1,FAKE,Face2Face,811
812_821,/Users/nihaldastagiri/Desktop/Major Project/FaceForensics++_C23/Face2Face/812_821.mp4,1,FAKE,Face2Face,812
813_700,/Users/nihaldastagiri/Desktop/Major Project/FaceForensics++_C23/Face2Face/813_700.mp4,1,FAKE,Face2Face,813
814_871,/Users/nihaldastagiri/Desktop/Major Project/FaceForensics++_C23/Face2Face/814_871.mp4,1,FAKE,Face2Face,814
815_730,/Users/nihaldastagiri/Desktop/Major Project/FaceForensics++_C23/Face2Face/815_730.mp4,1,FAKE,Face2Face,815
816_649,/Users/nihaldastagiri/Desktop/Major Project/FaceForensics++_C23/Face2Face/816_649.mp4,1,FAKE,Face2Face,816
817_827,/Users/nihaldastagiri/Desktop/Major Project/FaceForensics++_C23/Face2Face/817_827.mp4,1,FAKE,Face2Face,817
818_820,/Users/nihaldastagiri/Desktop/Major Project/FaceForensics++_C23/Face2Face/818_820.mp4,1,FAKE,Face2Face,818
819_786,/Users/nihaldastagiri/Desktop/Major Project/FaceForensics++_C23/Face2Face/819_786.mp4,1,FAKE,Face2Face,819
820_818,/Users/nihaldastagiri/Desktop/Major Project/FaceForensics++_C23/Face2Face/820_818.mp4,1,FAKE,Face2Face,820
821_812,/Users/nihaldastagiri/Desktop/Major Project/FaceForensics++_C23/Face2Face/821_812.mp4,1,FAKE,Face2Face,821
822_244,/Users/nihaldastagiri/Desktop/Major Project/FaceForensics++_C23/Face2Face/822_244.mp4,1,FAKE,Face2Face,822
823_584,/Users/nihaldastagiri/Desktop/Major Project/FaceForensics++_C23/Face2Face/823_584.mp4,1,FAKE,Face2Face,823
824_419,/Users/nihaldastagiri/Desktop/Major Project/FaceForensics++_C23/Face2Face/824_419.mp4,1,FAKE,Face2Face,824
825_074,/Users/nihaldastagiri/Desktop/Major Project/FaceForensics++_C23/Face2Face/825_074.mp4,1,FAKE,Face2Face,825
826_833,/Users/nihaldastagiri/Desktop/Major Project/FaceForensics++_C23/Face2Face/826_833.mp4,1,FAKE,Face2Face,826
827_817,/Users/nihaldastagiri/Desktop/Major Project/FaceForensics++_C23/Face2Face/827_817.mp4,1,FAKE,Face2Face,827
828_830,/Users/nihaldastagiri/Desktop/Major Project/FaceForensics++_C23/Face2Face/828_830.mp4,1,FAKE,Face2Face,828
829_808,/Users/nihaldastagiri/Desktop/Major Project/FaceForensics++_C23/Face2Face/829_808.mp4,1,FAKE,Face2Face,829
830_828,/Users/nihaldastagiri/Desktop/Major Project/FaceForensics++_C23/Face2Face/830_828.mp4,1,FAKE,Face2Face,830
831_508,/Users/nihaldastagiri/Desktop/Major Project/FaceForensics++_C23/Face2Face/831_508.mp4,1,FAKE,Face2Face,831
832_762,/Users/nihaldastagiri/Desktop/Major Project/FaceForensics++_C23/Face2Face/832_762.mp4,1,FAKE,Face2Face,832
833_826,/Users/nihaldastagiri/Desktop/Major Project/FaceForensics++_C23/Face2Face/833_826.mp4,1,FAKE,Face2Face,833
834_852,/Users/nihaldastagiri/Desktop/Major Project/FaceForensics++_C23/Face2Face/834_852.mp4,1,FAKE,Face2Face,834
835_651,/Users/nihaldastagiri/Desktop/Major Project/FaceForensics++_C23/Face2Face/835_651.mp4,1,FAKE,Face2Face,835
836_950,/Users/nihaldastagiri/Desktop/Major Project/FaceForensics++_C23/Face2Face/836_950.mp4,1,FAKE,Face2Face,836
837_890,/Users/nihaldastagiri/Desktop/Major Project/FaceForensics++_C23/Face2Face/837_890.mp4,1,FAKE,Face2Face,837
838_810,/Users/nihaldastagiri/Desktop/Major Project/FaceForensics++_C23/Face2Face/838_810.mp4,1,FAKE,Face2Face,838
839_864,/Users/nihaldastagiri/Desktop/Major Project/FaceForensics++_C23/Face2Face/839_864.mp4,1,FAKE,Face2Face,839
840_800,/Users/nihaldastagiri/Desktop/Major Project/FaceForensics++_C23/Face2Face/840_800.mp4,1,FAKE,Face2Face,840
841_639,/Users/nihaldastagiri/Desktop/Major Project/FaceForensics++_C23/Face2Face/841_639.mp4,1,FAKE,Face2Face,841
842_714,/Users/nihaldastagiri/Desktop/Major Project/FaceForensics++_C23/Face2Face/842_714.mp4,1,FAKE,Face2Face,842
843_859,/Users/nihaldastagiri/Desktop/Major Project/FaceForensics++_C23/Face2Face/843_859.mp4,1,FAKE,Face2Face,843
844_797,/Users/nihaldastagiri/Desktop/Major Project/FaceForensics++_C23/Face2Face/844_797.mp4,1,FAKE,Face2Face,844
845_846,/Users/nihaldastagiri/Desktop/Major Project/FaceForensics++_C23/Face2Face/845_846.mp4,1,FAKE,Face2Face,845
846_845,/Users/nihaldastagiri/Desktop/Major Project/FaceForensics++_C23/Face2Face/846_845.mp4,1,FAKE,Face2Face,846
847_906,/Users/nihaldastagiri/Desktop/Major Project/FaceForensics++_C23/Face2Face/847_906.mp4,1,FAKE,Face2Face,847
848_894,/Users/nihaldastagiri/Desktop/Major Project/FaceForensics++_C23/Face2Face/848_894.mp4,1,FAKE,Face2Face,848
849_771,/Users/nihaldastagiri/Desktop/Major Project/FaceForensics++_C23/Face2Face/849_771.mp4,1,FAKE,Face2Face,849
850_764,/Users/nihaldastagiri/Desktop/Major Project/FaceForensics++_C23/Face2Face/850_764.mp4,1,FAKE,Face2Face,850
851_552,/Users/nihaldastagiri/Desktop/Major Project/FaceForensics++_C23/Face2Face/851_552.mp4,1,FAKE,Face2Face,851
852_834,/Users/nihaldastagiri/Desktop/Major Project/FaceForensics++_C23/Face2Face/852_834.mp4,1,FAKE,Face2Face,852
853_863,/Users/nihaldastagiri/Desktop/Major Project/FaceForensics++_C23/Face2Face/853_863.mp4,1,FAKE,Face2Face,853
854_747,/Users/nihaldastagiri/Desktop/Major Project/FaceForensics++_C23/Face2Face/854_747.mp4,1,FAKE,Face2Face,854
855_801,/Users/nihaldastagiri/Desktop/Major Project/FaceForensics++_C23/Face2Face/855_801.mp4,1,FAKE,Face2Face,855
856_881,/Users/nihaldastagiri/Desktop/Major Project/FaceForensics++_C23/Face2Face/856_881.mp4,1,FAKE,Face2Face,856
857_909,/Users/nihaldastagiri/Desktop/Major Project/FaceForensics++_C23/Face2Face/857_909.mp4,1,FAKE,Face2Face,857
858_861,/Users/nihaldastagiri/Desktop/Major Project/FaceForensics++_C23/Face2Face/858_861.mp4,1,FAKE,Face2Face,858
859_843,/Users/nihaldastagiri/Desktop/Major Project/FaceForensics++_C23/Face2Face/859_843.mp4,1,FAKE,Face2Face,859
860_905,/Users/nihaldastagiri/Desktop/Major Project/FaceForensics++_C23/Face2Face/860_905.mp4,1,FAKE,Face2Face,860
861_858,/Users/nihaldastagiri/Desktop/Major Project/FaceForensics++_C23/Face2Face/861_858.mp4,1,FAKE,Face2Face,861
862_047,/Users/nihaldastagiri/Desktop/Major Project/FaceForensics++_C23/Face2Face/862_047.mp4,1,FAKE,Face2Face,862
863_853,/Users/nihaldastagiri/Desktop/Major Project/FaceForensics++_C23/Face2Face/863_853.mp4,1,FAKE,Face2Face,863
864_839,/Users/nihaldastagiri/Desktop/Major Project/FaceForensics++_C23/Face2Face/864_839.mp4,1,FAKE,Face2Face,864
865_739,/Users/nihaldastagiri/Desktop/Major Project/FaceForensics++_C23/Face2Face/865_739.mp4,1,FAKE,Face2Face,865
866_878,/Users/nihaldastagiri/Desktop/Major Project/FaceForensics++_C23/Face2Face/866_878.mp4,1,FAKE,Face2Face,866
867_765,/Users/nihaldastagiri/Desktop/Major Project/FaceForensics++_C23/Face2Face/867_765.mp4,1,FAKE,Face2Face,867
868_949,/Users/nihaldastagiri/Desktop/Major Project/FaceForensics++_C23/Face2Face/868_949.mp4,1,FAKE,Face2Face,868
869_780,/Users/nihaldastagiri/Desktop/Major Project/FaceForensics++_C23/Face2Face/869_780.mp4,1,FAKE,Face2Face,869
870_001,/Users/nihaldastagiri/Desktop/Major Project/FaceForensics++_C23/Face2Face/870_001.mp4,1,FAKE,Face2Face,870
871_814,/Users/nihaldastagiri/Desktop/Major Project/FaceForensics++_C23/Face2Face/871_814.mp4,1,FAKE,Face2Face,871
872_873,/Users/nihaldastagiri/Desktop/Major Project/FaceForensics++_C23/Face2Face/872_873.mp4,1,FAKE,Face2Face,872
873_872,/Users/nihaldastagiri/Desktop/Major Project/FaceForensics++_C23/Face2Face/873_872.mp4,1,FAKE,Face2Face,873
874_291,/Users/nihaldastagiri/Desktop/Major Project/FaceForensics++_C23/Face2Face/874_291.mp4,1,FAKE,Face2Face,874
875_979,/Users/nihaldastagiri/Desktop/Major Project/FaceForensics++_C23/Face2Face/875_979.mp4,1,FAKE,Face2Face,875
876_891,/Users/nihaldastagiri/Desktop/Major Project/FaceForensics++_C23/Face2Face/876_891.mp4,1,FAKE,Face2Face,876
877_886,/Users/nihaldastagiri/Desktop/Major Project/FaceForensics++_C23/Face2Face/877_886.mp4,1,FAKE,Face2Face,877
878_866,/Users/nihaldastagiri/Desktop/Major Project/FaceForensics++_C23/Face2Face/878_866.mp4,1,FAKE,Face2Face,878
879_963,/Users/nihaldastagiri/Desktop/Major Project/FaceForensics++_C23/Face2Face/879_963.mp4,1,FAKE,Face2Face,879
880_135,/Users/nihaldastagiri/Desktop/Major Project/FaceForensics++_C23/Face2Face/880_135.mp4,1,FAKE,Face2Face,880
881_856,/Users/nihaldastagiri/Desktop/Major Project/FaceForensics++_C23/Face2Face/881_856.mp4,1,FAKE,Face2Face,881
882_952,/Users/nihaldastagiri/Desktop/Major Project/FaceForensics++_C23/Face2Face/882_952.mp4,1,FAKE,Face2Face,882
883_013,/Users/nihaldastagiri/Desktop/Major Project/FaceForensics++_C23/Face2Face/883_013.mp4,1,FAKE,Face2Face,883
884_968,/Users/nihaldastagiri/Desktop/Major Project/FaceForensics++_C23/Face2Face/884_968.mp4,1,FAKE,Face2Face,884
885_802,/Users/nihaldastagiri/Desktop/Major Project/FaceForensics++_C23/Face2Face/885_802.mp4,1,FAKE,Face2Face,885
886_877,/Users/nihaldastagiri/Desktop/Major Project/FaceForensics++_C23/Face2Face/886_877.mp4,1,FAKE,Face2Face,886
887_275,/Users/nihaldastagiri/Desktop/Major Project/FaceForensics++_C23/Face2Face/887_275.mp4,1,FAKE,Face2Face,887
888_937,/Users/nihaldastagiri/Desktop/Major Project/FaceForensics++_C23/Face2Face/888_937.mp4,1,FAKE,Face2Face,888
889_045,/Users/nihaldastagiri/Desktop/Major Project/FaceForensics++_C23/Face2Face/889_045.mp4,1,FAKE,Face2Face,889
890_837,/Users/nihaldastagiri/Desktop/Major Project/FaceForensics++_C23/Face2Face/890_837.mp4,1,FAKE,Face2Face,890
891_876,/Users/nihaldastagiri/Desktop/Major Project/FaceForensics++_C23/Face2Face/891_876.mp4,1,FAKE,Face2Face,891
892_112,/Users/nihaldastagiri/Desktop/Major Project/FaceForensics++_C23/Face2Face/892_112.mp4,1,FAKE,Face2Face,892
893_913,/Users/nihaldastagiri/Desktop/Major Project/FaceForensics++_C23/Face2Face/893_913.mp4,1,FAKE,Face2Face,893
894_848,/Users/nihaldastagiri/Desktop/Major Project/FaceForensics++_C23/Face2Face/894_848.mp4,1,FAKE,Face2Face,894
895_915,/Users/nihaldastagiri/Desktop/Major Project/FaceForensics++_C23/Face2Face/895_915.mp4,1,FAKE,Face2Face,895
896_128,/Users/nihaldastagiri/Desktop/Major Project/FaceForensics++_C23/Face2Face/896_128.mp4,1,FAKE,Face2Face,896
897_969,/Users/nihaldastagiri/Desktop/Major Project/FaceForensics++_C23/Face2Face/897_969.mp4,1,FAKE,Face2Face,897
898_922,/Users/nihaldastagiri/Desktop/Major Project/FaceForensics++_C23/Face2Face/898_922.mp4,1,FAKE,Face2Face,898
899_914,/Users/nihaldastagiri/Desktop/Major Project/FaceForensics++_C23/Face2Face/899_914.mp4,1,FAKE,Face2Face,899
900_926,/Users/nihaldastagiri/Desktop/Major Project/FaceForensics++_C23/Face2Face/900_926.mp4,1,FAKE,Face2Face,900
901_902,/Users/nihaldastagiri/Desktop/Major Project/FaceForensics++_C23/Face2Face/901_902.mp4,1,FAKE,Face2Face,901
902_901,/Users/nihaldastagiri/Desktop/Major Project/FaceForensics++_C23/Face2Face/902_901.mp4,1,FAKE,Face2Face,902
903_792,/Users/nihaldastagiri/Desktop/Major Project/FaceForensics++_C23/Face2Face/903_792.mp4,1,FAKE,Face2Face,903
904_046,/Users/nihaldastagiri/Desktop/Major Project/FaceForensics++_C23/Face2Face/904_046.mp4,1,FAKE,Face2Face,904
905_860,/Users/nihaldastagiri/Desktop/Major Project/FaceForensics++_C23/Face2Face/905_860.mp4,1,FAKE,Face2Face,905
906_847,/Users/nihaldastagiri/Desktop/Major Project/FaceForensics++_C23/Face2Face/906_847.mp4,1,FAKE,Face2Face,906
907_795,/Users/nihaldastagiri/Desktop/Major Project/FaceForensics++_C23/Face2Face/907_795.mp4,1,FAKE,Face2Face,907
908_207,/Users/nihaldastagiri/Desktop/Major Project/FaceForensics++_C23/Face2Face/908_207.mp4,1,FAKE,Face2Face,908
909_857,/Users/nihaldastagiri/Desktop/Major Project/FaceForensics++_C23/Face2Face/909_857.mp4,1,FAKE,Face2Face,909
910_911,/Users/nihaldastagiri/Desktop/Major Project/FaceForensics++_C23/Face2Face/910_911.mp4,1,FAKE,Face2Face,910
911_910,/Users/nihaldastagiri/Desktop/Major Project/FaceForensics++_C23/Face2Face/911_910.mp4,1,FAKE,Face2Face,911
912_927,/Users/nihaldastagiri/Desktop/Major Project/FaceForensics++_C23/Face2Face/912_927.mp4,1,FAKE,Face2Face,912
913_893,/Users/nihaldastagiri/Desktop/Major Project/FaceForensics++_C23/Face2Face/913_893.mp4,1,FAKE,Face2Face,913
914_899,/Users/nihaldastagiri/Desktop/Major Project/FaceForensics++_C23/Face2Face/914_899.mp4,1,FAKE,Face2Face,914
915_895,/Users/nihaldastagiri/Desktop/Major Project/FaceForensics++_C23/Face2Face/915_895.mp4,1,FAKE,Face2Face,915
916_783,/Users/nihaldastagiri/Desktop/Major Project/FaceForensics++_C23/Face2Face/916_783.mp4,1,FAKE,Face2Face,916
917_924,/Users/nihaldastagiri/Desktop/Major Project/FaceForensics++_C23/Face2Face/917_924.mp4,1,FAKE,Face2Face,917
918_934,/Users/nihaldastagiri/Desktop/Major Project/FaceForensics++_C23/Face2Face/918_934.mp4,1,FAKE,Face2Face,918
919_015,/Users/nihaldastagiri/Desktop/Major Project/FaceForensics++_C23/Face2Face/919_015.mp4,1,FAKE,Face2Face,919
920_811,/Users/nihaldastagiri/Desktop/Major Project/FaceForensics++_C23/Face2Face/920_811.mp4,1,FAKE,Face2Face,920
921_569,/Users/nihaldastagiri/Desktop/Major Project/FaceForensics++_C23/Face2Face/921_569.mp4,1,FAKE,Face2Face,921
922_898,/Users/nihaldastagiri/Desktop/Major Project/FaceForensics++_C23/Face2Face/922_898.mp4,1,FAKE,Face2Face,922
923_023,/Users/nihaldastagiri/Desktop/Major Project/FaceForensics++_C23/Face2Face/923_023.mp4,1,FAKE,Face2Face,923
924_917,/Users/nihaldastagiri/Desktop/Major Project/FaceForensics++_C23/Face2Face/924_917.mp4,1,FAKE,Face2Face,924
925_933,/Users/nihaldastagiri/Desktop/Major Project/FaceForensics++_C23/Face2Face/925_933.mp4,1,FAKE,Face2Face,925
926_900,/Users/nihaldastagiri/Desktop/Major Project/FaceForensics++_C23/Face2Face/926_900.mp4,1,FAKE,Face2Face,926
927_912,/Users/nihaldastagiri/Desktop/Major Project/FaceForensics++_C23/Face2Face/927_912.mp4,1,FAKE,Face2Face,927
928_160,/Users/nihaldastagiri/Desktop/Major Project/FaceForensics++_C23/Face2Face/928_160.mp4,1,FAKE,Face2Face,928
929_962,/Users/nihaldastagiri/Desktop/Major Project/FaceForensics++_C23/Face2Face/929_962.mp4,1,FAKE,Face2Face,929
930_763,/Users/nihaldastagiri/Desktop/Major Project/FaceForensics++_C23/Face2Face/930_763.mp4,1,FAKE,Face2Face,930
931_936,/Users/nihaldastagiri/Desktop/Major Project/FaceForensics++_C23/Face2Face/931_936.mp4,1,FAKE,Face2Face,931
932_384,/Users/nihaldastagiri/Desktop/Major Project/FaceForensics++_C23/Face2Face/932_384.mp4,1,FAKE,Face2Face,932
933_925,/Users/nihaldastagiri/Desktop/Major Project/FaceForensics++_C23/Face2Face/933_925.mp4,1,FAKE,Face2Face,933
934_918,/Users/nihaldastagiri/Desktop/Major Project/FaceForensics++_C23/Face2Face/934_918.mp4,1,FAKE,Face2Face,934
935_733,/Users/nihaldastagiri/Desktop/Major Project/FaceForensics++_C23/Face2Face/935_733.mp4,1,FAKE,Face2Face,935
936_931,/Users/nihaldastagiri/Desktop/Major Project/FaceForensics++_C23/Face2Face/936_931.mp4,1,FAKE,Face2Face,936
937_888,/Users/nihaldastagiri/Desktop/Major Project/FaceForensics++_C23/Face2Face/937_888.mp4,1,FAKE,Face2Face,937
938_987,/Users/nihaldastagiri/Desktop/Major Project/FaceForensics++_C23/Face2Face/938_987.mp4,1,FAKE,Face2Face,938
939_115,/Users/nihaldastagiri/Desktop/Major Project/FaceForensics++_C23/Face2Face/939_115.mp4,1,FAKE,Face2Face,939
940_941,/Users/nihaldastagiri/Desktop/Major Project/FaceForensics++_C23/Face2Face/940_941.mp4,1,FAKE,Face2Face,940
941_940,/Users/nihaldastagiri/Desktop/Major Project/FaceForensics++_C23/Face2Face/941_940.mp4,1,FAKE,Face2Face,941
942_943,/Users/nihaldastagiri/Desktop/Major Project/FaceForensics++_C23/Face2Face/942_943.mp4,1,FAKE,Face2Face,942
943_942,/Users/nihaldastagiri/Desktop/Major Project/FaceForensics++_C23/Face2Face/943_942.mp4,1,FAKE,Face2Face,943
944_032,/Users/nihaldastagiri/Desktop/Major Project/FaceForensics++_C23/Face2Face/944_032.mp4,1,FAKE,Face2Face,944
945_044,/Users/nihaldastagiri/Desktop/Major Project/FaceForensics++_C23/Face2Face/945_044.mp4,1,FAKE,Face2Face,945
946_049,/Users/nihaldastagiri/Desktop/Major Project/FaceForensics++_C23/Face2Face/946_049.mp4,1,FAKE,Face2Face,946
947_951,/Users/nihaldastagiri/Desktop/Major Project/FaceForensics++_C23/Face2Face/947_951.mp4,1,FAKE,Face2Face,947
948_965,/Users/nihaldastagiri/Desktop/Major Project/FaceForensics++_C23/Face2Face/948_965.mp4,1,FAKE,Face2Face,948
949_868,/Users/nihaldastagiri/Desktop/Major Project/FaceForensics++_C23/Face2Face/949_868.mp4,1,FAKE,Face2Face,949
950_836,/Users/nihaldastagiri/Desktop/Major Project/FaceForensics++_C23/Face2Face/950_836.mp4,1,FAKE,Face2Face,950
951_947,/Users/nihaldastagiri/Desktop/Major Project/FaceForensics++_C23/Face2Face/951_947.mp4,1,FAKE,Face2Face,951
952_882,/Users/nihaldastagiri/Desktop/Major Project/FaceForensics++_C23/Face2Face/952_882.mp4,1,FAKE,Face2Face,952
953_974,/Users/nihaldastagiri/Desktop/Major Project/FaceForensics++_C23/Face2Face/953_974.mp4,1,FAKE,Face2Face,953
954_976,/Users/nihaldastagiri/Desktop/Major Project/FaceForensics++_C23/Face2Face/954_976.mp4,1,FAKE,Face2Face,954
955_078,/Users/nihaldastagiri/Desktop/Major Project/FaceForensics++_C23/Face2Face/955_078.mp4,1,FAKE,Face2Face,955
956_958,/Users/nihaldastagiri/Desktop/Major Project/FaceForensics++_C23/Face2Face/956_958.mp4,1,FAKE,Face2Face,956
957_959,/Users/nihaldastagiri/Desktop/Major Project/FaceForensics++_C23/Face2Face/957_959.mp4,1,FAKE,Face2Face,957
958_956,/Users/nihaldastagiri/Desktop/Major Project/FaceForensics++_C23/Face2Face/958_956.mp4,1,FAKE,Face2Face,958
959_957,/Users/nihaldastagiri/Desktop/Major Project/FaceForensics++_C23/Face2Face/959_957.mp4,1,FAKE,Face2Face,959
960_999,/Users/nihaldastagiri/Desktop/Major Project/FaceForensics++_C23/Face2Face/960_999.mp4,1,FAKE,Face2Face,960
961_069,/Users/nihaldastagiri/Desktop/Major Project/FaceForensics++_C23/Face2Face/961_069.mp4,1,FAKE,Face2Face,961
962_929,/Users/nihaldastagiri/Desktop/Major Project/FaceForensics++_C23/Face2Face/962_929.mp4,1,FAKE,Face2Face,962
963_879,/Users/nihaldastagiri/Desktop/Major Project/FaceForensics++_C23/Face2Face/963_879.mp4,1,FAKE,Face2Face,963
964_174,/Users/nihaldastagiri/Desktop/Major Project/FaceForensics++_C23/Face2Face/964_174.mp4,1,FAKE,Face2Face,964
965_948,/Users/nihaldastagiri/Desktop/Major Project/FaceForensics++_C23/Face2Face/965_948.mp4,1,FAKE,Face2Face,965
966_988,/Users/nihaldastagiri/Desktop/Major Project/FaceForensics++_C23/Face2Face/966_988.mp4,1,FAKE,Face2Face,966
967_984,/Users/nihaldastagiri/Desktop/Major Project/FaceForensics++_C23/Face2Face/967_984.mp4,1,FAKE,Face2Face,967
968_884,/Users/nihaldastagiri/Desktop/Major Project/FaceForensics++_C23/Face2Face/968_884.mp4,1,FAKE,Face2Face,968
969_897,/Users/nihaldastagiri/Desktop/Major Project/FaceForensics++_C23/Face2Face/969_897.mp4,1,FAKE,Face2Face,969
970_973,/Users/nihaldastagiri/Desktop/Major Project/FaceForensics++_C23/Face2Face/970_973.mp4,1,FAKE,Face2Face,970
971_564,/Users/nihaldastagiri/Desktop/Major Project/FaceForensics++_C23/Face2Face/971_564.mp4,1,FAKE,Face2Face,971
972_718,/Users/nihaldastagiri/Desktop/Major Project/FaceForensics++_C23/Face2Face/972_718.mp4,1,FAKE,Face2Face,972
973_970,/Users/nihaldastagiri/Desktop/Major Project/FaceForensics++_C23/Face2Face/973_970.mp4,1,FAKE,Face2Face,973
974_953,/Users/nihaldastagiri/Desktop/Major Project/FaceForensics++_C23/Face2Face/974_953.mp4,1,FAKE,Face2Face,974
975_978,/Users/nihaldastagiri/Desktop/Major Project/FaceForensics++_C23/Face2Face/975_978.mp4,1,FAKE,Face2Face,975
976_954,/Users/nihaldastagiri/Desktop/Major Project/FaceForensics++_C23/Face2Face/976_954.mp4,1,FAKE,Face2Face,976
977_075,/Users/nihaldastagiri/Desktop/Major Project/FaceForensics++_C23/Face2Face/977_075.mp4,1,FAKE,Face2Face,977
978_975,/Users/nihaldastagiri/Desktop/Major Project/FaceForensics++_C23/Face2Face/978_975.mp4,1,FAKE,Face2Face,978
979_875,/Users/nihaldastagiri/Desktop/Major Project/FaceForensics++_C23/Face2Face/979_875.mp4,1,FAKE,Face2Face,979
980_992,/Users/nihaldastagiri/Desktop/Major Project/FaceForensics++_C23/Face2Face/980_992.mp4,1,FAKE,Face2Face,980
981_985,/Users/nihaldastagiri/Desktop/Major Project/FaceForensics++_C23/Face2Face/981_985.mp4,1,FAKE,Face2Face,981
982_004,/Users/nihaldastagiri/Desktop/Major Project/FaceForensics++_C23/Face2Face/982_004.mp4,1,FAKE,Face2Face,982
983_113,/Users/nihaldastagiri/Desktop/Major Project/FaceForensics++_C23/Face2Face/983_113.mp4,1,FAKE,Face2Face,983
984_967,/Users/nihaldastagiri/Desktop/Major Project/FaceForensics++_C23/Face2Face/984_967.mp4,1,FAKE,Face2Face,984
985_981,/Users/nihaldastagiri/Desktop/Major Project/FaceForensics++_C23/Face2Face/985_981.mp4,1,FAKE,Face2Face,985
986_994,/Users/nihaldastagiri/Desktop/Major Project/FaceForensics++_C23/Face2Face/986_994.mp4,1,FAKE,Face2Face,986
987_938,/Users/nihaldastagiri/Desktop/Major Project/FaceForensics++_C23/Face2Face/987_938.mp4,1,FAKE,Face2Face,987
988_966,/Users/nihaldastagiri/Desktop/Major Project/FaceForensics++_C23/Face2Face/988_966.mp4,1,FAKE,Face2Face,988
989_993,/Users/nihaldastagiri/Desktop/Major Project/FaceForensics++_C23/Face2Face/989_993.mp4,1,FAKE,Face2Face,989
990_008,/Users/nihaldastagiri/Desktop/Major Project/FaceForensics++_C23/Face2Face/990_008.mp4,1,FAKE,Face2Face,990
991_064,/Users/nihaldastagiri/Desktop/Major Project/FaceForensics++_C23/Face2Face/991_064.mp4,1,FAKE,Face2Face,991
992_980,/Users/nihaldastagiri/Desktop/Major Project/FaceForensics++_C23/Face2Face/992_980.mp4,1,FAKE,Face2Face,992
993_989,/Users/nihaldastagiri/Desktop/Major Project/FaceForensics++_C23/Face2Face/993_989.mp4,1,FAKE,Face2Face,993
994_986,/Users/nihaldastagiri/Desktop/Major Project/FaceForensics++_C23/Face2Face/994_986.mp4,1,FAKE,Face2Face,994
995_233,/Users/nihaldastagiri/Desktop/Major Project/FaceForensics++_C23/Face2Face/995_233.mp4,1,FAKE,Face2Face,995
996_056,/Users/nihaldastagiri/Desktop/Major Project/FaceForensics++_C23/Face2Face/996_056.mp4,1,FAKE,Face2Face,996
997_040,/Users/nihaldastagiri/Desktop/Major Project/FaceForensics++_C23/Face2Face/997_040.mp4,1,FAKE,Face2Face,997
998_561,/Users/nihaldastagiri/Desktop/Major Project/FaceForensics++_C23/Face2Face/998_561.mp4,1,FAKE,Face2Face,998
999_960,/Users/nihaldastagiri/Desktop/Major Project/FaceForensics++_C23/Face2Face/999_960.mp4,1,FAKE,Face2Face,999
000_003,/Users/nihaldastagiri/Desktop/Major Project/FaceForensics++_C23/FaceSwap/000_003.mp4,1,FAKE,FaceSwap,000
001_870,/Users/nihaldastagiri/Desktop/Major Project/FaceForensics++_C23/FaceSwap/001_870.mp4,1,FAKE,FaceSwap,001
002_006,/Users/nihaldastagiri/Desktop/Major Project/FaceForensics++_C23/FaceSwap/002_006.mp4,1,FAKE,FaceSwap,002
003_000,/Users/nihaldastagiri/Desktop/Major Project/FaceForensics++_C23/FaceSwap/003_000.mp4,1,FAKE,FaceSwap,003
004_982,/Users/nihaldastagiri/Desktop/Major Project/FaceForensics++_C23/FaceSwap/004_982.mp4,1,FAKE,FaceSwap,004
005_010,/Users/nihaldastagiri/Desktop/Major Project/FaceForensics++_C23/FaceSwap/005_010.mp4,1,FAKE,FaceSwap,005
006_002,/Users/nihaldastagiri/Desktop/Major Project/FaceForensics++_C23/FaceSwap/006_002.mp4,1,FAKE,FaceSwap,006
007_132,/Users/nihaldastagiri/Desktop/Major Project/FaceForensics++_C23/FaceSwap/007_132.mp4,1,FAKE,FaceSwap,007
008_990,/Users/nihaldastagiri/Desktop/Major Project/FaceForensics++_C23/FaceSwap/008_990.mp4,1,FAKE,FaceSwap,008
009_027,/Users/nihaldastagiri/Desktop/Major Project/FaceForensics++_C23/FaceSwap/009_027.mp4,1,FAKE,FaceSwap,009
010_005,/Users/nihaldastagiri/Desktop/Major Project/FaceForensics++_C23/FaceSwap/010_005.mp4,1,FAKE,FaceSwap,010
011_805,/Users/nihaldastagiri/Desktop/Major Project/FaceForensics++_C23/FaceSwap/011_805.mp4,1,FAKE,FaceSwap,011
012_026,/Users/nihaldastagiri/Desktop/Major Project/FaceForensics++_C23/FaceSwap/012_026.mp4,1,FAKE,FaceSwap,012
013_883,/Users/nihaldastagiri/Desktop/Major Project/FaceForensics++_C23/FaceSwap/013_883.mp4,1,FAKE,FaceSwap,013
014_790,/Users/nihaldastagiri/Desktop/Major Project/FaceForensics++_C23/FaceSwap/014_790.mp4,1,FAKE,FaceSwap,014
015_919,/Users/nihaldastagiri/Desktop/Major Project/FaceForensics++_C23/FaceSwap/015_919.mp4,1,FAKE,FaceSwap,015
016_209,/Users/nihaldastagiri/Desktop/Major Project/FaceForensics++_C23/FaceSwap/016_209.mp4,1,FAKE,FaceSwap,016
017_803,/Users/nihaldastagiri/Desktop/Major Project/FaceForensics++_C23/FaceSwap/017_803.mp4,1,FAKE,FaceSwap,017
018_019,/Users/nihaldastagiri/Desktop/Major Project/FaceForensics++_C23/FaceSwap/018_019.mp4,1,FAKE,FaceSwap,018
019_018,/Users/nihaldastagiri/Desktop/Major Project/FaceForensics++_C23/FaceSwap/019_018.mp4,1,FAKE,FaceSwap,019
020_344,/Users/nihaldastagiri/Desktop/Major Project/FaceForensics++_C23/FaceSwap/020_344.mp4,1,FAKE,FaceSwap,020
021_312,/Users/nihaldastagiri/Desktop/Major Project/FaceForensics++_C23/FaceSwap/021_312.mp4,1,FAKE,FaceSwap,021
022_489,/Users/nihaldastagiri/Desktop/Major Project/FaceForensics++_C23/FaceSwap/022_489.mp4,1,FAKE,FaceSwap,022
023_923,/Users/nihaldastagiri/Desktop/Major Project/FaceForensics++_C23/FaceSwap/023_923.mp4,1,FAKE,FaceSwap,023
024_073,/Users/nihaldastagiri/Desktop/Major Project/FaceForensics++_C23/FaceSwap/024_073.mp4,1,FAKE,FaceSwap,024
025_067,/Users/nihaldastagiri/Desktop/Major Project/FaceForensics++_C23/FaceSwap/025_067.mp4,1,FAKE,FaceSwap,025
026_012,/Users/nihaldastagiri/Desktop/Major Project/FaceForensics++_C23/FaceSwap/026_012.mp4,1,FAKE,FaceSwap,026
027_009,/Users/nihaldastagiri/Desktop/Major Project/FaceForensics++_C23/FaceSwap/027_009.mp4,1,FAKE,FaceSwap,027
028_068,/Users/nihaldastagiri/Desktop/Major Project/FaceForensics++_C23/FaceSwap/028_068.mp4,1,FAKE,FaceSwap,028
029_048,/Users/nihaldastagiri/Desktop/Major Project/FaceForensics++_C23/FaceSwap/029_048.mp4,1,FAKE,FaceSwap,029
030_193,/Users/nihaldastagiri/Desktop/Major Project/FaceForensics++_C23/FaceSwap/030_193.mp4,1,FAKE,FaceSwap,030
031_163,/Users/nihaldastagiri/Desktop/Major Project/FaceForensics++_C23/FaceSwap/031_163.mp4,1,FAKE,FaceSwap,031
032_944,/Users/nihaldastagiri/Desktop/Major Project/FaceForensics++_C23/FaceSwap/032_944.mp4,1,FAKE,FaceSwap,032
033_097,/Users/nihaldastagiri/Desktop/Major Project/FaceForensics++_C23/FaceSwap/033_097.mp4,1,FAKE,FaceSwap,033
034_590,/Users/nihaldastagiri/Desktop/Major Project/FaceForensics++_C23/FaceSwap/034_590.mp4,1,FAKE,FaceSwap,034
035_036,/Users/nihaldastagiri/Desktop/Major Project/FaceForensics++_C23/FaceSwap/035_036.mp4,1,FAKE,FaceSwap,035
036_035,/Users/nihaldastagiri/Desktop/Major Project/FaceForensics++_C23/FaceSwap/036_035.mp4,1,FAKE,FaceSwap,036
037_072,/Users/nihaldastagiri/Desktop/Major Project/FaceForensics++_C23/FaceSwap/037_072.mp4,1,FAKE,FaceSwap,037
038_125,/Users/nihaldastagiri/Desktop/Major Project/FaceForensics++_C23/FaceSwap/038_125.mp4,1,FAKE,FaceSwap,038
039_058,/Users/nihaldastagiri/Desktop/Major Project/FaceForensics++_C23/FaceSwap/039_058.mp4,1,FAKE,FaceSwap,039
040_997,/Users/nihaldastagiri/Desktop/Major Project/FaceForensics++_C23/FaceSwap/040_997.mp4,1,FAKE,FaceSwap,040
041_063,/Users/nihaldastagiri/Desktop/Major Project/FaceForensics++_C23/FaceSwap/041_063.mp4,1,FAKE,FaceSwap,041
042_084,/Users/nihaldastagiri/Desktop/Major Project/FaceForensics++_C23/FaceSwap/042_084.mp4,1,FAKE,FaceSwap,042
043_110,/Users/nihaldastagiri/Desktop/Major Project/FaceForensics++_C23/FaceSwap/043_110.mp4,1,FAKE,FaceSwap,043
044_945,/Users/nihaldastagiri/Desktop/Major Project/FaceForensics++_C23/FaceSwap/044_945.mp4,1,FAKE,FaceSwap,044
045_889,/Users/nihaldastagiri/Desktop/Major Project/FaceForensics++_C23/FaceSwap/045_889.mp4,1,FAKE,FaceSwap,045
046_904,/Users/nihaldastagiri/Desktop/Major Project/FaceForensics++_C23/FaceSwap/046_904.mp4,1,FAKE,FaceSwap,046
047_862,/Users/nihaldastagiri/Desktop/Major Project/FaceForensics++_C23/FaceSwap/047_862.mp4,1,FAKE,FaceSwap,047
048_029,/Users/nihaldastagiri/Desktop/Major Project/FaceForensics++_C23/FaceSwap/048_029.mp4,1,FAKE,FaceSwap,048
049_946,/Users/nihaldastagiri/Desktop/Major Project/FaceForensics++_C23/FaceSwap/049_946.mp4,1,FAKE,FaceSwap,049
050_059,/Users/nihaldastagiri/Desktop/Major Project/FaceForensics++_C23/FaceSwap/050_059.mp4,1,FAKE,FaceSwap,050
051_332,/Users/nihaldastagiri/Desktop/Major Project/FaceForensics++_C23/FaceSwap/051_332.mp4,1,FAKE,FaceSwap,051
052_108,/Users/nihaldastagiri/Desktop/Major Project/FaceForensics++_C23/FaceSwap/052_108.mp4,1,FAKE,FaceSwap,052
053_095,/Users/nihaldastagiri/Desktop/Major Project/FaceForensics++_C23/FaceSwap/053_095.mp4,1,FAKE,FaceSwap,053
054_071,/Users/nihaldastagiri/Desktop/Major Project/FaceForensics++_C23/FaceSwap/054_071.mp4,1,FAKE,FaceSwap,054
055_147,/Users/nihaldastagiri/Desktop/Major Project/FaceForensics++_C23/FaceSwap/055_147.mp4,1,FAKE,FaceSwap,055
056_996,/Users/nihaldastagiri/Desktop/Major Project/FaceForensics++_C23/FaceSwap/056_996.mp4,1,FAKE,FaceSwap,056
057_070,/Users/nihaldastagiri/Desktop/Major Project/FaceForensics++_C23/FaceSwap/057_070.mp4,1,FAKE,FaceSwap,057
058_039,/Users/nihaldastagiri/Desktop/Major Project/FaceForensics++_C23/FaceSwap/058_039.mp4,1,FAKE,FaceSwap,058
059_050,/Users/nihaldastagiri/Desktop/Major Project/FaceForensics++_C23/FaceSwap/059_050.mp4,1,FAKE,FaceSwap,059
060_088,/Users/nihaldastagiri/Desktop/Major Project/FaceForensics++_C23/FaceSwap/060_088.mp4,1,FAKE,FaceSwap,060
061_080,/Users/nihaldastagiri/Desktop/Major Project/FaceForensics++_C23/FaceSwap/061_080.mp4,1,FAKE,FaceSwap,061
062_066,/Users/nihaldastagiri/Desktop/Major Project/FaceForensics++_C23/FaceSwap/062_066.mp4,1,FAKE,FaceSwap,062
063_041,/Users/nihaldastagiri/Desktop/Major Project/FaceForensics++_C23/FaceSwap/063_041.mp4,1,FAKE,FaceSwap,063
064_991,/Users/nihaldastagiri/Desktop/Major Project/FaceForensics++_C23/FaceSwap/064_991.mp4,1,FAKE,FaceSwap,064
065_089,/Users/nihaldastagiri/Desktop/Major Project/FaceForensics++_C23/FaceSwap/065_089.mp4,1,FAKE,FaceSwap,065
066_062,/Users/nihaldastagiri/Desktop/Major Project/FaceForensics++_C23/FaceSwap/066_062.mp4,1,FAKE,FaceSwap,066
067_025,/Users/nihaldastagiri/Desktop/Major Project/FaceForensics++_C23/FaceSwap/067_025.mp4,1,FAKE,FaceSwap,067
068_028,/Users/nihaldastagiri/Desktop/Major Project/FaceForensics++_C23/FaceSwap/068_028.mp4,1,FAKE,FaceSwap,068
069_961,/Users/nihaldastagiri/Desktop/Major Project/FaceForensics++_C23/FaceSwap/069_961.mp4,1,FAKE,FaceSwap,069
070_057,/Users/nihaldastagiri/Desktop/Major Project/FaceForensics++_C23/FaceSwap/070_057.mp4,1,FAKE,FaceSwap,070
071_054,/Users/nihaldastagiri/Desktop/Major Project/FaceForensics++_C23/FaceSwap/071_054.mp4,1,FAKE,FaceSwap,071
072_037,/Users/nihaldastagiri/Desktop/Major Project/FaceForensics++_C23/FaceSwap/072_037.mp4,1,FAKE,FaceSwap,072
073_024,/Users/nihaldastagiri/Desktop/Major Project/FaceForensics++_C23/FaceSwap/073_024.mp4,1,FAKE,FaceSwap,073
074_825,/Users/nihaldastagiri/Desktop/Major Project/FaceForensics++_C23/FaceSwap/074_825.mp4,1,FAKE,FaceSwap,074
075_977,/Users/nihaldastagiri/Desktop/Major Project/FaceForensics++_C23/FaceSwap/075_977.mp4,1,FAKE,FaceSwap,075
076_079,/Users/nihaldastagiri/Desktop/Major Project/FaceForensics++_C23/FaceSwap/076_079.mp4,1,FAKE,FaceSwap,076
077_100,/Users/nihaldastagiri/Desktop/Major Project/FaceForensics++_C23/FaceSwap/077_100.mp4,1,FAKE,FaceSwap,077
078_955,/Users/nihaldastagiri/Desktop/Major Project/FaceForensics++_C23/FaceSwap/078_955.mp4,1,FAKE,FaceSwap,078
079_076,/Users/nihaldastagiri/Desktop/Major Project/FaceForensics++_C23/FaceSwap/079_076.mp4,1,FAKE,FaceSwap,079
080_061,/Users/nihaldastagiri/Desktop/Major Project/FaceForensics++_C23/FaceSwap/080_061.mp4,1,FAKE,FaceSwap,080
081_087,/Users/nihaldastagiri/Desktop/Major Project/FaceForensics++_C23/FaceSwap/081_087.mp4,1,FAKE,FaceSwap,081
082_103,/Users/nihaldastagiri/Desktop/Major Project/FaceForensics++_C23/FaceSwap/082_103.mp4,1,FAKE,FaceSwap,082
083_213,/Users/nihaldastagiri/Desktop/Major Project/FaceForensics++_C23/FaceSwap/083_213.mp4,1,FAKE,FaceSwap,083
084_042,/Users/nihaldastagiri/Desktop/Major Project/FaceForensics++_C23/FaceSwap/084_042.mp4,1,FAKE,FaceSwap,084
085_124,/Users/nihaldastagiri/Desktop/Major Project/FaceForensics++_C23/FaceSwap/085_124.mp4,1,FAKE,FaceSwap,085
086_090,/Users/nihaldastagiri/Desktop/Major Project/FaceForensics++_C23/FaceSwap/086_090.mp4,1,FAKE,FaceSwap,086
087_081,/Users/nihaldastagiri/Desktop/Major Project/FaceForensics++_C23/FaceSwap/087_081.mp4,1,FAKE,FaceSwap,087
088_060,/Users/nihaldastagiri/Desktop/Major Project/FaceForensics++_C23/FaceSwap/088_060.mp4,1,FAKE,FaceSwap,088
089_065,/Users/nihaldastagiri/Desktop/Major Project/FaceForensics++_C23/FaceSwap/089_065.mp4,1,FAKE,FaceSwap,089
090_086,/Users/nihaldastagiri/Desktop/Major Project/FaceForensics++_C23/FaceSwap/090_086.mp4,1,FAKE,FaceSwap,090
091_116,/Users/nihaldastagiri/Desktop/Major Project/FaceForensics++_C23/FaceSwap/091_116.mp4,1,FAKE,FaceSwap,091
092_098,/Users/nihaldastagiri/Desktop/Major Project/FaceForensics++_C23/FaceSwap/092_098.mp4,1,FAKE,FaceSwap,092
093_121,/Users/nihaldastagiri/Desktop/Major Project/FaceForensics++_C23/FaceSwap/093_121.mp4,1,FAKE,FaceSwap,093
094_111,/Users/nihaldastagiri/Desktop/Major Project/FaceForensics++_C23/FaceSwap/094_111.mp4,1,FAKE,FaceSwap,094
095_053,/Users/nihaldastagiri/Desktop/Major Project/FaceForensics++_C23/FaceSwap/095_053.mp4,1,FAKE,FaceSwap,095
096_101,/Users/nihaldastagiri/Desktop/Major Project/FaceForensics++_C23/FaceSwap/096_101.mp4,1,FAKE,FaceSwap,096
097_033,/Users/nihaldastagiri/Desktop/Major Project/FaceForensics++_C23/FaceSwap/097_033.mp4,1,FAKE,FaceSwap,097
098_092,/Users/nihaldastagiri/Desktop/Major Project/FaceForensics++_C23/FaceSwap/098_092.mp4,1,FAKE,FaceSwap,098
099_295,/Users/nihaldastagiri/Desktop/Major Project/FaceForensics++_C23/FaceSwap/099_295.mp4,1,FAKE,FaceSwap,099
100_077,/Users/nihaldastagiri/Desktop/Major Project/FaceForensics++_C23/FaceSwap/100_077.mp4,1,FAKE,FaceSwap,100
101_096,/Users/nihaldastagiri/Desktop/Major Project/FaceForensics++_C23/FaceSwap/101_096.mp4,1,FAKE,FaceSwap,101
102_114,/Users/nihaldastagiri/Desktop/Major Project/FaceForensics++_C23/FaceSwap/102_114.mp4,1,FAKE,FaceSwap,102
103_082,/Users/nihaldastagiri/Desktop/Major Project/FaceForensics++_C23/FaceSwap/103_082.mp4,1,FAKE,FaceSwap,103
104_126,/Users/nihaldastagiri/Desktop/Major Project/FaceForensics++_C23/FaceSwap/104_126.mp4,1,FAKE,FaceSwap,104
105_180,/Users/nihaldastagiri/Desktop/Major Project/FaceForensics++_C23/FaceSwap/105_180.mp4,1,FAKE,FaceSwap,105
106_198,/Users/nihaldastagiri/Desktop/Major Project/FaceForensics++_C23/FaceSwap/106_198.mp4,1,FAKE,FaceSwap,106
107_109,/Users/nihaldastagiri/Desktop/Major Project/FaceForensics++_C23/FaceSwap/107_109.mp4,1,FAKE,FaceSwap,107
108_052,/Users/nihaldastagiri/Desktop/Major Project/FaceForensics++_C23/FaceSwap/108_052.mp4,1,FAKE,FaceSwap,108
109_107,/Users/nihaldastagiri/Desktop/Major Project/FaceForensics++_C23/FaceSwap/109_107.mp4,1,FAKE,FaceSwap,109
110_043,/Users/nihaldastagiri/Desktop/Major Project/FaceForensics++_C23/FaceSwap/110_043.mp4,1,FAKE,FaceSwap,110
111_094,/Users/nihaldastagiri/Desktop/Major Project/FaceForensics++_C23/FaceSwap/111_094.mp4,1,FAKE,FaceSwap,111
112_892,/Users/nihaldastagiri/Desktop/Major Project/FaceForensics++_C23/FaceSwap/112_892.mp4,1,FAKE,FaceSwap,112
113_983,/Users/nihaldastagiri/Desktop/Major Project/FaceForensics++_C23/FaceSwap/113_983.mp4,1,FAKE,FaceSwap,113
114_102,/Users/nihaldastagiri/Desktop/Major Project/FaceForensics++_C23/FaceSwap/114_102.mp4,1,FAKE,FaceSwap,114
115_939,/Users/nihaldastagiri/Desktop/Major Project/FaceForensics++_C23/FaceSwap/115_939.mp4,1,FAKE,FaceSwap,115
116_091,/Users/nihaldastagiri/Desktop/Major Project/FaceForensics++_C23/FaceSwap/116_091.mp4,1,FAKE,FaceSwap,116
117_217,/Users/nihaldastagiri/Desktop/Major Project/FaceForensics++_C23/FaceSwap/117_217.mp4,1,FAKE,FaceSwap,117
118_120,/Users/nihaldastagiri/Desktop/Major Project/FaceForensics++_C23/FaceSwap/118_120.mp4,1,FAKE,FaceSwap,118
119_123,/Users/nihaldastagiri/Desktop/Major Project/FaceForensics++_C23/FaceSwap/119_123.mp4,1,FAKE,FaceSwap,119
120_118,/Users/nihaldastagiri/Desktop/Major Project/FaceForensics++_C23/FaceSwap/120_118.mp4,1,FAKE,FaceSwap,120
121_093,/Users/nihaldastagiri/Desktop/Major Project/FaceForensics++_C23/FaceSwap/121_093.mp4,1,FAKE,FaceSwap,121
122_144,/Users/nihaldastagiri/Desktop/Major Project/FaceForensics++_C23/FaceSwap/122_144.mp4,1,FAKE,FaceSwap,122
123_119,/Users/nihaldastagiri/Desktop/Major Project/FaceForensics++_C23/FaceSwap/123_119.mp4,1,FAKE,FaceSwap,123
124_085,/Users/nihaldastagiri/Desktop/Major Project/FaceForensics++_C23/FaceSwap/124_085.mp4,1,FAKE,FaceSwap,124
125_038,/Users/nihaldastagiri/Desktop/Major Project/FaceForensics++_C23/FaceSwap/125_038.mp4,1,FAKE,FaceSwap,125
126_104,/Users/nihaldastagiri/Desktop/Major Project/FaceForensics++_C23/FaceSwap/126_104.mp4,1,FAKE,FaceSwap,126
127_129,/Users/nihaldastagiri/Desktop/Major Project/FaceForensics++_C23/FaceSwap/127_129.mp4,1,FAKE,FaceSwap,127
128_896,/Users/nihaldastagiri/Desktop/Major Project/FaceForensics++_C23/FaceSwap/128_896.mp4,1,FAKE,FaceSwap,128
129_127,/Users/nihaldastagiri/Desktop/Major Project/FaceForensics++_C23/FaceSwap/129_127.mp4,1,FAKE,FaceSwap,129
130_139,/Users/nihaldastagiri/Desktop/Major Project/FaceForensics++_C23/FaceSwap/130_139.mp4,1,FAKE,FaceSwap,130
131_518,/Users/nihaldastagiri/Desktop/Major Project/FaceForensics++_C23/FaceSwap/131_518.mp4,1,FAKE,FaceSwap,131
132_007,/Users/nihaldastagiri/Desktop/Major Project/FaceForensics++_C23/FaceSwap/132_007.mp4,1,FAKE,FaceSwap,132
133_148,/Users/nihaldastagiri/Desktop/Major Project/FaceForensics++_C23/FaceSwap/133_148.mp4,1,FAKE,FaceSwap,133
134_192,/Users/nihaldastagiri/Desktop/Major Project/FaceForensics++_C23/FaceSwap/134_192.mp4,1,FAKE,FaceSwap,134
135_880,/Users/nihaldastagiri/Desktop/Major Project/FaceForensics++_C23/FaceSwap/135_880.mp4,1,FAKE,FaceSwap,135
136_285,/Users/nihaldastagiri/Desktop/Major Project/FaceForensics++_C23/FaceSwap/136_285.mp4,1,FAKE,FaceSwap,136
137_165,/Users/nihaldastagiri/Desktop/Major Project/FaceForensics++_C23/FaceSwap/137_165.mp4,1,FAKE,FaceSwap,137
138_142,/Users/nihaldastagiri/Desktop/Major Project/FaceForensics++_C23/FaceSwap/138_142.mp4,1,FAKE,FaceSwap,138
139_130,/Users/nihaldastagiri/Desktop/Major Project/FaceForensics++_C23/FaceSwap/139_130.mp4,1,FAKE,FaceSwap,139
140_143,/Users/nihaldastagiri/Desktop/Major Project/FaceForensics++_C23/FaceSwap/140_143.mp4,1,FAKE,FaceSwap,140
141_161,/Users/nihaldastagiri/Desktop/Major Project/FaceForensics++_C23/FaceSwap/141_161.mp4,1,FAKE,FaceSwap,141
142_138,/Users/nihaldastagiri/Desktop/Major Project/FaceForensics++_C23/FaceSwap/142_138.mp4,1,FAKE,FaceSwap,142
143_140,/Users/nihaldastagiri/Desktop/Major Project/FaceForensics++_C23/FaceSwap/143_140.mp4,1,FAKE,FaceSwap,143
144_122,/Users/nihaldastagiri/Desktop/Major Project/FaceForensics++_C23/FaceSwap/144_122.mp4,1,FAKE,FaceSwap,144
145_299,/Users/nihaldastagiri/Desktop/Major Project/FaceForensics++_C23/FaceSwap/145_299.mp4,1,FAKE,FaceSwap,145
146_256,/Users/nihaldastagiri/Desktop/Major Project/FaceForensics++_C23/FaceSwap/146_256.mp4,1,FAKE,FaceSwap,146
147_055,/Users/nihaldastagiri/Desktop/Major Project/FaceForensics++_C23/FaceSwap/147_055.mp4,1,FAKE,FaceSwap,147
148_133,/Users/nihaldastagiri/Desktop/Major Project/FaceForensics++_C23/FaceSwap/148_133.mp4,1,FAKE,FaceSwap,148
149_152,/Users/nihaldastagiri/Desktop/Major Project/FaceForensics++_C23/FaceSwap/149_152.mp4,1,FAKE,FaceSwap,149
150_153,/Users/nihaldastagiri/Desktop/Major Project/FaceForensics++_C23/FaceSwap/150_153.mp4,1,FAKE,FaceSwap,150
151_225,/Users/nihaldastagiri/Desktop/Major Project/FaceForensics++_C23/FaceSwap/151_225.mp4,1,FAKE,FaceSwap,151
152_149,/Users/nihaldastagiri/Desktop/Major Project/FaceForensics++_C23/FaceSwap/152_149.mp4,1,FAKE,FaceSwap,152
153_150,/Users/nihaldastagiri/Desktop/Major Project/FaceForensics++_C23/FaceSwap/153_150.mp4,1,FAKE,FaceSwap,153
154_386,/Users/nihaldastagiri/Desktop/Major Project/FaceForensics++_C23/FaceSwap/154_386.mp4,1,FAKE,FaceSwap,154
155_576,/Users/nihaldastagiri/Desktop/Major Project/FaceForensics++_C23/FaceSwap/155_576.mp4,1,FAKE,FaceSwap,155
156_243,/Users/nihaldastagiri/Desktop/Major Project/FaceForensics++_C23/FaceSwap/156_243.mp4,1,FAKE,FaceSwap,156
157_245,/Users/nihaldastagiri/Desktop/Major Project/FaceForensics++_C23/FaceSwap/157_245.mp4,1,FAKE,FaceSwap,157
158_379,/Users/nihaldastagiri/Desktop/Major Project/FaceForensics++_C23/FaceSwap/158_379.mp4,1,FAKE,FaceSwap,158
159_175,/Users/nihaldastagiri/Desktop/Major Project/FaceForensics++_C23/FaceSwap/159_175.mp4,1,FAKE,FaceSwap,159
160_928,/Users/nihaldastagiri/Desktop/Major Project/FaceForensics++_C23/FaceSwap/160_928.mp4,1,FAKE,FaceSwap,160
161_141,/Users/nihaldastagiri/Desktop/Major Project/FaceForensics++_C23/FaceSwap/161_141.mp4,1,FAKE,FaceSwap,161
162_330,/Users/nihaldastagiri/Desktop/Major Project/FaceForensics++_C23/FaceSwap/162_330.mp4,1,FAKE,FaceSwap,162
163_031,/Users/nihaldastagiri/Desktop/Major Project/FaceForensics++_C23/FaceSwap/163_031.mp4,1,FAKE,FaceSwap,163
164_216,/Users/nihaldastagiri/Desktop/Major Project/FaceForensics++_C23/FaceSwap/164_216.mp4,1,FAKE,FaceSwap,164
165_137,/Users/nihaldastagiri/Desktop/Major Project/FaceForensics++_C23/FaceSwap/165_137.mp4,1,FAKE,FaceSwap,165
166_167,/Users/nihaldastagiri/Desktop/Major Project/FaceForensics++_C23/FaceSwap/166_167.mp4,1,FAKE,FaceSwap,166
167_166,/Users/nihaldastagiri/Desktop/Major Project/FaceForensics++_C23/FaceSwap/167_166.mp4,1,FAKE,FaceSwap,167
168_222,/Users/nihaldastagiri/Desktop/Major Project/FaceForensics++_C23/FaceSwap/168_222.mp4,1,FAKE,FaceSwap,168
169_227,/Users/nihaldastagiri/Desktop/Major Project/FaceForensics++_C23/FaceSwap/169_227.mp4,1,FAKE,FaceSwap,169
170_186,/Users/nihaldastagiri/Desktop/Major Project/FaceForensics++_C23/FaceSwap/170_186.mp4,1,FAKE,FaceSwap,170
171_173,/Users/nihaldastagiri/Desktop/Major Project/FaceForensics++_C23/FaceSwap/171_173.mp4,1,FAKE,FaceSwap,171
172_582,/Users/nihaldastagiri/Desktop/Major Project/FaceForensics++_C23/FaceSwap/172_582.mp4,1,FAKE,FaceSwap,172
173_171,/Users/nihaldastagiri/Desktop/Major Project/FaceForensics++_C23/FaceSwap/173_171.mp4,1,FAKE,FaceSwap,173
174_964,/Users/nihaldastagiri/Desktop/Major Project/FaceForensics++_C23/FaceSwap/174_964.mp4,1,FAKE,FaceSwap,174
175_159,/Users/nihaldastagiri/Desktop/Major Project/FaceForensics++_C23/FaceSwap/175_159.mp4,1,FAKE,FaceSwap,175
176_190,/Users/nihaldastagiri/Desktop/Major Project/FaceForensics++_C23/FaceSwap/176_190.mp4,1,FAKE,FaceSwap,176
177_211,/Users/nihaldastagiri/Desktop/Major Project/FaceForensics++_C23/FaceSwap/177_211.mp4,1,FAKE,FaceSwap,177
178_598,/Users/nihaldastagiri/Desktop/Major Project/FaceForensics++_C23/FaceSwap/178_598.mp4,1,FAKE,FaceSwap,178
179_212,/Users/nihaldastagiri/Desktop/Major Project/FaceForensics++_C23/FaceSwap/179_212.mp4,1,FAKE,FaceSwap,179
180_105,/Users/nihaldastagiri/Desktop/Major Project/FaceForensics++_C23/FaceSwap/180_105.mp4,1,FAKE,FaceSwap,180
181_199,/Users/nihaldastagiri/Desktop/Major Project/FaceForensics++_C23/FaceSwap/181_199.mp4,1,FAKE,FaceSwap,181
182_242,/Users/nihaldastagiri/Desktop/Major Project/FaceForensics++_C23/FaceSwap/182_242.mp4,1,FAKE,FaceSwap,182
183_253,/Users/nihaldastagiri/Desktop/Major Project/FaceForensics++_C23/FaceSwap/183_253.mp4,1,FAKE,FaceSwap,183
184_205,/Users/nihaldastagiri/Desktop/Major Project/FaceForensics++_C23/FaceSwap/184_205.mp4,1,FAKE,FaceSwap,184
185_276,/Users/nihaldastagiri/Desktop/Major Project/FaceForensics++_C23/FaceSwap/185_276.mp4,1,FAKE,FaceSwap,185
186_170,/Users/nihaldastagiri/Desktop/Major Project/FaceForensics++_C23/FaceSwap/186_170.mp4,1,FAKE,FaceSwap,186
187_234,/Users/nihaldastagiri/Desktop/Major Project/FaceForensics++_C23/FaceSwap/187_234.mp4,1,FAKE,FaceSwap,187
188_191,/Users/nihaldastagiri/Desktop/Major Project/FaceForensics++_C23/FaceSwap/188_191.mp4,1,FAKE,FaceSwap,188
189_200,/Users/nihaldastagiri/Desktop/Major Project/FaceForensics++_C23/FaceSwap/189_200.mp4,1,FAKE,FaceSwap,189
190_176,/Users/nihaldastagiri/Desktop/Major Project/FaceForensics++_C23/FaceSwap/190_176.mp4,1,FAKE,FaceSwap,190
191_188,/Users/nihaldastagiri/Desktop/Major Project/FaceForensics++_C23/FaceSwap/191_188.mp4,1,FAKE,FaceSwap,191
192_134,/Users/nihaldastagiri/Desktop/Major Project/FaceForensics++_C23/FaceSwap/192_134.mp4,1,FAKE,FaceSwap,192
193_030,/Users/nihaldastagiri/Desktop/Major Project/FaceForensics++_C23/FaceSwap/193_030.mp4,1,FAKE,FaceSwap,193
194_235,/Users/nihaldastagiri/Desktop/Major Project/FaceForensics++_C23/FaceSwap/194_235.mp4,1,FAKE,FaceSwap,194
195_442,/Users/nihaldastagiri/Desktop/Major Project/FaceForensics++_C23/FaceSwap/195_442.mp4,1,FAKE,FaceSwap,195
196_310,/Users/nihaldastagiri/Desktop/Major Project/FaceForensics++_C23/FaceSwap/196_310.mp4,1,FAKE,FaceSwap,196
197_224,/Users/nihaldastagiri/Desktop/Major Project/FaceForensics++_C23/FaceSwap/197_224.mp4,1,FAKE,FaceSwap,197
198_106,/Users/nihaldastagiri/Desktop/Major Project/FaceForensics++_C23/FaceSwap/198_106.mp4,1,FAKE,FaceSwap,198
199_181,/Users/nihaldastagiri/Desktop/Major Project/FaceForensics++_C23/FaceSwap/199_181.mp4,1,FAKE,FaceSwap,199
200_189,/Users/nihaldastagiri/Desktop/Major Project/FaceForensics++_C23/FaceSwap/200_189.mp4,1,FAKE,FaceSwap,200
201_203,/Users/nihaldastagiri/Desktop/Major Project/FaceForensics++_C23/FaceSwap/201_203.mp4,1,FAKE,FaceSwap,201
202_348,/Users/nihaldastagiri/Desktop/Major Project/FaceForensics++_C23/FaceSwap/202_348.mp4,1,FAKE,FaceSwap,202
203_201,/Users/nihaldastagiri/Desktop/Major Project/FaceForensics++_C23/FaceSwap/203_201.mp4,1,FAKE,FaceSwap,203
204_230,/Users/nihaldastagiri/Desktop/Major Project/FaceForensics++_C23/FaceSwap/204_230.mp4,1,FAKE,FaceSwap,204
205_184,/Users/nihaldastagiri/Desktop/Major Project/FaceForensics++_C23/FaceSwap/205_184.mp4,1,FAKE,FaceSwap,205
206_221,/Users/nihaldastagiri/Desktop/Major Project/FaceForensics++_C23/FaceSwap/206_221.mp4,1,FAKE,FaceSwap,206
207_908,/Users/nihaldastagiri/Desktop/Major Project/FaceForensics++_C23/FaceSwap/207_908.mp4,1,FAKE,FaceSwap,207
208_215,/Users/nihaldastagiri/Desktop/Major Project/FaceForensics++_C23/FaceSwap/208_215.mp4,1,FAKE,FaceSwap,208
209_016,/Users/nihaldastagiri/Desktop/Major Project/FaceForensics++_C23/FaceSwap/209_016.mp4,1,FAKE,FaceSwap,209
210_241,/Users/nihaldastagiri/Desktop/Major Project/FaceForensics++_C23/FaceSwap/210_241.mp4,1,FAKE,FaceSwap,210
211_177,/Users/nihaldastagiri/Desktop/Major Project/FaceForensics++_C23/FaceSwap/211_177.mp4,1,FAKE,FaceSwap,211
212_179,/Users/nihaldastagiri/Desktop/Major Project/FaceForensics++_C23/FaceSwap/212_179.mp4,1,FAKE,FaceSwap,212
213_083,/Users/nihaldastagiri/Desktop/Major Project/FaceForensics++_C23/FaceSwap/213_083.mp4,1,FAKE,FaceSwap,213
214_255,/Users/nihaldastagiri/Desktop/Major Project/FaceForensics++_C23/FaceSwap/214_255.mp4,1,FAKE,FaceSwap,214
215_208,/Users/nihaldastagiri/Desktop/Major Project/FaceForensics++_C23/FaceSwap/215_208.mp4,1,FAKE,FaceSwap,215
216_164,/Users/nihaldastagiri/Desktop/Major Project/FaceForensics++_C23/FaceSwap/216_164.mp4,1,FAKE,FaceSwap,216
217_117,/Users/nihaldastagiri/Desktop/Major Project/FaceForensics++_C23/FaceSwap/217_117.mp4,1,FAKE,FaceSwap,217
218_239,/Users/nihaldastagiri/Desktop/Major Project/FaceForensics++_C23/FaceSwap/218_239.mp4,1,FAKE,FaceSwap,218
219_220,/Users/nihaldastagiri/Desktop/Major Project/FaceForensics++_C23/FaceSwap/219_220.mp4,1,FAKE,FaceSwap,219
220_219,/Users/nihaldastagiri/Desktop/Major Project/FaceForensics++_C23/FaceSwap/220_219.mp4,1,FAKE,FaceSwap,220
221_206,/Users/nihaldastagiri/Desktop/Major Project/FaceForensics++_C23/FaceSwap/221_206.mp4,1,FAKE,FaceSwap,221
222_168,/Users/nihaldastagiri/Desktop/Major Project/FaceForensics++_C23/FaceSwap/222_168.mp4,1,FAKE,FaceSwap,222
223_586,/Users/nihaldastagiri/Desktop/Major Project/FaceForensics++_C23/FaceSwap/223_586.mp4,1,FAKE,FaceSwap,223
224_197,/Users/nihaldastagiri/Desktop/Major Project/FaceForensics++_C23/FaceSwap/224_197.mp4,1,FAKE,FaceSwap,224
225_151,/Users/nihaldastagiri/Desktop/Major Project/FaceForensics++_C23/FaceSwap/225_151.mp4,1,FAKE,FaceSwap,225
226_491,/Users/nihaldastagiri/Desktop/Major Project/FaceForensics++_C23/FaceSwap/226_491.mp4,1,FAKE,FaceSwap,226
227_169,/Users/nihaldastagiri/Desktop/Major Project/FaceForensics++_C23/FaceSwap/227_169.mp4,1,FAKE,FaceSwap,227
228_289,/Users/nihaldastagiri/Desktop/Major Project/FaceForensics++_C23/FaceSwap/228_289.mp4,1,FAKE,FaceSwap,228
229_247,/Users/nihaldastagiri/Desktop/Major Project/FaceForensics++_C23/FaceSwap/229_247.mp4,1,FAKE,FaceSwap,229
230_204,/Users/nihaldastagiri/Desktop/Major Project/FaceForensics++_C23/FaceSwap/230_204.mp4,1,FAKE,FaceSwap,230
231_663,/Users/nihaldastagiri/Desktop/Major Project/FaceForensics++_C23/FaceSwap/231_663.mp4,1,FAKE,FaceSwap,231
232_248,/Users/nihaldastagiri/Desktop/Major Project/FaceForensics++_C23/FaceSwap/232_248.mp4,1,FAKE,FaceSwap,232
233_995,/Users/nihaldastagiri/Desktop/Major Project/FaceForensics++_C23/FaceSwap/233_995.mp4,1,FAKE,FaceSwap,233
234_187,/Users/nihaldastagiri/Desktop/Major Project/FaceForensics++_C23/FaceSwap/234_187.mp4,1,FAKE,FaceSwap,234
235_194,/Users/nihaldastagiri/Desktop/Major Project/FaceForensics++_C23/FaceSwap/235_194.mp4,1,FAKE,FaceSwap,235
236_237,/Users/nihaldastagiri/Desktop/Major Project/FaceForensics++_C23/FaceSwap/236_237.mp4,1,FAKE,FaceSwap,236
237_236,/Users/nihaldastagiri/Desktop/Major Project/FaceForensics++_C23/FaceSwap/237_236.mp4,1,FAKE,FaceSwap,237
238_282,/Users/nihaldastagiri/Desktop/Major Project/FaceForensics++_C23/FaceSwap/238_282.mp4,1,FAKE,FaceSwap,238
239_218,/Users/nihaldastagiri/Desktop/Major Project/FaceForensics++_C23/FaceSwap/239_218.mp4,1,FAKE,FaceSwap,239
240_290,/Users/nihaldastagiri/Desktop/Major Project/FaceForensics++_C23/FaceSwap/240_290.mp4,1,FAKE,FaceSwap,240
241_210,/Users/nihaldastagiri/Desktop/Major Project/FaceForensics++_C23/FaceSwap/241_210.mp4,1,FAKE,FaceSwap,241
242_182,/Users/nihaldastagiri/Desktop/Major Project/FaceForensics++_C23/FaceSwap/242_182.mp4,1,FAKE,FaceSwap,242
243_156,/Users/nihaldastagiri/Desktop/Major Project/FaceForensics++_C23/FaceSwap/243_156.mp4,1,FAKE,FaceSwap,243
244_822,/Users/nihaldastagiri/Desktop/Major Project/FaceForensics++_C23/FaceSwap/244_822.mp4,1,FAKE,FaceSwap,244
245_157,/Users/nihaldastagiri/Desktop/Major Project/FaceForensics++_C23/FaceSwap/245_157.mp4,1,FAKE,FaceSwap,245
246_258,/Users/nihaldastagiri/Desktop/Major Project/FaceForensics++_C23/FaceSwap/246_258.mp4,1,FAKE,FaceSwap,246
247_229,/Users/nihaldastagiri/Desktop/Major Project/FaceForensics++_C23/FaceSwap/247_229.mp4,1,FAKE,FaceSwap,247
248_232,/Users/nihaldastagiri/Desktop/Major Project/FaceForensics++_C23/FaceSwap/248_232.mp4,1,FAKE,FaceSwap,248
249_280,/Users/nihaldastagiri/Desktop/Major Project/FaceForensics++_C23/FaceSwap/249_280.mp4,1,FAKE,FaceSwap,249
250_461,/Users/nihaldastagiri/Desktop/Major Project/FaceForensics++_C23/FaceSwap/250_461.mp4,1,FAKE,FaceSwap,250
251_375,/Users/nihaldastagiri/Desktop/Major Project/FaceForensics++_C23/FaceSwap/251_375.mp4,1,FAKE,FaceSwap,251
252_266,/Users/nihaldastagiri/Desktop/Major Project/FaceForensics++_C23/FaceSwap/252_266.mp4,1,FAKE,FaceSwap,252
253_183,/Users/nihaldastagiri/Desktop/Major Project/FaceForensics++_C23/FaceSwap/253_183.mp4,1,FAKE,FaceSwap,253
254_261,/Users/nihaldastagiri/Desktop/Major Project/FaceForensics++_C23/FaceSwap/254_261.mp4,1,FAKE,FaceSwap,254
255_214,/Users/nihaldastagiri/Desktop/Major Project/FaceForensics++_C23/FaceSwap/255_214.mp4,1,FAKE,FaceSwap,255
256_146,/Users/nihaldastagiri/Desktop/Major Project/FaceForensics++_C23/FaceSwap/256_146.mp4,1,FAKE,FaceSwap,256
257_420,/Users/nihaldastagiri/Desktop/Major Project/FaceForensics++_C23/FaceSwap/257_420.mp4,1,FAKE,FaceSwap,257
258_246,/Users/nihaldastagiri/Desktop/Major Project/FaceForensics++_C23/FaceSwap/258_246.mp4,1,FAKE,FaceSwap,258
259_345,/Users/nihaldastagiri/Desktop/Major Project/FaceForensics++_C23/FaceSwap/259_345.mp4,1,FAKE,FaceSwap,259
260_331,/Users/nihaldastagiri/Desktop/Major Project/FaceForensics++_C23/FaceSwap/260_331.mp4,1,FAKE,FaceSwap,260
261_254,/Users/nihaldastagiri/Desktop/Major Project/FaceForensics++_C23/FaceSwap/261_254.mp4,1,FAKE,FaceSwap,261
262_301,/Users/nihaldastagiri/Desktop/Major Project/FaceForensics++_C23/FaceSwap/262_301.mp4,1,FAKE,FaceSwap,262
263_284,/Users/nihaldastagiri/Desktop/Major Project/FaceForensics++_C23/FaceSwap/263_284.mp4,1,FAKE,FaceSwap,263
264_271,/Users/nihaldastagiri/Desktop/Major Project/FaceForensics++_C23/FaceSwap/264_271.mp4,1,FAKE,FaceSwap,264
265_475,/Users/nihaldastagiri/Desktop/Major Project/FaceForensics++_C23/FaceSwap/265_475.mp4,1,FAKE,FaceSwap,265
266_252,/Users/nihaldastagiri/Desktop/Major Project/FaceForensics++_C23/FaceSwap/266_252.mp4,1,FAKE,FaceSwap,266
267_286,/Users/nihaldastagiri/Desktop/Major Project/FaceForensics++_C23/FaceSwap/267_286.mp4,1,FAKE,FaceSwap,267
268_269,/Users/nihaldastagiri/Desktop/Major Project/FaceForensics++_C23/FaceSwap/268_269.mp4,1,FAKE,FaceSwap,268
269_268,/Users/nihaldastagiri/Desktop/Major Project/FaceForensics++_C23/FaceSwap/269_268.mp4,1,FAKE,FaceSwap,269
270_297,/Users/nihaldastagiri/Desktop/Major Project/FaceForensics++_C23/FaceSwap/270_297.mp4,1,FAKE,FaceSwap,270
271_264,/Users/nihaldastagiri/Desktop/Major Project/FaceForensics++_C23/FaceSwap/271_264.mp4,1,FAKE,FaceSwap,271
272_396,/Users/nihaldastagiri/Desktop/Major Project/FaceForensics++_C23/FaceSwap/272_396.mp4,1,FAKE,FaceSwap,272
273_807,/Users/nihaldastagiri/Desktop/Major Project/FaceForensics++_C23/FaceSwap/273_807.mp4,1,FAKE,FaceSwap,273
274_412,/Users/nihaldastagiri/Desktop/Major Project/FaceForensics++_C23/FaceSwap/274_412.mp4,1,FAKE,FaceSwap,274
275_887,/Users/nihaldastagiri/Desktop/Major Project/FaceForensics++_C23/FaceSwap/275_887.mp4,1,FAKE,FaceSwap,275
276_185,/Users/nihaldastagiri/Desktop/Major Project/FaceForensics++_C23/FaceSwap/276_185.mp4,1,FAKE,FaceSwap,276
277_335,/Users/nihaldastagiri/Desktop/Major Project/FaceForensics++_C23/FaceSwap/277_335.mp4,1,FAKE,FaceSwap,277
278_306,/Users/nihaldastagiri/Desktop/Major Project/FaceForensics++_C23/FaceSwap/278_306.mp4,1,FAKE,FaceSwap,278
279_298,/Users/nihaldastagiri/Desktop/Major Project/FaceForensics++_C23/FaceSwap/279_298.mp4,1,FAKE,FaceSwap,279
280_249,/Users/nihaldastagiri/Desktop/Major Project/FaceForensics++_C23/FaceSwap/280_249.mp4,1,FAKE,FaceSwap,280
281_474,/Users/nihaldastagiri/Desktop/Major Project/FaceForensics++_C23/FaceSwap/281_474.mp4,1,FAKE,FaceSwap,281
282_238,/Users/nihaldastagiri/Desktop/Major Project/FaceForensics++_C23/FaceSwap/282_238.mp4,1,FAKE,FaceSwap,282
283_313,/Users/nihaldastagiri/Desktop/Major Project/FaceForensics++_C23/FaceSwap/283_313.mp4,1,FAKE,FaceSwap,283
284_263,/Users/nihaldastagiri/Desktop/Major Project/FaceForensics++_C23/FaceSwap/284_263.mp4,1,FAKE,FaceSwap,284
285_136,/Users/nihaldastagiri/Desktop/Major Project/FaceForensics++_C23/FaceSwap/285_136.mp4,1,FAKE,FaceSwap,285
286_267,/Users/nihaldastagiri/Desktop/Major Project/FaceForensics++_C23/FaceSwap/286_267.mp4,1,FAKE,FaceSwap,286
287_426,/Users/nihaldastagiri/Desktop/Major Project/FaceForensics++_C23/FaceSwap/287_426.mp4,1,FAKE,FaceSwap,287
288_321,/Users/nihaldastagiri/Desktop/Major Project/FaceForensics++_C23/FaceSwap/288_321.mp4,1,FAKE,FaceSwap,288
289_228,/Users/nihaldastagiri/Desktop/Major Project/FaceForensics++_C23/FaceSwap/289_228.mp4,1,FAKE,FaceSwap,289
290_240,/Users/nihaldastagiri/Desktop/Major Project/FaceForensics++_C23/FaceSwap/290_240.mp4,1,FAKE,FaceSwap,290
291_874,/Users/nihaldastagiri/Desktop/Major Project/FaceForensics++_C23/FaceSwap/291_874.mp4,1,FAKE,FaceSwap,291
292_294,/Users/nihaldastagiri/Desktop/Major Project/FaceForensics++_C23/FaceSwap/292_294.mp4,1,FAKE,FaceSwap,292
293_296,/Users/nihaldastagiri/Desktop/Major Project/FaceForensics++_C23/FaceSwap/293_296.mp4,1,FAKE,FaceSwap,293
294_292,/Users/nihaldastagiri/Desktop/Major Project/FaceForensics++_C23/FaceSwap/294_292.mp4,1,FAKE,FaceSwap,294
295_099,/Users/nihaldastagiri/Desktop/Major Project/FaceForensics++_C23/FaceSwap/295_099.mp4,1,FAKE,FaceSwap,295
296_293,/Users/nihaldastagiri/Desktop/Major Project/FaceForensics++_C23/FaceSwap/296_293.mp4,1,FAKE,FaceSwap,296
297_270,/Users/nihaldastagiri/Desktop/Major Project/FaceForensics++_C23/FaceSwap/297_270.mp4,1,FAKE,FaceSwap,297
298_279,/Users/nihaldastagiri/Desktop/Major Project/FaceForensics++_C23/FaceSwap/298_279.mp4,1,FAKE,FaceSwap,298
299_145,/Users/nihaldastagiri/Desktop/Major Project/FaceForensics++_C23/FaceSwap/299_145.mp4,1,FAKE,FaceSwap,299
300_304,/Users/nihaldastagiri/Desktop/Major Project/FaceForensics++_C23/FaceSwap/300_304.mp4,1,FAKE,FaceSwap,300
301_262,/Users/nihaldastagiri/Desktop/Major Project/FaceForensics++_C23/FaceSwap/301_262.mp4,1,FAKE,FaceSwap,301
302_323,/Users/nihaldastagiri/Desktop/Major Project/FaceForensics++_C23/FaceSwap/302_323.mp4,1,FAKE,FaceSwap,302
303_309,/Users/nihaldastagiri/Desktop/Major Project/FaceForensics++_C23/FaceSwap/303_309.mp4,1,FAKE,FaceSwap,303
304_300,/Users/nihaldastagiri/Desktop/Major Project/FaceForensics++_C23/FaceSwap/304_300.mp4,1,FAKE,FaceSwap,304
305_513,/Users/nihaldastagiri/Desktop/Major Project/FaceForensics++_C23/FaceSwap/305_513.mp4,1,FAKE,FaceSwap,305
306_278,/Users/nihaldastagiri/Desktop/Major Project/FaceForensics++_C23/FaceSwap/306_278.mp4,1,FAKE,FaceSwap,306
307_365,/Users/nihaldastagiri/Desktop/Major Project/FaceForensics++_C23/FaceSwap/307_365.mp4,1,FAKE,FaceSwap,307
308_388,/Users/nihaldastagiri/Desktop/Major Project/FaceForensics++_C23/FaceSwap/308_388.mp4,1,FAKE,FaceSwap,308
309_303,/Users/nihaldastagiri/Desktop/Major Project/FaceForensics++_C23/FaceSwap/309_303.mp4,1,FAKE,FaceSwap,309
310_196,/Users/nihaldastagiri/Desktop/Major Project/FaceForensics++_C23/FaceSwap/310_196.mp4,1,FAKE,FaceSwap,310
311_387,/Users/nihaldastagiri/Desktop/Major Project/FaceForensics++_C23/FaceSwap/311_387.mp4,1,FAKE,FaceSwap,311
312_021,/Users/nihaldastagiri/Desktop/Major Project/FaceForensics++_C23/FaceSwap/312_021.mp4,1,FAKE,FaceSwap,312
313_283,/Users/nihaldastagiri/Desktop/Major Project/FaceForensics++_C23/FaceSwap/313_283.mp4,1,FAKE,FaceSwap,313
314_347,/Users/nihaldastagiri/Desktop/Major Project/FaceForensics++_C23/FaceSwap/314_347.mp4,1,FAKE,FaceSwap,314
315_322,/Users/nihaldastagiri/Desktop/Major Project/FaceForensics++_C23/FaceSwap/315_322.mp4,1,FAKE,FaceSwap,315
316_369,/Users/nihaldastagiri/Desktop/Major Project/FaceForensics++_C23/FaceSwap/316_369.mp4,1,FAKE,FaceSwap,316
317_359,/Users/nihaldastagiri/Desktop/Major Project/FaceForensics++_C23/FaceSwap/317_359.mp4,1,FAKE,FaceSwap,317
318_334,/Users/nihaldastagiri/Desktop/Major Project/FaceForensics++_C23/FaceSwap/318_334.mp4,1,FAKE,FaceSwap,318
319_352,/Users/nihaldastagiri/Desktop/Major Project/FaceForensics++_C23/FaceSwap/319_352.mp4,1,FAKE,FaceSwap,319
320_328,/Users/nihaldastagiri/Desktop/Major Project/FaceForensics++_C23/FaceSwap/320_328.mp4,1,FAKE,FaceSwap,320
321_288,/Users/nihaldastagiri/Desktop/Major Project/FaceForensics++_C23/FaceSwap/321_288.mp4,1,FAKE,FaceSwap,321
322_315,/Users/nihaldastagiri/Desktop/Major Project/FaceForensics++_C23/FaceSwap/322_315.mp4,1,FAKE,FaceSwap,322
323_302,/Users/nihaldastagiri/Desktop/Major Project/FaceForensics++_C23/FaceSwap/323_302.mp4,1,FAKE,FaceSwap,323
324_356,/Users/nihaldastagiri/Desktop/Major Project/FaceForensics++_C23/FaceSwap/324_356.mp4,1,FAKE,FaceSwap,324
325_492,/Users/nihaldastagiri/Desktop/Major Project/FaceForensics++_C23/FaceSwap/325_492.mp4,1,FAKE,FaceSwap,325
326_501,/Users/nihaldastagiri/Desktop/Major Project/FaceForensics++_C23/FaceSwap/326_501.mp4,1,FAKE,FaceSwap,326
327_329,/Users/nihaldastagiri/Desktop/Major Project/FaceForensics++_C23/FaceSwap/327_329.mp4,1,FAKE,FaceSwap,327
328_320,/Users/nihaldastagiri/Desktop/Major Project/FaceForensics++_C23/FaceSwap/328_320.mp4,1,FAKE,FaceSwap,328
329_327,/Users/nihaldastagiri/Desktop/Major Project/FaceForensics++_C23/FaceSwap/329_327.mp4,1,FAKE,FaceSwap,329
330_162,/Users/nihaldastagiri/Desktop/Major Project/FaceForensics++_C23/FaceSwap/330_162.mp4,1,FAKE,FaceSwap,330
331_260,/Users/nihaldastagiri/Desktop/Major Project/FaceForensics++_C23/FaceSwap/331_260.mp4,1,FAKE,FaceSwap,331
332_051,/Users/nihaldastagiri/Desktop/Major Project/FaceForensics++_C23/FaceSwap/332_051.mp4,1,FAKE,FaceSwap,332
333_377,/Users/nihaldastagiri/Desktop/Major Project/FaceForensics++_C23/FaceSwap/333_377.mp4,1,FAKE,FaceSwap,333
334_318,/Users/nihaldastagiri/Desktop/Major Project/FaceForensics++_C23/FaceSwap/334_318.mp4,1,FAKE,FaceSwap,334
335_277,/Users/nihaldastagiri/Desktop/Major Project/FaceForensics++_C23/FaceSwap/335_277.mp4,1,FAKE,FaceSwap,335
336_338,/Users/nihaldastagiri/Desktop/Major Project/FaceForensics++_C23/FaceSwap/336_338.mp4,1,FAKE,FaceSwap,336
337_522,/Users/nihaldastagiri/Desktop/Major Project/FaceForensics++_C23/FaceSwap/337_522.mp4,1,FAKE,FaceSwap,337
338_336,/Users/nihaldastagiri/Desktop/Major Project/FaceForensics++_C23/FaceSwap/338_336.mp4,1,FAKE,FaceSwap,338
339_392,/Users/nihaldastagiri/Desktop/Major Project/FaceForensics++_C23/FaceSwap/339_392.mp4,1,FAKE,FaceSwap,339
340_341,/Users/nihaldastagiri/Desktop/Major Project/FaceForensics++_C23/FaceSwap/340_341.mp4,1,FAKE,FaceSwap,340
341_340,/Users/nihaldastagiri/Desktop/Major Project/FaceForensics++_C23/FaceSwap/341_340.mp4,1,FAKE,FaceSwap,341
342_416,/Users/nihaldastagiri/Desktop/Major Project/FaceForensics++_C23/FaceSwap/342_416.mp4,1,FAKE,FaceSwap,342
343_363,/Users/nihaldastagiri/Desktop/Major Project/FaceForensics++_C23/FaceSwap/343_363.mp4,1,FAKE,FaceSwap,343
344_020,/Users/nihaldastagiri/Desktop/Major Project/FaceForensics++_C23/FaceSwap/344_020.mp4,1,FAKE,FaceSwap,344
345_259,/Users/nihaldastagiri/Desktop/Major Project/FaceForensics++_C23/FaceSwap/345_259.mp4,1,FAKE,FaceSwap,345
346_351,/Users/nihaldastagiri/Desktop/Major Project/FaceForensics++_C23/FaceSwap/346_351.mp4,1,FAKE,FaceSwap,346
347_314,/Users/nihaldastagiri/Desktop/Major Project/FaceForensics++_C23/FaceSwap/347_314.mp4,1,FAKE,FaceSwap,347
348_202,/Users/nihaldastagiri/Desktop/Major Project/FaceForensics++_C23/FaceSwap/348_202.mp4,1,FAKE,FaceSwap,348
349_350,/Users/nihaldastagiri/Desktop/Major Project/FaceForensics++_C23/FaceSwap/349_350.mp4,1,FAKE,FaceSwap,349
350_349,/Users/nihaldastagiri/Desktop/Major Project/FaceForensics++_C23/FaceSwap/350_349.mp4,1,FAKE,FaceSwap,350
351_346,/Users/nihaldastagiri/Desktop/Major Project/FaceForensics++_C23/FaceSwap/351_346.mp4,1,FAKE,FaceSwap,351
352_319,/Users/nihaldastagiri/Desktop/Major Project/FaceForensics++_C23/FaceSwap/352_319.mp4,1,FAKE,FaceSwap,352
353_383,/Users/nihaldastagiri/Desktop/Major Project/FaceForensics++_C23/FaceSwap/353_383.mp4,1,FAKE,FaceSwap,353
354_362,/Users/nihaldastagiri/Desktop/Major Project/FaceForensics++_C23/FaceSwap/354_362.mp4,1,FAKE,FaceSwap,354
355_748,/Users/nihaldastagiri/Desktop/Major Project/FaceForensics++_C23/FaceSwap/355_748.mp4,1,FAKE,FaceSwap,355
356_324,/Users/nihaldastagiri/Desktop/Major Project/FaceForensics++_C23/FaceSwap/356_324.mp4,1,FAKE,FaceSwap,356
357_432,/Users/nihaldastagiri/Desktop/Major Project/FaceForensics++_C23/FaceSwap/357_432.mp4,1,FAKE,FaceSwap,357
358_380,/Users/nihaldastagiri/Desktop/Major Project/FaceForensics++_C23/FaceSwap/358_380.mp4,1,FAKE,FaceSwap,358
359_317,/Users/nihaldastagiri/Desktop/Major Project/FaceForensics++_C23/FaceSwap/359_317.mp4,1,FAKE,FaceSwap,359
360_437,/Users/nihaldastagiri/Desktop/Major Project/FaceForensics++_C23/FaceSwap/360_437.mp4,1,FAKE,FaceSwap,360
361_448,/Users/nihaldastagiri/Desktop/Major Project/FaceForensics++_C23/FaceSwap/361_448.mp4,1,FAKE,FaceSwap,361
362_354,/Users/nihaldastagiri/Desktop/Major Project/FaceForensics++_C23/FaceSwap/362_354.mp4,1,FAKE,FaceSwap,362
363_343,/Users/nihaldastagiri/Desktop/Major Project/FaceForensics++_C23/FaceSwap/363_343.mp4,1,FAKE,FaceSwap,363
364_440,/Users/nihaldastagiri/Desktop/Major Project/FaceForensics++_C23/FaceSwap/364_440.mp4,1,FAKE,FaceSwap,364
365_307,/Users/nihaldastagiri/Desktop/Major Project/FaceForensics++_C23/FaceSwap/365_307.mp4,1,FAKE,FaceSwap,365
366_473,/Users/nihaldastagiri/Desktop/Major Project/FaceForensics++_C23/FaceSwap/366_473.mp4,1,FAKE,FaceSwap,366
367_371,/Users/nihaldastagiri/Desktop/Major Project/FaceForensics++_C23/FaceSwap/367_371.mp4,1,FAKE,FaceSwap,367
368_378,/Users/nihaldastagiri/Desktop/Major Project/FaceForensics++_C23/FaceSwap/368_378.mp4,1,FAKE,FaceSwap,368
369_316,/Users/nihaldastagiri/Desktop/Major Project/FaceForensics++_C23/FaceSwap/369_316.mp4,1,FAKE,FaceSwap,369
370_483,/Users/nihaldastagiri/Desktop/Major Project/FaceForensics++_C23/FaceSwap/370_483.mp4,1,FAKE,FaceSwap,370
371_367,/Users/nihaldastagiri/Desktop/Major Project/FaceForensics++_C23/FaceSwap/371_367.mp4,1,FAKE,FaceSwap,371
372_413,/Users/nihaldastagiri/Desktop/Major Project/FaceForensics++_C23/FaceSwap/372_413.mp4,1,FAKE,FaceSwap,372
373_394,/Users/nihaldastagiri/Desktop/Major Project/FaceForensics++_C23/FaceSwap/373_394.mp4,1,FAKE,FaceSwap,373
374_407,/Users/nihaldastagiri/Desktop/Major Project/FaceForensics++_C23/FaceSwap/374_407.mp4,1,FAKE,FaceSwap,374
375_251,/Users/nihaldastagiri/Desktop/Major Project/FaceForensics++_C23/FaceSwap/375_251.mp4,1,FAKE,FaceSwap,375
376_381,/Users/nihaldastagiri/Desktop/Major Project/FaceForensics++_C23/FaceSwap/376_381.mp4,1,FAKE,FaceSwap,376
377_333,/Users/nihaldastagiri/Desktop/Major Project/FaceForensics++_C23/FaceSwap/377_333.mp4,1,FAKE,FaceSwap,377
378_368,/Users/nihaldastagiri/Desktop/Major Project/FaceForensics++_C23/FaceSwap/378_368.mp4,1,FAKE,FaceSwap,378
379_158,/Users/nihaldastagiri/Desktop/Major Project/FaceForensics++_C23/FaceSwap/379_158.mp4,1,FAKE,FaceSwap,379
380_358,/Users/nihaldastagiri/Desktop/Major Project/FaceForensics++_C23/FaceSwap/380_358.mp4,1,FAKE,FaceSwap,380
381_376,/Users/nihaldastagiri/Desktop/Major Project/FaceForensics++_C23/FaceSwap/381_376.mp4,1,FAKE,FaceSwap,381
382_409,/Users/nihaldastagiri/Desktop/Major Project/FaceForensics++_C23/FaceSwap/382_409.mp4,1,FAKE,FaceSwap,382
383_353,/Users/nihaldastagiri/Desktop/Major Project/FaceForensics++_C23/FaceSwap/383_353.mp4,1,FAKE,FaceSwap,383
384_932,/Users/nihaldastagiri/Desktop/Major Project/FaceForensics++_C23/FaceSwap/384_932.mp4,1,FAKE,FaceSwap,384
385_414,/Users/nihaldastagiri/Desktop/Major Project/FaceForensics++_C23/FaceSwap/385_414.mp4,1,FAKE,FaceSwap,385
386_154,/Users/nihaldastagiri/Desktop/Major Project/FaceForensics++_C23/FaceSwap/386_154.mp4,1,FAKE,FaceSwap,386
387_311,/Users/nihaldastagiri/Desktop/Major Project/FaceForensics++_C23/FaceSwap/387_311.mp4,1,FAKE,FaceSwap,387
388_308,/Users/nihaldastagiri/Desktop/Major Project/FaceForensics++_C23/FaceSwap/388_308.mp4,1,FAKE,FaceSwap,388
389_480,/Users/nihaldastagiri/Desktop/Major Project/FaceForensics++_C23/FaceSwap/389_480.mp4,1,FAKE,FaceSwap,389
390_709,/Users/nihaldastagiri/Desktop/Major Project/FaceForensics++_C23/FaceSwap/390_709.mp4,1,FAKE,FaceSwap,390
391_406,/Users/nihaldastagiri/Desktop/Major Project/FaceForensics++_C23/FaceSwap/391_406.mp4,1,FAKE,FaceSwap,391
392_339,/Users/nihaldastagiri/Desktop/Major Project/FaceForensics++_C23/FaceSwap/392_339.mp4,1,FAKE,FaceSwap,392
393_405,/Users/nihaldastagiri/Desktop/Major Project/FaceForensics++_C23/FaceSwap/393_405.mp4,1,FAKE,FaceSwap,393
394_373,/Users/nihaldastagiri/Desktop/Major Project/FaceForensics++_C23/FaceSwap/394_373.mp4,1,FAKE,FaceSwap,394
395_401,/Users/nihaldastagiri/Desktop/Major Project/FaceForensics++_C23/FaceSwap/395_401.mp4,1,FAKE,FaceSwap,395
396_272,/Users/nihaldastagiri/Desktop/Major Project/FaceForensics++_C23/FaceSwap/396_272.mp4,1,FAKE,FaceSwap,396
397_602,/Users/nihaldastagiri/Desktop/Major Project/FaceForensics++_C23/FaceSwap/397_602.mp4,1,FAKE,FaceSwap,397
398_457,/Users/nihaldastagiri/Desktop/Major Project/FaceForensics++_C23/FaceSwap/398_457.mp4,1,FAKE,FaceSwap,398
399_488,/Users/nihaldastagiri/Desktop/Major Project/FaceForensics++_C23/FaceSwap/399_488.mp4,1,FAKE,FaceSwap,399
400_476,/Users/nihaldastagiri/Desktop/Major Project/FaceForensics++_C23/FaceSwap/400_476.mp4,1,FAKE,FaceSwap,400
401_395,/Users/nihaldastagiri/Desktop/Major Project/FaceForensics++_C23/FaceSwap/401_395.mp4,1,FAKE,FaceSwap,401
402_453,/Users/nihaldastagiri/Desktop/Major Project/FaceForensics++_C23/FaceSwap/402_453.mp4,1,FAKE,FaceSwap,402
403_497,/Users/nihaldastagiri/Desktop/Major Project/FaceForensics++_C23/FaceSwap/403_497.mp4,1,FAKE,FaceSwap,403
404_429,/Users/nihaldastagiri/Desktop/Major Project/FaceForensics++_C23/FaceSwap/404_429.mp4,1,FAKE,FaceSwap,404
405_393,/Users/nihaldastagiri/Desktop/Major Project/FaceForensics++_C23/FaceSwap/405_393.mp4,1,FAKE,FaceSwap,405
406_391,/Users/nihaldastagiri/Desktop/Major Project/FaceForensics++_C23/FaceSwap/406_391.mp4,1,FAKE,FaceSwap,406
407_374,/Users/nihaldastagiri/Desktop/Major Project/FaceForensics++_C23/FaceSwap/407_374.mp4,1,FAKE,FaceSwap,407
408_424,/Users/nihaldastagiri/Desktop/Major Project/FaceForensics++_C23/FaceSwap/408_424.mp4,1,FAKE,FaceSwap,408
409_382,/Users/nihaldastagiri/Desktop/Major Project/FaceForensics++_C23/FaceSwap/409_382.mp4,1,FAKE,FaceSwap,409
410_411,/Users/nihaldastagiri/Desktop/Major Project/FaceForensics++_C23/FaceSwap/410_411.mp4,1,FAKE,FaceSwap,410
411_410,/Users/nihaldastagiri/Desktop/Major Project/FaceForensics++_C23/FaceSwap/411_410.mp4,1,FAKE,FaceSwap,411
412_274,/Users/nihaldastagiri/Desktop/Major Project/FaceForensics++_C23/FaceSwap/412_274.mp4,1,FAKE,FaceSwap,412
413_372,/Users/nihaldastagiri/Desktop/Major Project/FaceForensics++_C23/FaceSwap/413_372.mp4,1,FAKE,FaceSwap,413
414_385,/Users/nihaldastagiri/Desktop/Major Project/FaceForensics++_C23/FaceSwap/414_385.mp4,1,FAKE,FaceSwap,414
415_484,/Users/nihaldastagiri/Desktop/Major Project/FaceForensics++_C23/FaceSwap/415_484.mp4,1,FAKE,FaceSwap,415
416_342,/Users/nihaldastagiri/Desktop/Major Project/FaceForensics++_C23/FaceSwap/416_342.mp4,1,FAKE,FaceSwap,416
417_496,/Users/nihaldastagiri/Desktop/Major Project/FaceForensics++_C23/FaceSwap/417_496.mp4,1,FAKE,FaceSwap,417
418_507,/Users/nihaldastagiri/Desktop/Major Project/FaceForensics++_C23/FaceSwap/418_507.mp4,1,FAKE,FaceSwap,418
419_824,/Users/nihaldastagiri/Desktop/Major Project/FaceForensics++_C23/FaceSwap/419_824.mp4,1,FAKE,FaceSwap,419
420_257,/Users/nihaldastagiri/Desktop/Major Project/FaceForensics++_C23/FaceSwap/420_257.mp4,1,FAKE,FaceSwap,420
421_423,/Users/nihaldastagiri/Desktop/Major Project/FaceForensics++_C23/FaceSwap/421_423.mp4,1,FAKE,FaceSwap,421
422_695,/Users/nihaldastagiri/Desktop/Major Project/FaceForensics++_C23/FaceSwap/422_695.mp4,1,FAKE,FaceSwap,422
423_421,/Users/nihaldastagiri/Desktop/Major Project/FaceForensics++_C23/FaceSwap/423_421.mp4,1,FAKE,FaceSwap,423
424_408,/Users/nihaldastagiri/Desktop/Major Project/FaceForensics++_C23/FaceSwap/424_408.mp4,1,FAKE,FaceSwap,424
425_485,/Users/nihaldastagiri/Desktop/Major Project/FaceForensics++_C23/FaceSwap/425_485.mp4,1,FAKE,FaceSwap,425
426_287,/Users/nihaldastagiri/Desktop/Major Project/FaceForensics++_C23/FaceSwap/426_287.mp4,1,FAKE,FaceSwap,426
427_637,/Users/nihaldastagiri/Desktop/Major Project/FaceForensics++_C23/FaceSwap/427_637.mp4,1,FAKE,FaceSwap,427
428_466,/Users/nihaldastagiri/Desktop/Major Project/FaceForensics++_C23/FaceSwap/428_466.mp4,1,FAKE,FaceSwap,428
429_404,/Users/nihaldastagiri/Desktop/Major Project/FaceForensics++_C23/FaceSwap/429_404.mp4,1,FAKE,FaceSwap,429
430_459,/Users/nihaldastagiri/Desktop/Major Project/FaceForensics++_C23/FaceSwap/430_459.mp4,1,FAKE,FaceSwap,430
431_447,/Users/nihaldastagiri/Desktop/Major Project/FaceForensics++_C23/FaceSwap/431_447.mp4,1,FAKE,FaceSwap,431
432_357,/Users/nihaldastagiri/Desktop/Major Project/FaceForensics++_C23/FaceSwap/432_357.mp4,1,FAKE,FaceSwap,432
433_498,/Users/nihaldastagiri/Desktop/Major Project/FaceForensics++_C23/FaceSwap/433_498.mp4,1,FAKE,FaceSwap,433
434_438,/Users/nihaldastagiri/Desktop/Major Project/FaceForensics++_C23/FaceSwap/434_438.mp4,1,FAKE,FaceSwap,434
435_456,/Users/nihaldastagiri/Desktop/Major Project/FaceForensics++_C23/FaceSwap/435_456.mp4,1,FAKE,FaceSwap,435
436_526,/Users/nihaldastagiri/Desktop/Major Project/FaceForensics++_C23/FaceSwap/436_526.mp4,1,FAKE,FaceSwap,436
437_360,/Users/nihaldastagiri/Desktop/Major Project/FaceForensics++_C23/FaceSwap/437_360.mp4,1,FAKE,FaceSwap,437
438_434,/Users/nihaldastagiri/Desktop/Major Project/FaceForensics++_C23/FaceSwap/438_434.mp4,1,FAKE,FaceSwap,438
439_441,/Users/nihaldastagiri/Desktop/Major Project/FaceForensics++_C23/FaceSwap/439_441.mp4,1,FAKE,FaceSwap,439
440_364,/Users/nihaldastagiri/Desktop/Major Project/FaceForensics++_C23/FaceSwap/440_364.mp4,1,FAKE,FaceSwap,440
441_439,/Users/nihaldastagiri/Desktop/Major Project/FaceForensics++_C23/FaceSwap/441_439.mp4,1,FAKE,FaceSwap,441
442_195,/Users/nihaldastagiri/Desktop/Major Project/FaceForensics++_C23/FaceSwap/442_195.mp4,1,FAKE,FaceSwap,442
443_514,/Users/nihaldastagiri/Desktop/Major Project/FaceForensics++_C23/FaceSwap/443_514.mp4,1,FAKE,FaceSwap,443
444_655,/Users/nihaldastagiri/Desktop/Major Project/FaceForensics++_C23/FaceSwap/444_655.mp4,1,FAKE,FaceSwap,444
445_494,/Users/nihaldastagiri/Desktop/Major Project/FaceForensics++_C23/FaceSwap/445_494.mp4,1,FAKE,FaceSwap,445
446_667,/Users/nihaldastagiri/Desktop/Major Project/FaceForensics++_C23/FaceSwap/446_667.mp4,1,FAKE,FaceSwap,446
447_431,/Users/nihaldastagiri/Desktop/Major Project/FaceForensics++_C23/FaceSwap/447_431.mp4,1,FAKE,FaceSwap,447
448_361,/Users/nihaldastagiri/Desktop/Major Project/FaceForensics++_C23/FaceSwap/448_361.mp4,1,FAKE,FaceSwap,448
449_451,/Users/nihaldastagiri/Desktop/Major Project/FaceForensics++_C23/FaceSwap/449_451.mp4,1,FAKE,FaceSwap,449
450_533,/Users/nihaldastagiri/Desktop/Major Project/FaceForensics++_C23/FaceSwap/450_533.mp4,1,FAKE,FaceSwap,450
451_449,/Users/nihaldastagiri/Desktop/Major Project/FaceForensics++_C23/FaceSwap/451_449.mp4,1,FAKE,FaceSwap,451
452_550,/Users/nihaldastagiri/Desktop/Major Project/FaceForensics++_C23/FaceSwap/452_550.mp4,1,FAKE,FaceSwap,452
453_402,/Users/nihaldastagiri/Desktop/Major Project/FaceForensics++_C23/FaceSwap/453_402.mp4,1,FAKE,FaceSwap,453
454_527,/Users/nihaldastagiri/Desktop/Major Project/FaceForensics++_C23/FaceSwap/454_527.mp4,1,FAKE,FaceSwap,454
455_471,/Users/nihaldastagiri/Desktop/Major Project/FaceForensics++_C23/FaceSwap/455_471.mp4,1,FAKE,FaceSwap,455
456_435,/Users/nihaldastagiri/Desktop/Major Project/FaceForensics++_C23/FaceSwap/456_435.mp4,1,FAKE,FaceSwap,456
457_398,/Users/nihaldastagiri/Desktop/Major Project/FaceForensics++_C23/FaceSwap/457_398.mp4,1,FAKE,FaceSwap,457
458_722,/Users/nihaldastagiri/Desktop/Major Project/FaceForensics++_C23/FaceSwap/458_722.mp4,1,FAKE,FaceSwap,458
459_430,/Users/nihaldastagiri/Desktop/Major Project/FaceForensics++_C23/FaceSwap/459_430.mp4,1,FAKE,FaceSwap,459
460_678,/Users/nihaldastagiri/Desktop/Major Project/FaceForensics++_C23/FaceSwap/460_678.mp4,1,FAKE,FaceSwap,460
461_250,/Users/nihaldastagiri/Desktop/Major Project/FaceForensics++_C23/FaceSwap/461_250.mp4,1,FAKE,FaceSwap,461
462_467,/Users/nihaldastagiri/Desktop/Major Project/FaceForensics++_C23/FaceSwap/462_467.mp4,1,FAKE,FaceSwap,462
463_464,/Users/nihaldastagiri/Desktop/Major Project/FaceForensics++_C23/FaceSwap/463_464.mp4,1,FAKE,FaceSwap,463
464_463,/Users/nihaldastagiri/Desktop/Major Project/FaceForensics++_C23/FaceSwap/464_463.mp4,1,FAKE,FaceSwap,464
465_482,/Users/nihaldastagiri/Desktop/Major Project/FaceForensics++_C23/FaceSwap/465_482.mp4,1,FAKE,FaceSwap,465
466_428,/Users/nihaldastagiri/Desktop/Major Project/FaceForensics++_C23/FaceSwap/466_428.mp4,1,FAKE,FaceSwap,466
467_462,/Users/nihaldastagiri/Desktop/Major Project/FaceForensics++_C23/FaceSwap/467_462.mp4,1,FAKE,FaceSwap,467
468_470,/Users/nihaldastagiri/Desktop/Major Project/FaceForensics++_C23/FaceSwap/468_470.mp4,1,FAKE,FaceSwap,468
469_481,/Users/nihaldastagiri/Desktop/Major Project/FaceForensics++_C23/FaceSwap/469_481.mp4,1,FAKE,FaceSwap,469
470_468,/Users/nihaldastagiri/Desktop/Major Project/FaceForensics++_C23/FaceSwap/470_468.mp4,1,FAKE,FaceSwap,470
471_455,/Users/nihaldastagiri/Desktop/Major Project/FaceForensics++_C23/FaceSwap/471_455.mp4,1,FAKE,FaceSwap,471
472_511,/Users/nihaldastagiri/Desktop/Major Project/FaceForensics++_C23/FaceSwap/472_511.mp4,1,FAKE,FaceSwap,472
473_366,/Users/nihaldastagiri/Desktop/Major Project/FaceForensics++_C23/FaceSwap/473_366.mp4,1,FAKE,FaceSwap,473
474_281,/Users/nihaldastagiri/Desktop/Major Project/FaceForensics++_C23/FaceSwap/474_281.mp4,1,FAKE,FaceSwap,474
475_265,/Users/nihaldastagiri/Desktop/Major Project/FaceForensics++_C23/FaceSwap/475_265.mp4,1,FAKE,FaceSwap,475
476_400,/Users/nihaldastagiri/Desktop/Major Project/FaceForensics++_C23/FaceSwap/476_400.mp4,1,FAKE,FaceSwap,476
477_487,/Users/nihaldastagiri/Desktop/Major Project/FaceForensics++_C23/FaceSwap/477_487.mp4,1,FAKE,FaceSwap,477
478_506,/Users/nihaldastagiri/Desktop/Major Project/FaceForensics++_C23/FaceSwap/478_506.mp4,1,FAKE,FaceSwap,478
479_706,/Users/nihaldastagiri/Desktop/Major Project/FaceForensics++_C23/FaceSwap/479_706.mp4,1,FAKE,FaceSwap,479
480_389,/Users/nihaldastagiri/Desktop/Major Project/FaceForensics++_C23/FaceSwap/480_389.mp4,1,FAKE,FaceSwap,480
481_469,/Users/nihaldastagiri/Desktop/Major Project/FaceForensics++_C23/FaceSwap/481_469.mp4,1,FAKE,FaceSwap,481
482_465,/Users/nihaldastagiri/Desktop/Major Project/FaceForensics++_C23/FaceSwap/482_465.mp4,1,FAKE,FaceSwap,482
483_370,/Users/nihaldastagiri/Desktop/Major Project/FaceForensics++_C23/FaceSwap/483_370.mp4,1,FAKE,FaceSwap,483
484_415,/Users/nihaldastagiri/Desktop/Major Project/FaceForensics++_C23/FaceSwap/484_415.mp4,1,FAKE,FaceSwap,484
485_425,/Users/nihaldastagiri/Desktop/Major Project/FaceForensics++_C23/FaceSwap/485_425.mp4,1,FAKE,FaceSwap,485
486_680,/Users/nihaldastagiri/Desktop/Major Project/FaceForensics++_C23/FaceSwap/486_680.mp4,1,FAKE,FaceSwap,486
487_477,/Users/nihaldastagiri/Desktop/Major Project/FaceForensics++_C23/FaceSwap/487_477.mp4,1,FAKE,FaceSwap,487
488_399,/Users/nihaldastagiri/Desktop/Major Project/FaceForensics++_C23/FaceSwap/488_399.mp4,1,FAKE,FaceSwap,488
489_022,/Users/nihaldastagiri/Desktop/Major Project/FaceForensics++_C23/FaceSwap/489_022.mp4,1,FAKE,FaceSwap,489
490_534,/Users/nihaldastagiri/Desktop/Major Project/FaceForensics++_C23/FaceSwap/490_534.mp4,1,FAKE,FaceSwap,490
491_226,/Users/nihaldastagiri/Desktop/Major Project/FaceForensics++_C23/FaceSwap/491_226.mp4,1,FAKE,FaceSwap,491
492_325,/Users/nihaldastagiri/Desktop/Major Project/FaceForensics++_C23/FaceSwap/492_325.mp4,1,FAKE,FaceSwap,492
493_538,/Users/nihaldastagiri/Desktop/Major Project/FaceForensics++_C23/FaceSwap/493_538.mp4,1,FAKE,FaceSwap,493
494_445,/Users/nihaldastagiri/Desktop/Major Project/FaceForensics++_C23/FaceSwap/494_445.mp4,1,FAKE,FaceSwap,494
495_512,/Users/nihaldastagiri/Desktop/Major Project/FaceForensics++_C23/FaceSwap/495_512.mp4,1,FAKE,FaceSwap,495
496_417,/Users/nihaldastagiri/Desktop/Major Project/FaceForensics++_C23/FaceSwap/496_417.mp4,1,FAKE,FaceSwap,496
497_403,/Users/nihaldastagiri/Desktop/Major Project/FaceForensics++_C23/FaceSwap/497_403.mp4,1,FAKE,FaceSwap,497
498_433,/Users/nihaldastagiri/Desktop/Major Project/FaceForensics++_C23/FaceSwap/498_433.mp4,1,FAKE,FaceSwap,498
499_539,/Users/nihaldastagiri/Desktop/Major Project/FaceForensics++_C23/FaceSwap/499_539.mp4,1,FAKE,FaceSwap,499
500_592,/Users/nihaldastagiri/Desktop/Major Project/FaceForensics++_C23/FaceSwap/500_592.mp4,1,FAKE,FaceSwap,500
501_326,/Users/nihaldastagiri/Desktop/Major Project/FaceForensics++_C23/FaceSwap/501_326.mp4,1,FAKE,FaceSwap,501
502_504,/Users/nihaldastagiri/Desktop/Major Project/FaceForensics++_C23/FaceSwap/502_504.mp4,1,FAKE,FaceSwap,502
503_756,/Users/nihaldastagiri/Desktop/Major Project/FaceForensics++_C23/FaceSwap/503_756.mp4,1,FAKE,FaceSwap,503
504_502,/Users/nihaldastagiri/Desktop/Major Project/FaceForensics++_C23/FaceSwap/504_502.mp4,1,FAKE,FaceSwap,504
505_600,/Users/nihaldastagiri/Desktop/Major Project/FaceForensics++_C23/FaceSwap/505_600.mp4,1,FAKE,FaceSwap,505
506_478,/Users/nihaldastagiri/Desktop/Major Project/FaceForensics++_C23/FaceSwap/506_478.mp4,1,FAKE,FaceSwap,506
507_418,/Users/nihaldastagiri/Desktop/Major Project/FaceForensics++_C23/FaceSwap/507_418.mp4,1,FAKE,FaceSwap,507
508_831,/Users/nihaldastagiri/Desktop/Major Project/FaceForensics++_C23/FaceSwap/508_831.mp4,1,FAKE,FaceSwap,508
509_525,/Users/nihaldastagiri/Desktop/Major Project/FaceForensics++_C23/FaceSwap/509_525.mp4,1,FAKE,FaceSwap,509
510_528,/Users/nihaldastagiri/Desktop/Major Project/FaceForensics++_C23/FaceSwap/510_528.mp4,1,FAKE,FaceSwap,510
511_472,/Users/nihaldastagiri/Desktop/Major Project/FaceForensics++_C23/FaceSwap/511_472.mp4,1,FAKE,FaceSwap,511
512_495,/Users/nihaldastagiri/Desktop/Major Project/FaceForensics++_C23/FaceSwap/512_495.mp4,1,FAKE,FaceSwap,512
513_305,/Users/nihaldastagiri/Desktop/Major Project/FaceForensics++_C23/FaceSwap/513_305.mp4,1,FAKE,FaceSwap,513
514_443,/Users/nihaldastagiri/Desktop/Major Project/FaceForensics++_C23/FaceSwap/514_443.mp4,1,FAKE,FaceSwap,514
515_519,/Users/nihaldastagiri/Desktop/Major Project/FaceForensics++_C23/FaceSwap/515_519.mp4,1,FAKE,FaceSwap,515
516_555,/Users/nihaldastagiri/Desktop/Major Project/FaceForensics++_C23/FaceSwap/516_555.mp4,1,FAKE,FaceSwap,516
517_521,/Users/nihaldastagiri/Desktop/Major Project/FaceForensics++_C23/FaceSwap/517_521.mp4,1,FAKE,FaceSwap,517
518_131,/Users/nihaldastagiri/Desktop/Major Project/FaceForensics++_C23/FaceSwap/518_131.mp4,1,FAKE,FaceSwap,518
519_515,/Users/nihaldastagiri/Desktop/Major Project/FaceForensics++_C23/FaceSwap/519_515.mp4,1,FAKE,FaceSwap,519
520_542,/Users/nihaldastagiri/Desktop/Major Project/FaceForensics++_C23/FaceSwap/520_542.mp4,1,FAKE,FaceSwap,520
521_517,/Users/nihaldastagiri/Desktop/Major Project/FaceForensics++_C23/FaceSwap/521_517.mp4,1,FAKE,FaceSwap,521
522_337,/Users/nihaldastagiri/Desktop/Major Project/FaceForensics++_C23/FaceSwap/522_337.mp4,1,FAKE,FaceSwap,522
523_541,/Users/nihaldastagiri/Desktop/Major Project/FaceForensics++_C23/FaceSwap/523_541.mp4,1,FAKE,FaceSwap,523
524_580,/Users/nihaldastagiri/Desktop/Major Project/FaceForensics++_C23/FaceSwap/524_580.mp4,1,FAKE,FaceSwap,524
525_509,/Users/nihaldastagiri/Desktop/Major Project/FaceForensics++_C23/FaceSwap/525_509.mp4,1,FAKE,FaceSwap,525
526_436,/Users/nihaldastagiri/Desktop/Major Project/FaceForensics++_C23/FaceSwap/526_436.mp4,1,FAKE,FaceSwap,526
527_454,/Users/nihaldastagiri/Desktop/Major Project/FaceForensics++_C23/FaceSwap/527_454.mp4,1,FAKE,FaceSwap,527
528_510,/Users/nihaldastagiri/Desktop/Major Project/FaceForensics++_C23/FaceSwap/528_510.mp4,1,FAKE,FaceSwap,528
529_633,/Users/nihaldastagiri/Desktop/Major Project/FaceForensics++_C23/FaceSwap/529_633.mp4,1,FAKE,FaceSwap,529
530_594,/Users/nihaldastagiri/Desktop/Major Project/FaceForensics++_C23/FaceSwap/530_594.mp4,1,FAKE,FaceSwap,530
531_549,/Users/nihaldastagiri/Desktop/Major Project/FaceForensics++_C23/FaceSwap/531_549.mp4,1,FAKE,FaceSwap,531
532_544,/Users/nihaldastagiri/Desktop/Major Project/FaceForensics++_C23/FaceSwap/532_544.mp4,1,FAKE,FaceSwap,532
533_450,/Users/nihaldastagiri/Desktop/Major Project/FaceForensics++_C23/FaceSwap/533_450.mp4,1,FAKE,FaceSwap,533
534_490,/Users/nihaldastagiri/Desktop/Major Project/FaceForensics++_C23/FaceSwap/534_490.mp4,1,FAKE,FaceSwap,534
535_587,/Users/nihaldastagiri/Desktop/Major Project/FaceForensics++_C23/FaceSwap/535_587.mp4,1,FAKE,FaceSwap,535
536_540,/Users/nihaldastagiri/Desktop/Major Project/FaceForensics++_C23/FaceSwap/536_540.mp4,1,FAKE,FaceSwap,536
537_563,/Users/nihaldastagiri/Desktop/Major Project/FaceForensics++_C23/FaceSwap/537_563.mp4,1,FAKE,FaceSwap,537
538_493,/Users/nihaldastagiri/Desktop/Major Project/FaceForensics++_C23/FaceSwap/538_493.mp4,1,FAKE,FaceSwap,538
539_499,/Users/nihaldastagiri/Desktop/Major Project/FaceForensics++_C23/FaceSwap/539_499.mp4,1,FAKE,FaceSwap,539
540_536,/Users/nihaldastagiri/Desktop/Major Project/FaceForensics++_C23/FaceSwap/540_536.mp4,1,FAKE,FaceSwap,540
541_523,/Users/nihaldastagiri/Desktop/Major Project/FaceForensics++_C23/FaceSwap/541_523.mp4,1,FAKE,FaceSwap,541
542_520,/Users/nihaldastagiri/Desktop/Major Project/FaceForensics++_C23/FaceSwap/542_520.mp4,1,FAKE,FaceSwap,542
543_559,/Users/nihaldastagiri/Desktop/Major Project/FaceForensics++_C23/FaceSwap/543_559.mp4,1,FAKE,FaceSwap,543
544_532,/Users/nihaldastagiri/Desktop/Major Project/FaceForensics++_C23/FaceSwap/544_532.mp4,1,FAKE,FaceSwap,544
545_553,/Users/nihaldastagiri/Desktop/Major Project/FaceForensics++_C23/FaceSwap/545_553.mp4,1,FAKE,FaceSwap,545
546_621,/Users/nihaldastagiri/Desktop/Major Project/FaceForensics++_C23/FaceSwap/546_621.mp4,1,FAKE,FaceSwap,546
547_574,/Users/nihaldastagiri/Desktop/Major Project/FaceForensics++_C23/FaceSwap/547_574.mp4,1,FAKE,FaceSwap,547
548_632,/Users/nihaldastagiri/Desktop/Major Project/FaceForensics++_C23/FaceSwap/548_632.mp4,1,FAKE,FaceSwap,548
549_531,/Users/nihaldastagiri/Desktop/Major Project/FaceForensics++_C23/FaceSwap/549_531.mp4,1,FAKE,FaceSwap,549
550_452,/Users/nihaldastagiri/Desktop/Major Project/FaceForensics++_C23/FaceSwap/550_452.mp4,1,FAKE,FaceSwap,550
551_631,/Users/nihaldastagiri/Desktop/Major Project/FaceForensics++_C23/FaceSwap/551_631.mp4,1,FAKE,FaceSwap,551
552_851,/Users/nihaldastagiri/Desktop/Major Project/FaceForensics++_C23/FaceSwap/552_851.mp4,1,FAKE,FaceSwap,552
553_545,/Users/nihaldastagiri/Desktop/Major Project/FaceForensics++_C23/FaceSwap/553_545.mp4,1,FAKE,FaceSwap,553
554_572,/Users/nihaldastagiri/Desktop/Major Project/FaceForensics++_C23/FaceSwap/554_572.mp4,1,FAKE,FaceSwap,554
555_516,/Users/nihaldastagiri/Desktop/Major Project/FaceForensics++_C23/FaceSwap/555_516.mp4,1,FAKE,FaceSwap,555
556_588,/Users/nihaldastagiri/Desktop/Major Project/FaceForensics++_C23/FaceSwap/556_588.mp4,1,FAKE,FaceSwap,556
557_560,/Users/nihaldastagiri/Desktop/Major Project/FaceForensics++_C23/FaceSwap/557_560.mp4,1,FAKE,FaceSwap,557
558_583,/Users/nihaldastagiri/Desktop/Major Project/FaceForensics++_C23/FaceSwap/558_583.mp4,1,FAKE,FaceSwap,558
559_543,/Users/nihaldastagiri/Desktop/Major Project/FaceForensics++_C23/FaceSwap/559_543.mp4,1,FAKE,FaceSwap,559
560_557,/Users/nihaldastagiri/Desktop/Major Project/FaceForensics++_C23/FaceSwap/560_557.mp4,1,FAKE,FaceSwap,560
561_998,/Users/nihaldastagiri/Desktop/Major Project/FaceForensics++_C23/FaceSwap/561_998.mp4,1,FAKE,FaceSwap,561
562_626,/Users/nihaldastagiri/Desktop/Major Project/FaceForensics++_C23/FaceSwap/562_626.mp4,1,FAKE,FaceSwap,562
563_537,/Users/nihaldastagiri/Desktop/Major Project/FaceForensics++_C23/FaceSwap/563_537.mp4,1,FAKE,FaceSwap,563
564_971,/Users/nihaldastagiri/Desktop/Major Project/FaceForensics++_C23/FaceSwap/564_971.mp4,1,FAKE,FaceSwap,564
565_589,/Users/nihaldastagiri/Desktop/Major Project/FaceForensics++_C23/FaceSwap/565_589.mp4,1,FAKE,FaceSwap,565
566_617,/Users/nihaldastagiri/Desktop/Major Project/FaceForensics++_C23/FaceSwap/566_617.mp4,1,FAKE,FaceSwap,566
567_606,/Users/nihaldastagiri/Desktop/Major Project/FaceForensics++_C23/FaceSwap/567_606.mp4,1,FAKE,FaceSwap,567
568_628,/Users/nihaldastagiri/Desktop/Major Project/FaceForensics++_C23/FaceSwap/568_628.mp4,1,FAKE,FaceSwap,568
569_921,/Users/nihaldastagiri/Desktop/Major Project/FaceForensics++_C23/FaceSwap/569_921.mp4,1,FAKE,FaceSwap,569
570_624,/Users/nihaldastagiri/Desktop/Major Project/FaceForensics++_C23/FaceSwap/570_624.mp4,1,FAKE,FaceSwap,570
571_746,/Users/nihaldastagiri/Desktop/Major Project/FaceForensics++_C23/FaceSwap/571_746.mp4,1,FAKE,FaceSwap,571
572_554,/Users/nihaldastagiri/Desktop/Major Project/FaceForensics++_C23/FaceSwap/572_554.mp4,1,FAKE,FaceSwap,572
573_757,/Users/nihaldastagiri/Desktop/Major Project/FaceForensics++_C23/FaceSwap/573_757.mp4,1,FAKE,FaceSwap,573
574_547,/Users/nihaldastagiri/Desktop/Major Project/FaceForensics++_C23/FaceSwap/574_547.mp4,1,FAKE,FaceSwap,574
575_603,/Users/nihaldastagiri/Desktop/Major Project/FaceForensics++_C23/FaceSwap/575_603.mp4,1,FAKE,FaceSwap,575
576_155,/Users/nihaldastagiri/Desktop/Major Project/FaceForensics++_C23/FaceSwap/576_155.mp4,1,FAKE,FaceSwap,576
577_593,/Users/nihaldastagiri/Desktop/Major Project/FaceForensics++_C23/FaceSwap/577_593.mp4,1,FAKE,FaceSwap,577
578_636,/Users/nihaldastagiri/Desktop/Major Project/FaceForensics++_C23/FaceSwap/578_636.mp4,1,FAKE,FaceSwap,578
579_701,/Users/nihaldastagiri/Desktop/Major Project/FaceForensics++_C23/FaceSwap/579_701.mp4,1,FAKE,FaceSwap,579
580_524,/Users/nihaldastagiri/Desktop/Major Project/FaceForensics++_C23/FaceSwap/580_524.mp4,1,FAKE,FaceSwap,580
581_697,/Users/nihaldastagiri/Desktop/Major Project/FaceForensics++_C23/FaceSwap/581_697.mp4,1,FAKE,FaceSwap,581
582_172,/Users/nihaldastagiri/Desktop/Major Project/FaceForensics++_C23/FaceSwap/582_172.mp4,1,FAKE,FaceSwap,582
583_558,/Users/nihaldastagiri/Desktop/Major Project/FaceForensics++_C23/FaceSwap/583_558.mp4,1,FAKE,FaceSwap,583
584_823,/Users/nihaldastagiri/Desktop/Major Project/FaceForensics++_C23/FaceSwap/584_823.mp4,1,FAKE,FaceSwap,584
585_599,/Users/nihaldastagiri/Desktop/Major Project/FaceForensics++_C23/FaceSwap/585_599.mp4,1,FAKE,FaceSwap,585
586_223,/Users/nihaldastagiri/Desktop/Major Project/FaceForensics++_C23/FaceSwap/586_223.mp4,1,FAKE,FaceSwap,586
587_535,/Users/nihaldastagiri/Desktop/Major Project/FaceForensics++_C23/FaceSwap/587_535.mp4,1,FAKE,FaceSwap,587
588_556,/Users/nihaldastagiri/Desktop/Major Project/FaceForensics++_C23/FaceSwap/588_556.mp4,1,FAKE,FaceSwap,588
589_565,/Users/nihaldastagiri/Desktop/Major Project/FaceForensics++_C23/FaceSwap/589_565.mp4,1,FAKE,FaceSwap,589
590_034,/Users/nihaldastagiri/Desktop/Major Project/FaceForensics++_C23/FaceSwap/590_034.mp4,1,FAKE,FaceSwap,590
591_605,/Users/nihaldastagiri/Desktop/Major Project/FaceForensics++_C23/FaceSwap/591_605.mp4,1,FAKE,FaceSwap,591
592_500,/Users/nihaldastagiri/Desktop/Major Project/FaceForensics++_C23/FaceSwap/592_500.mp4,1,FAKE,FaceSwap,592
593_577,/Users/nihaldastagiri/Desktop/Major Project/FaceForensics++_C23/FaceSwap/593_577.mp4,1,FAKE,FaceSwap,593
594_530,/Users/nihaldastagiri/Desktop/Major Project/FaceForensics++_C23/FaceSwap/594_530.mp4,1,FAKE,FaceSwap,594
595_597,/Users/nihaldastagiri/Desktop/Major Project/FaceForensics++_C23/FaceSwap/595_597.mp4,1,FAKE,FaceSwap,595
596_609,/Users/nihaldastagiri/Desktop/Major Project/FaceForensics++_C23/FaceSwap/596_609.mp4,1,FAKE,FaceSwap,596
597_595,/Users/nihaldastagiri/Desktop/Major Project/FaceForensics++_C23/FaceSwap/597_595.mp4,1,FAKE,FaceSwap,597
598_178,/Users/nihaldastagiri/Desktop/Major Project/FaceForensics++_C23/FaceSwap/598_178.mp4,1,FAKE,FaceSwap,598
599_585,/Users/nihaldastagiri/Desktop/Major Project/FaceForensics++_C23/FaceSwap/599_585.mp4,1,FAKE,FaceSwap,599
600_505,/Users/nihaldastagiri/Desktop/Major Project/FaceForensics++_C23/FaceSwap/600_505.mp4,1,FAKE,FaceSwap,600
601_653,/Users/nihaldastagiri/Desktop/Major Project/FaceForensics++_C23/FaceSwap/601_653.mp4,1,FAKE,FaceSwap,601
602_397,/Users/nihaldastagiri/Desktop/Major Project/FaceForensics++_C23/FaceSwap/602_397.mp4,1,FAKE,FaceSwap,602
603_575,/Users/nihaldastagiri/Desktop/Major Project/FaceForensics++_C23/FaceSwap/603_575.mp4,1,FAKE,FaceSwap,603
604_703,/Users/nihaldastagiri/Desktop/Major Project/FaceForensics++_C23/FaceSwap/604_703.mp4,1,FAKE,FaceSwap,604
605_591,/Users/nihaldastagiri/Desktop/Major Project/FaceForensics++_C23/FaceSwap/605_591.mp4,1,FAKE,FaceSwap,605
606_567,/Users/nihaldastagiri/Desktop/Major Project/FaceForensics++_C23/FaceSwap/606_567.mp4,1,FAKE,FaceSwap,606
607_683,/Users/nihaldastagiri/Desktop/Major Project/FaceForensics++_C23/FaceSwap/607_683.mp4,1,FAKE,FaceSwap,607
608_675,/Users/nihaldastagiri/Desktop/Major Project/FaceForensics++_C23/FaceSwap/608_675.mp4,1,FAKE,FaceSwap,608
609_596,/Users/nihaldastagiri/Desktop/Major Project/FaceForensics++_C23/FaceSwap/609_596.mp4,1,FAKE,FaceSwap,609
610_692,/Users/nihaldastagiri/Desktop/Major Project/FaceForensics++_C23/FaceSwap/610_692.mp4,1,FAKE,FaceSwap,610
611_760,/Users/nihaldastagiri/Desktop/Major Project/FaceForensics++_C23/FaceSwap/611_760.mp4,1,FAKE,FaceSwap,611
612_702,/Users/nihaldastagiri/Desktop/Major Project/FaceForensics++_C23/FaceSwap/612_702.mp4,1,FAKE,FaceSwap,612
613_685,/Users/nihaldastagiri/Desktop/Major Project/FaceForensics++_C23/FaceSwap/613_685.mp4,1,FAKE,FaceSwap,613
614_616,/Users/nihaldastagiri/Desktop/Major Project/FaceForensics++_C23/FaceSwap/614_616.mp4,1,FAKE,FaceSwap,614
615_687,/Users/nihaldastagiri/Desktop/Major Project/FaceForensics++_C23/FaceSwap/615_687.mp4,1,FAKE,FaceSwap,615
616_614,/Users/nihaldastagiri/Desktop/Major Project/FaceForensics++_C23/FaceSwap/616_614.mp4,1,FAKE,FaceSwap,616
617_566,/Users/nihaldastagiri/Desktop/Major Project/FaceForensics++_C23/FaceSwap/617_566.mp4,1,FAKE,FaceSwap,617
618_629,/Users/nihaldastagiri/Desktop/Major Project/FaceForensics++_C23/FaceSwap/618_629.mp4,1,FAKE,FaceSwap,618
619_620,/Users/nihaldastagiri/Desktop/Major Project/FaceForensics++_C23/FaceSwap/619_620.mp4,1,FAKE,FaceSwap,619
620_619,/Users/nihaldastagiri/Desktop/Major Project/FaceForensics++_C23/FaceSwap/620_619.mp4,1,FAKE,FaceSwap,620
621_546,/Users/nihaldastagiri/Desktop/Major Project/FaceForensics++_C23/FaceSwap/621_546.mp4,1,FAKE,FaceSwap,621
622_647,/Users/nihaldastagiri/Desktop/Major Project/FaceForensics++_C23/FaceSwap/622_647.mp4,1,FAKE,FaceSwap,622
623_630,/Users/nihaldastagiri/Desktop/Major Project/FaceForensics++_C23/FaceSwap/623_630.mp4,1,FAKE,FaceSwap,623
624_570,/Users/nihaldastagiri/Desktop/Major Project/FaceForensics++_C23/FaceSwap/624_570.mp4,1,FAKE,FaceSwap,624
625_650,/Users/nihaldastagiri/Desktop/Major Project/FaceForensics++_C23/FaceSwap/625_650.mp4,1,FAKE,FaceSwap,625
626_562,/Users/nihaldastagiri/Desktop/Major Project/FaceForensics++_C23/FaceSwap/626_562.mp4,1,FAKE,FaceSwap,626
627_658,/Users/nihaldastagiri/Desktop/Major Project/FaceForensics++_C23/FaceSwap/627_658.mp4,1,FAKE,FaceSwap,627
628_568,/Users/nihaldastagiri/Desktop/Major Project/FaceForensics++_C23/FaceSwap/628_568.mp4,1,FAKE,FaceSwap,628
629_618,/Users/nihaldastagiri/Desktop/Major Project/FaceForensics++_C23/FaceSwap/629_618.mp4,1,FAKE,FaceSwap,629
630_623,/Users/nihaldastagiri/Desktop/Major Project/FaceForensics++_C23/FaceSwap/630_623.mp4,1,FAKE,FaceSwap,630
631_551,/Users/nihaldastagiri/Desktop/Major Project/FaceForensics++_C23/FaceSwap/631_551.mp4,1,FAKE,FaceSwap,631
632_548,/Users/nihaldastagiri/Desktop/Major Project/FaceForensics++_C23/FaceSwap/632_548.mp4,1,FAKE,FaceSwap,632
633_529,/Users/nihaldastagiri/Desktop/Major Project/FaceForensics++_C23/FaceSwap/633_529.mp4,1,FAKE,FaceSwap,633
634_660,/Users/nihaldastagiri/Desktop/Major Project/FaceForensics++_C23/FaceSwap/634_660.mp4,1,FAKE,FaceSwap,634
635_642,/Users/nihaldastagiri/Desktop/Major Project/FaceForensics++_C23/FaceSwap/635_642.mp4,1,FAKE,FaceSwap,635
636_578,/Users/nihaldastagiri/Desktop/Major Project/FaceForensics++_C23/FaceSwap/636_578.mp4,1,FAKE,FaceSwap,636
637_427,/Users/nihaldastagiri/Desktop/Major Project/FaceForensics++_C23/FaceSwap/637_427.mp4,1,FAKE,FaceSwap,637
638_640,/Users/nihaldastagiri/Desktop/Major Project/FaceForensics++_C23/FaceSwap/638_640.mp4,1,FAKE,FaceSwap,638
639_841,/Users/nihaldastagiri/Desktop/Major Project/FaceForensics++_C23/FaceSwap/639_841.mp4,1,FAKE,FaceSwap,639
640_638,/Users/nihaldastagiri/Desktop/Major Project/FaceForensics++_C23/FaceSwap/640_638.mp4,1,FAKE,FaceSwap,640
641_662,/Users/nihaldastagiri/Desktop/Major Project/FaceForensics++_C23/FaceSwap/641_662.mp4,1,FAKE,FaceSwap,641
642_635,/Users/nihaldastagiri/Desktop/Major Project/FaceForensics++_C23/FaceSwap/642_635.mp4,1,FAKE,FaceSwap,642
643_646,/Users/nihaldastagiri/Desktop/Major Project/FaceForensics++_C23/FaceSwap/643_646.mp4,1,FAKE,FaceSwap,643
644_657,/Users/nihaldastagiri/Desktop/Major Project/FaceForensics++_C23/FaceSwap/644_657.mp4,1,FAKE,FaceSwap,644
645_688,/Users/nihaldastagiri/Desktop/Major Project/FaceForensics++_C23/FaceSwap/645_688.mp4,1,FAKE,FaceSwap,645
646_643,/Users/nihaldastagiri/Desktop/Major Project/FaceForensics++_C23/FaceSwap/646_643.mp4,1,FAKE,FaceSwap,646
647_622,/Users/nihaldastagiri/Desktop/Major Project/FaceForensics++_C23/FaceSwap/647_622.mp4,1,FAKE,FaceSwap,647
648_654,/Users/nihaldastagiri/Desktop/Major Project/FaceForensics++_C23/FaceSwap/648_654.mp4,1,FAKE,FaceSwap,648
649_816,/Users/nihaldastagiri/Desktop/Major Project/FaceForensics++_C23/FaceSwap/649_816.mp4,1,FAKE,FaceSwap,649
650_625,/Users/nihaldastagiri/Desktop/Major Project/FaceForensics++_C23/FaceSwap/650_625.mp4,1,FAKE,FaceSwap,650
651_835,/Users/nihaldastagiri/Desktop/Major Project/FaceForensics++_C23/FaceSwap/651_835.mp4,1,FAKE,FaceSwap,651
652_773,/Users/nihaldastagiri/Desktop/Major Project/FaceForensics++_C23/FaceSwap/652_773.mp4,1,FAKE,FaceSwap,652
653_601,/Users/nihaldastagiri/Desktop/Major Project/FaceForensics++_C23/FaceSwap/653_601.mp4,1,FAKE,FaceSwap,653
654_648,/Users/nihaldastagiri/Desktop/Major Project/FaceForensics++_C23/FaceSwap/654_648.mp4,1,FAKE,FaceSwap,654
655_444,/Users/nihaldastagiri/Desktop/Major Project/FaceForensics++_C23/FaceSwap/655_444.mp4,1,FAKE,FaceSwap,655
656_666,/Users/nihaldastagiri/Desktop/Major Project/FaceForensics++_C23/FaceSwap/656_666.mp4,1,FAKE,FaceSwap,656
657_644,/Users/nihaldastagiri/Desktop/Major Project/FaceForensics++_C23/FaceSwap/657_644.mp4,1,FAKE,FaceSwap,657
658_627,/Users/nihaldastagiri/Desktop/Major Project/FaceForensics++_C23/FaceSwap/658_627.mp4,1,FAKE,FaceSwap,658
659_749,/Users/nihaldastagiri/Desktop/Major Project/FaceForensics++_C23/FaceSwap/659_749.mp4,1,FAKE,FaceSwap,659
660_634,/Users/nihaldastagiri/Desktop/Major Project/FaceForensics++_C23/FaceSwap/660_634.mp4,1,FAKE,FaceSwap,660
661_670,/Users/nihaldastagiri/Desktop/Major Project/FaceForensics++_C23/FaceSwap/661_670.mp4,1,FAKE,FaceSwap,661
662_641,/Users/nihaldastagiri/Desktop/Major Project/FaceForensics++_C23/FaceSwap/662_641.mp4,1,FAKE,FaceSwap,662
663_231,/Users/nihaldastagiri/Desktop/Major Project/FaceForensics++_C23/FaceSwap/663_231.mp4,1,FAKE,FaceSwap,663
664_668,/Users/nihaldastagiri/Desktop/Major Project/FaceForensics++_C23/FaceSwap/664_668.mp4,1,FAKE,FaceSwap,664
665_679,/Users/nihaldastagiri/Desktop/Major Project/FaceForensics++_C23/FaceSwap/665_679.mp4,1,FAKE,FaceSwap,665
666_656,/Users/nihaldastagiri/Desktop/Major Project/FaceForensics++_C23/FaceSwap/666_656.mp4,1,FAKE,FaceSwap,666
667_446,/Users/nihaldastagiri/Desktop/Major Project/FaceForensics++_C23/FaceSwap/667_446.mp4,1,FAKE,FaceSwap,667
668_664,/Users/nihaldastagiri/Desktop/Major Project/FaceForensics++_C23/FaceSwap/668_664.mp4,1,FAKE,FaceSwap,668
669_682,/Users/nihaldastagiri/Desktop/Major Project/FaceForensics++_C23/FaceSwap/669_682.mp4,1,FAKE,FaceSwap,669
670_661,/Users/nihaldastagiri/Desktop/Major Project/FaceForensics++_C23/FaceSwap/670_661.mp4,1,FAKE,FaceSwap,670
671_677,/Users/nihaldastagiri/Desktop/Major Project/FaceForensics++_C23/FaceSwap/671_677.mp4,1,FAKE,FaceSwap,671
672_720,/Users/nihaldastagiri/Desktop/Major Project/FaceForensics++_C23/FaceSwap/672_720.mp4,1,FAKE,FaceSwap,672
673_728,/Users/nihaldastagiri/Desktop/Major Project/FaceForensics++_C23/FaceSwap/673_728.mp4,1,FAKE,FaceSwap,673
674_744,/Users/nihaldastagiri/Desktop/Major Project/FaceForensics++_C23/FaceSwap/674_744.mp4,1,FAKE,FaceSwap,674
675_608,/Users/nihaldastagiri/Desktop/Major Project/FaceForensics++_C23/FaceSwap/675_608.mp4,1,FAKE,FaceSwap,675
676_776,/Users/nihaldastagiri/Desktop/Major Project/FaceForensics++_C23/FaceSwap/676_776.mp4,1,FAKE,FaceSwap,676
677_671,/Users/nihaldastagiri/Desktop/Major Project/FaceForensics++_C23/FaceSwap/677_671.mp4,1,FAKE,FaceSwap,677
678_460,/Users/nihaldastagiri/Desktop/Major Project/FaceForensics++_C23/FaceSwap/678_460.mp4,1,FAKE,FaceSwap,678
679_665,/Users/nihaldastagiri/Desktop/Major Project/FaceForensics++_C23/FaceSwap/679_665.mp4,1,FAKE,FaceSwap,679
680_486,/Users/nihaldastagiri/Desktop/Major Project/FaceForensics++_C23/FaceSwap/680_486.mp4,1,FAKE,FaceSwap,680
681_711,/Users/nihaldastagiri/Desktop/Major Project/FaceForensics++_C23/FaceSwap/681_711.mp4,1,FAKE,FaceSwap,681
682_669,/Users/nihaldastagiri/Desktop/Major Project/FaceForensics++_C23/FaceSwap/682_669.mp4,1,FAKE,FaceSwap,682
683_607,/Users/nihaldastagiri/Desktop/Major Project/FaceForensics++_C23/FaceSwap/683_607.mp4,1,FAKE,FaceSwap,683
684_717,/Users/nihaldastagiri/Desktop/Major Project/FaceForensics++_C23/FaceSwap/684_717.mp4,1,FAKE,FaceSwap,684
685_613,/Users/nihaldastagiri/Desktop/Major Project/FaceForensics++_C23/FaceSwap/685_613.mp4,1,FAKE,FaceSwap,685
686_696,/Users/nihaldastagiri/Desktop/Major Project/FaceForensics++_C23/FaceSwap/686_696.mp4,1,FAKE,FaceSwap,686
687_615,/Users/nihaldastagiri/Desktop/Major Project/FaceForensics++_C23/FaceSwap/687_615.mp4,1,FAKE,FaceSwap,687
688_645,/Users/nihaldastagiri/Desktop/Major Project/FaceForensics++_C23/FaceSwap/688_645.mp4,1,FAKE,FaceSwap,688
689_690,/Users/nihaldastagiri/Desktop/Major Project/FaceForensics++_C23/FaceSwap/689_690.mp4,1,FAKE,FaceSwap,689
690_689,/Users/nihaldastagiri/Desktop/Major Project/FaceForensics++_C23/FaceSwap/690_689.mp4,1,FAKE,FaceSwap,690
691_732,/Users/nihaldastagiri/Desktop/Major Project/FaceForensics++_C23/FaceSwap/691_732.mp4,1,FAKE,FaceSwap,691
692_610,/Users/nihaldastagiri/Desktop/Major Project/FaceForensics++_C23/FaceSwap/692_610.mp4,1,FAKE,FaceSwap,692
693_698,/Users/nihaldastagiri/Desktop/Major Project/FaceForensics++_C23/FaceSwap/693_698.mp4,1,FAKE,FaceSwap,693
694_767,/Users/nihaldastagiri/Desktop/Major Project/FaceForensics++_C23/FaceSwap/694_767.mp4,1,FAKE,FaceSwap,694
695_422,/Users/nihaldastagiri/Desktop/Major Project/FaceForensics++_C23/FaceSwap/695_422.mp4,1,FAKE,FaceSwap,695
696_686,/Users/nihaldastagiri/Desktop/Major Project/FaceForensics++_C23/FaceSwap/696_686.mp4,1,FAKE,FaceSwap,696
697_581,/Users/nihaldastagiri/Desktop/Major Project/FaceForensics++_C23/FaceSwap/697_581.mp4,1,FAKE,FaceSwap,697
698_693,/Users/nihaldastagiri/Desktop/Major Project/FaceForensics++_C23/FaceSwap/698_693.mp4,1,FAKE,FaceSwap,698
699_734,/Users/nihaldastagiri/Desktop/Major Project/FaceForensics++_C23/FaceSwap/699_734.mp4,1,FAKE,FaceSwap,699
700_813,/Users/nihaldastagiri/Desktop/Major Project/FaceForensics++_C23/FaceSwap/700_813.mp4,1,FAKE,FaceSwap,700
701_579,/Users/nihaldastagiri/Desktop/Major Project/FaceForensics++_C23/FaceSwap/701_579.mp4,1,FAKE,FaceSwap,701
702_612,/Users/nihaldastagiri/Desktop/Major Project/FaceForensics++_C23/FaceSwap/702_612.mp4,1,FAKE,FaceSwap,702
703_604,/Users/nihaldastagiri/Desktop/Major Project/FaceForensics++_C23/FaceSwap/703_604.mp4,1,FAKE,FaceSwap,703
704_723,/Users/nihaldastagiri/Desktop/Major Project/FaceForensics++_C23/FaceSwap/704_723.mp4,1,FAKE,FaceSwap,704
705_707,/Users/nihaldastagiri/Desktop/Major Project/FaceForensics++_C23/FaceSwap/705_707.mp4,1,FAKE,FaceSwap,705
706_479,/Users/nihaldastagiri/Desktop/Major Project/FaceForensics++_C23/FaceSwap/706_479.mp4,1,FAKE,FaceSwap,706
707_705,/Users/nihaldastagiri/Desktop/Major Project/FaceForensics++_C23/FaceSwap/707_705.mp4,1,FAKE,FaceSwap,707
708_772,/Users/nihaldastagiri/Desktop/Major Project/FaceForensics++_C23/FaceSwap/708_772.mp4,1,FAKE,FaceSwap,708
709_390,/Users/nihaldastagiri/Desktop/Major Project/FaceForensics++_C23/FaceSwap/709_390.mp4,1,FAKE,FaceSwap,709
710_788,/Users/nihaldastagiri/Desktop/Major Project/FaceForensics++_C23/FaceSwap/710_788.mp4,1,FAKE,FaceSwap,710
711_681,/Users/nihaldastagiri/Desktop/Major Project/FaceForensics++_C23/FaceSwap/711_681.mp4,1,FAKE,FaceSwap,711
712_716,/Users/nihaldastagiri/Desktop/Major Project/FaceForensics++_C23/FaceSwap/712_716.mp4,1,FAKE,FaceSwap,712
713_726,/Users/nihaldastagiri/Desktop/Major Project/FaceForensics++_C23/FaceSwap/713_726.mp4,1,FAKE,FaceSwap,713
714_842,/Users/nihaldastagiri/Desktop/Major Project/FaceForensics++_C23/FaceSwap/714_842.mp4,1,FAKE,FaceSwap,714
715_721,/Users/nihaldastagiri/Desktop/Major Project/FaceForensics++_C23/FaceSwap/715_721.mp4,1,FAKE,FaceSwap,715
716_712,/Users/nihaldastagiri/Desktop/Major Project/FaceForensics++_C23/FaceSwap/716_712.mp4,1,FAKE,FaceSwap,716
717_684,/Users/nihaldastagiri/Desktop/Major Project/FaceForensics++_C23/FaceSwap/717_684.mp4,1,FAKE,FaceSwap,717
718_972,/Users/nihaldastagiri/Desktop/Major Project/FaceForensics++_C23/FaceSwap/718_972.mp4,1,FAKE,FaceSwap,718
719_737,/Users/nihaldastagiri/Desktop/Major Project/FaceForensics++_C23/FaceSwap/719_737.mp4,1,FAKE,FaceSwap,719
720_672,/Users/nihaldastagiri/Desktop/Major Project/FaceForensics++_C23/FaceSwap/720_672.mp4,1,FAKE,FaceSwap,720
721_715,/Users/nihaldastagiri/Desktop/Major Project/FaceForensics++_C23/FaceSwap/721_715.mp4,1,FAKE,FaceSwap,721
722_458,/Users/nihaldastagiri/Desktop/Major Project/FaceForensics++_C23/FaceSwap/722_458.mp4,1,FAKE,FaceSwap,722
723_704,/Users/nihaldastagiri/Desktop/Major Project/FaceForensics++_C23/FaceSwap/723_704.mp4,1,FAKE,FaceSwap,723
724_725,/Users/nihaldastagiri/Desktop/Major Project/FaceForensics++_C23/FaceSwap/724_725.mp4,1,FAKE,FaceSwap,724
725_724,/Users/nihaldastagiri/Desktop/Major Project/FaceForensics++_C23/FaceSwap/725_724.mp4,1,FAKE,FaceSwap,725
726_713,/Users/nihaldastagiri/Desktop/Major Project/FaceForensics++_C23/FaceSwap/726_713.mp4,1,FAKE,FaceSwap,726
727_729,/Users/nihaldastagiri/Desktop/Major Project/FaceForensics++_C23/FaceSwap/727_729.mp4,1,FAKE,FaceSwap,727
728_673,/Users/nihaldastagiri/Desktop/Major Project/FaceForensics++_C23/FaceSwap/728_673.mp4,1,FAKE,FaceSwap,728
729_727,/Users/nihaldastagiri/Desktop/Major Project/FaceForensics++_C23/FaceSwap/729_727.mp4,1,FAKE,FaceSwap,729
730_815,/Users/nihaldastagiri/Desktop/Major Project/FaceForensics++_C23/FaceSwap/730_815.mp4,1,FAKE,FaceSwap,730
731_741,/Users/nihaldastagiri/Desktop/Major Project/FaceForensics++_C23/FaceSwap/731_741.mp4,1,FAKE,FaceSwap,731
732_691,/Users/nihaldastagiri/Desktop/Major Project/FaceForensics++_C23/FaceSwap/732_691.mp4,1,FAKE,FaceSwap,732
733_935,/Users/nihaldastagiri/Desktop/Major Project/FaceForensics++_C23/FaceSwap/733_935.mp4,1,FAKE,FaceSwap,733
734_699,/Users/nihaldastagiri/Desktop/Major Project/FaceForensics++_C23/FaceSwap/734_699.mp4,1,FAKE,FaceSwap,734
735_774,/Users/nihaldastagiri/Desktop/Major Project/FaceForensics++_C23/FaceSwap/735_774.mp4,1,FAKE,FaceSwap,735
736_785,/Users/nihaldastagiri/Desktop/Major Project/FaceForensics++_C23/FaceSwap/736_785.mp4,1,FAKE,FaceSwap,736
737_719,/Users/nihaldastagiri/Desktop/Major Project/FaceForensics++_C23/FaceSwap/737_719.mp4,1,FAKE,FaceSwap,737
738_804,/Users/nihaldastagiri/Desktop/Major Project/FaceForensics++_C23/FaceSwap/738_804.mp4,1,FAKE,FaceSwap,738
739_865,/Users/nihaldastagiri/Desktop/Major Project/FaceForensics++_C23/FaceSwap/739_865.mp4,1,FAKE,FaceSwap,739
740_796,/Users/nihaldastagiri/Desktop/Major Project/FaceForensics++_C23/FaceSwap/740_796.mp4,1,FAKE,FaceSwap,740
741_731,/Users/nihaldastagiri/Desktop/Major Project/FaceForensics++_C23/FaceSwap/741_731.mp4,1,FAKE,FaceSwap,741
742_775,/Users/nihaldastagiri/Desktop/Major Project/FaceForensics++_C23/FaceSwap/742_775.mp4,1,FAKE,FaceSwap,742
743_750,/Users/nihaldastagiri/Desktop/Major Project/FaceForensics++_C23/FaceSwap/743_750.mp4,1,FAKE,FaceSwap,743
744_674,/Users/nihaldastagiri/Desktop/Major Project/FaceForensics++_C23/FaceSwap/744_674.mp4,1,FAKE,FaceSwap,744
745_777,/Users/nihaldastagiri/Desktop/Major Project/FaceForensics++_C23/FaceSwap/745_777.mp4,1,FAKE,FaceSwap,745
746_571,/Users/nihaldastagiri/Desktop/Major Project/FaceForensics++_C23/FaceSwap/746_571.mp4,1,FAKE,FaceSwap,746
747_854,/Users/nihaldastagiri/Desktop/Major Project/FaceForensics++_C23/FaceSwap/747_854.mp4,1,FAKE,FaceSwap,747
748_355,/Users/nihaldastagiri/Desktop/Major Project/FaceForensics++_C23/FaceSwap/748_355.mp4,1,FAKE,FaceSwap,748
749_659,/Users/nihaldastagiri/Desktop/Major Project/FaceForensics++_C23/FaceSwap/749_659.mp4,1,FAKE,FaceSwap,749
750_743,/Users/nihaldastagiri/Desktop/Major Project/FaceForensics++_C23/FaceSwap/750_743.mp4,1,FAKE,FaceSwap,750
751_752,/Users/nihaldastagiri/Desktop/Major Project/FaceForensics++_C23/FaceSwap/751_752.mp4,1,FAKE,FaceSwap,751
752_751,/Users/nihaldastagiri/Desktop/Major Project/FaceForensics++_C23/FaceSwap/752_751.mp4,1,FAKE,FaceSwap,752
753_789,/Users/nihaldastagiri/Desktop/Major Project/FaceForensics++_C23/FaceSwap/753_789.mp4,1,FAKE,FaceSwap,753
754_758,/Users/nihaldastagiri/Desktop/Major Project/FaceForensics++_C23/FaceSwap/754_758.mp4,1,FAKE,FaceSwap,754
755_759,/Users/nihaldastagiri/Desktop/Major Project/FaceForensics++_C23/FaceSwap/755_759.mp4,1,FAKE,FaceSwap,755
756_503,/Users/nihaldastagiri/Desktop/Major Project/FaceForensics++_C23/FaceSwap/756_503.mp4,1,FAKE,FaceSwap,756
757_573,/Users/nihaldastagiri/Desktop/Major Project/FaceForensics++_C23/FaceSwap/757_573.mp4,1,FAKE,FaceSwap,757
758_754,/Users/nihaldastagiri/Desktop/Major Project/FaceForensics++_C23/FaceSwap/758_754.mp4,1,FAKE,FaceSwap,758
759_755,/Users/nihaldastagiri/Desktop/Major Project/FaceForensics++_C23/FaceSwap/759_755.mp4,1,FAKE,FaceSwap,759
760_611,/Users/nihaldastagiri/Desktop/Major Project/FaceForensics++_C23/FaceSwap/760_611.mp4,1,FAKE,FaceSwap,760
761_766,/Users/nihaldastagiri/Desktop/Major Project/FaceForensics++_C23/FaceSwap/761_766.mp4,1,FAKE,FaceSwap,761
762_832,/Users/nihaldastagiri/Desktop/Major Project/FaceForensics++_C23/FaceSwap/762_832.mp4,1,FAKE,FaceSwap,762
763_930,/Users/nihaldastagiri/Desktop/Major Project/FaceForensics++_C23/FaceSwap/763_930.mp4,1,FAKE,FaceSwap,763
764_850,/Users/nihaldastagiri/Desktop/Major Project/FaceForensics++_C23/FaceSwap/764_850.mp4,1,FAKE,FaceSwap,764
765_867,/Users/nihaldastagiri/Desktop/Major Project/FaceForensics++_C23/FaceSwap/765_867.mp4,1,FAKE,FaceSwap,765
766_761,/Users/nihaldastagiri/Desktop/Major Project/FaceForensics++_C23/FaceSwap/766_761.mp4,1,FAKE,FaceSwap,766
767_694,/Users/nihaldastagiri/Desktop/Major Project/FaceForensics++_C23/FaceSwap/767_694.mp4,1,FAKE,FaceSwap,767
768_793,/Users/nihaldastagiri/Desktop/Major Project/FaceForensics++_C23/FaceSwap/768_793.mp4,1,FAKE,FaceSwap,768
769_784,/Users/nihaldastagiri/Desktop/Major Project/FaceForensics++_C23/FaceSwap/769_784.mp4,1,FAKE,FaceSwap,769
770_791,/Users/nihaldastagiri/Desktop/Major Project/FaceForensics++_C23/FaceSwap/770_791.mp4,1,FAKE,FaceSwap,770
771_849,/Users/nihaldastagiri/Desktop/Major Project/FaceForensics++_C23/FaceSwap/771_849.mp4,1,FAKE,FaceSwap,771
772_708,/Users/nihaldastagiri/Desktop/Major Project/FaceForensics++_C23/FaceSwap/772_708.mp4,1,FAKE,FaceSwap,772
773_652,/Users/nihaldastagiri/Desktop/Major Project/FaceForensics++_C23/FaceSwap/773_652.mp4,1,FAKE,FaceSwap,773
774_735,/Users/nihaldastagiri/Desktop/Major Project/FaceForensics++_C23/FaceSwap/774_735.mp4,1,FAKE,FaceSwap,774
775_742,/Users/nihaldastagiri/Desktop/Major Project/FaceForensics++_C23/FaceSwap/775_742.mp4,1,FAKE,FaceSwap,775
776_676,/Users/nihaldastagiri/Desktop/Major Project/FaceForensics++_C23/FaceSwap/776_676.mp4,1,FAKE,FaceSwap,776
777_745,/Users/nihaldastagiri/Desktop/Major Project/FaceForensics++_C23/FaceSwap/777_745.mp4,1,FAKE,FaceSwap,777
778_798,/Users/nihaldastagiri/Desktop/Major Project/FaceForensics++_C23/FaceSwap/778_798.mp4,1,FAKE,FaceSwap,778
779_794,/Users/nihaldastagiri/Desktop/Major Project/FaceForensics++_C23/FaceSwap/779_794.mp4,1,FAKE,FaceSwap,779
780_869,/Users/nihaldastagiri/Desktop/Major Project/FaceForensics++_C23/FaceSwap/780_869.mp4,1,FAKE,FaceSwap,780
781_806,/Users/nihaldastagiri/Desktop/Major Project/FaceForensics++_C23/FaceSwap/781_806.mp4,1,FAKE,FaceSwap,781
782_787,/Users/nihaldastagiri/Desktop/Major Project/FaceForensics++_C23/FaceSwap/782_787.mp4,1,FAKE,FaceSwap,782
783_916,/Users/nihaldastagiri/Desktop/Major Project/FaceForensics++_C23/FaceSwap/783_916.mp4,1,FAKE,FaceSwap,783
784_769,/Users/nihaldastagiri/Desktop/Major Project/FaceForensics++_C23/FaceSwap/784_769.mp4,1,FAKE,FaceSwap,784
785_736,/Users/nihaldastagiri/Desktop/Major Project/FaceForensics++_C23/FaceSwap/785_736.mp4,1,FAKE,FaceSwap,785
786_819,/Users/nihaldastagiri/Desktop/Major Project/FaceForensics++_C23/FaceSwap/786_819.mp4,1,FAKE,FaceSwap,786
787_782,/Users/nihaldastagiri/Desktop/Major Project/FaceForensics++_C23/FaceSwap/787_782.mp4,1,FAKE,FaceSwap,787
788_710,/Users/nihaldastagiri/Desktop/Major Project/FaceForensics++_C23/FaceSwap/788_710.mp4,1,FAKE,FaceSwap,788
789_753,/Users/nihaldastagiri/Desktop/Major Project/FaceForensics++_C23/FaceSwap/789_753.mp4,1,FAKE,FaceSwap,789
790_014,/Users/nihaldastagiri/Desktop/Major Project/FaceForensics++_C23/FaceSwap/790_014.mp4,1,FAKE,FaceSwap,790
791_770,/Users/nihaldastagiri/Desktop/Major Project/FaceForensics++_C23/FaceSwap/791_770.mp4,1,FAKE,FaceSwap,791
792_903,/Users/nihaldastagiri/Desktop/Major Project/FaceForensics++_C23/FaceSwap/792_903.mp4,1,FAKE,FaceSwap,792
793_768,/Users/nihaldastagiri/Desktop/Major Project/FaceForensics++_C23/FaceSwap/793_768.mp4,1,FAKE,FaceSwap,793
794_779,/Users/nihaldastagiri/Desktop/Major Project/FaceForensics++_C23/FaceSwap/794_779.mp4,1,FAKE,FaceSwap,794
795_907,/Users/nihaldastagiri/Desktop/Major Project/FaceForensics++_C23/FaceSwap/795_907.mp4,1,FAKE,FaceSwap,795
796_740,/Users/nihaldastagiri/Desktop/Major Project/FaceForensics++_C23/FaceSwap/796_740.mp4,1,FAKE,FaceSwap,796
797_844,/Users/nihaldastagiri/Desktop/Major Project/FaceForensics++_C23/FaceSwap/797_844.mp4,1,FAKE,FaceSwap,797
798_778,/Users/nihaldastagiri/Desktop/Major Project/FaceForensics++_C23/FaceSwap/798_778.mp4,1,FAKE,FaceSwap,798
799_809,/Users/nihaldastagiri/Desktop/Major Project/FaceForensics++_C23/FaceSwap/799_809.mp4,1,FAKE,FaceSwap,799
800_840,/Users/nihaldastagiri/Desktop/Major Project/FaceForensics++_C23/FaceSwap/800_840.mp4,1,FAKE,FaceSwap,800
801_855,/Users/nihaldastagiri/Desktop/Major Project/FaceForensics++_C23/FaceSwap/801_855.mp4,1,FAKE,FaceSwap,801
802_885,/Users/nihaldastagiri/Desktop/Major Project/FaceForensics++_C23/FaceSwap/802_885.mp4,1,FAKE,FaceSwap,802
803_017,/Users/nihaldastagiri/Desktop/Major Project/FaceForensics++_C23/FaceSwap/803_017.mp4,1,FAKE,FaceSwap,803
804_738,/Users/nihaldastagiri/Desktop/Major Project/FaceForensics++_C23/FaceSwap/804_738.mp4,1,FAKE,FaceSwap,804
805_011,/Users/nihaldastagiri/Desktop/Major Project/FaceForensics++_C23/FaceSwap/805_011.mp4,1,FAKE,FaceSwap,805
806_781,/Users/nihaldastagiri/Desktop/Major Project/FaceForensics++_C23/FaceSwap/806_781.mp4,1,FAKE,FaceSwap,806
807_273,/Users/nihaldastagiri/Desktop/Major Project/FaceForensics++_C23/FaceSwap/807_273.mp4,1,FAKE,FaceSwap,807
808_829,/Users/nihaldastagiri/Desktop/Major Project/FaceForensics++_C23/FaceSwap/808_829.mp4,1,FAKE,FaceSwap,808
809_799,/Users/nihaldastagiri/Desktop/Major Project/FaceForensics++_C23/FaceSwap/809_799.mp4,1,FAKE,FaceSwap,809
810_838,/Users/nihaldastagiri/Desktop/Major Project/FaceForensics++_C23/FaceSwap/810_838.mp4,1,FAKE,FaceSwap,810
811_920,/Users/nihaldastagiri/Desktop/Major Project/FaceForensics++_C23/FaceSwap/811_920.mp4,1,FAKE,FaceSwap,811
812_821,/Users/nihaldastagiri/Desktop/Major Project/FaceForensics++_C23/FaceSwap/812_821.mp4,1,FAKE,FaceSwap,812
813_700,/Users/nihaldastagiri/Desktop/Major Project/FaceForensics++_C23/FaceSwap/813_700.mp4,1,FAKE,FaceSwap,813
814_871,/Users/nihaldastagiri/Desktop/Major Project/FaceForensics++_C23/FaceSwap/814_871.mp4,1,FAKE,FaceSwap,814
815_730,/Users/nihaldastagiri/Desktop/Major Project/FaceForensics++_C23/FaceSwap/815_730.mp4,1,FAKE,FaceSwap,815
816_649,/Users/nihaldastagiri/Desktop/Major Project/FaceForensics++_C23/FaceSwap/816_649.mp4,1,FAKE,FaceSwap,816
817_827,/Users/nihaldastagiri/Desktop/Major Project/FaceForensics++_C23/FaceSwap/817_827.mp4,1,FAKE,FaceSwap,817
818_820,/Users/nihaldastagiri/Desktop/Major Project/FaceForensics++_C23/FaceSwap/818_820.mp4,1,FAKE,FaceSwap,818
819_786,/Users/nihaldastagiri/Desktop/Major Project/FaceForensics++_C23/FaceSwap/819_786.mp4,1,FAKE,FaceSwap,819
820_818,/Users/nihaldastagiri/Desktop/Major Project/FaceForensics++_C23/FaceSwap/820_818.mp4,1,FAKE,FaceSwap,820
821_812,/Users/nihaldastagiri/Desktop/Major Project/FaceForensics++_C23/FaceSwap/821_812.mp4,1,FAKE,FaceSwap,821
822_244,/Users/nihaldastagiri/Desktop/Major Project/FaceForensics++_C23/FaceSwap/822_244.mp4,1,FAKE,FaceSwap,822
823_584,/Users/nihaldastagiri/Desktop/Major Project/FaceForensics++_C23/FaceSwap/823_584.mp4,1,FAKE,FaceSwap,823
824_419,/Users/nihaldastagiri/Desktop/Major Project/FaceForensics++_C23/FaceSwap/824_419.mp4,1,FAKE,FaceSwap,824
825_074,/Users/nihaldastagiri/Desktop/Major Project/FaceForensics++_C23/FaceSwap/825_074.mp4,1,FAKE,FaceSwap,825
826_833,/Users/nihaldastagiri/Desktop/Major Project/FaceForensics++_C23/FaceSwap/826_833.mp4,1,FAKE,FaceSwap,826
827_817,/Users/nihaldastagiri/Desktop/Major Project/FaceForensics++_C23/FaceSwap/827_817.mp4,1,FAKE,FaceSwap,827
828_830,/Users/nihaldastagiri/Desktop/Major Project/FaceForensics++_C23/FaceSwap/828_830.mp4,1,FAKE,FaceSwap,828
829_808,/Users/nihaldastagiri/Desktop/Major Project/FaceForensics++_C23/FaceSwap/829_808.mp4,1,FAKE,FaceSwap,829
830_828,/Users/nihaldastagiri/Desktop/Major Project/FaceForensics++_C23/FaceSwap/830_828.mp4,1,FAKE,FaceSwap,830
831_508,/Users/nihaldastagiri/Desktop/Major Project/FaceForensics++_C23/FaceSwap/831_508.mp4,1,FAKE,FaceSwap,831
832_762,/Users/nihaldastagiri/Desktop/Major Project/FaceForensics++_C23/FaceSwap/832_762.mp4,1,FAKE,FaceSwap,832
833_826,/Users/nihaldastagiri/Desktop/Major Project/FaceForensics++_C23/FaceSwap/833_826.mp4,1,FAKE,FaceSwap,833
834_852,/Users/nihaldastagiri/Desktop/Major Project/FaceForensics++_C23/FaceSwap/834_852.mp4,1,FAKE,FaceSwap,834
835_651,/Users/nihaldastagiri/Desktop/Major Project/FaceForensics++_C23/FaceSwap/835_651.mp4,1,FAKE,FaceSwap,835
836_950,/Users/nihaldastagiri/Desktop/Major Project/FaceForensics++_C23/FaceSwap/836_950.mp4,1,FAKE,FaceSwap,836
837_890,/Users/nihaldastagiri/Desktop/Major Project/FaceForensics++_C23/FaceSwap/837_890.mp4,1,FAKE,FaceSwap,837
838_810,/Users/nihaldastagiri/Desktop/Major Project/FaceForensics++_C23/FaceSwap/838_810.mp4,1,FAKE,FaceSwap,838
839_864,/Users/nihaldastagiri/Desktop/Major Project/FaceForensics++_C23/FaceSwap/839_864.mp4,1,FAKE,FaceSwap,839
840_800,/Users/nihaldastagiri/Desktop/Major Project/FaceForensics++_C23/FaceSwap/840_800.mp4,1,FAKE,FaceSwap,840
841_639,/Users/nihaldastagiri/Desktop/Major Project/FaceForensics++_C23/FaceSwap/841_639.mp4,1,FAKE,FaceSwap,841
842_714,/Users/nihaldastagiri/Desktop/Major Project/FaceForensics++_C23/FaceSwap/842_714.mp4,1,FAKE,FaceSwap,842
843_859,/Users/nihaldastagiri/Desktop/Major Project/FaceForensics++_C23/FaceSwap/843_859.mp4,1,FAKE,FaceSwap,843
844_797,/Users/nihaldastagiri/Desktop/Major Project/FaceForensics++_C23/FaceSwap/844_797.mp4,1,FAKE,FaceSwap,844
845_846,/Users/nihaldastagiri/Desktop/Major Project/FaceForensics++_C23/FaceSwap/845_846.mp4,1,FAKE,FaceSwap,845
846_845,/Users/nihaldastagiri/Desktop/Major Project/FaceForensics++_C23/FaceSwap/846_845.mp4,1,FAKE,FaceSwap,846
847_906,/Users/nihaldastagiri/Desktop/Major Project/FaceForensics++_C23/FaceSwap/847_906.mp4,1,FAKE,FaceSwap,847
848_894,/Users/nihaldastagiri/Desktop/Major Project/FaceForensics++_C23/FaceSwap/848_894.mp4,1,FAKE,FaceSwap,848
849_771,/Users/nihaldastagiri/Desktop/Major Project/FaceForensics++_C23/FaceSwap/849_771.mp4,1,FAKE,FaceSwap,849
850_764,/Users/nihaldastagiri/Desktop/Major Project/FaceForensics++_C23/FaceSwap/850_764.mp4,1,FAKE,FaceSwap,850
851_552,/Users/nihaldastagiri/Desktop/Major Project/FaceForensics++_C23/FaceSwap/851_552.mp4,1,FAKE,FaceSwap,851
852_834,/Users/nihaldastagiri/Desktop/Major Project/FaceForensics++_C23/FaceSwap/852_834.mp4,1,FAKE,FaceSwap,852
853_863,/Users/nihaldastagiri/Desktop/Major Project/FaceForensics++_C23/FaceSwap/853_863.mp4,1,FAKE,FaceSwap,853
854_747,/Users/nihaldastagiri/Desktop/Major Project/FaceForensics++_C23/FaceSwap/854_747.mp4,1,FAKE,FaceSwap,854
855_801,/Users/nihaldastagiri/Desktop/Major Project/FaceForensics++_C23/FaceSwap/855_801.mp4,1,FAKE,FaceSwap,855
856_881,/Users/nihaldastagiri/Desktop/Major Project/FaceForensics++_C23/FaceSwap/856_881.mp4,1,FAKE,FaceSwap,856
857_909,/Users/nihaldastagiri/Desktop/Major Project/FaceForensics++_C23/FaceSwap/857_909.mp4,1,FAKE,FaceSwap,857
858_861,/Users/nihaldastagiri/Desktop/Major Project/FaceForensics++_C23/FaceSwap/858_861.mp4,1,FAKE,FaceSwap,858
859_843,/Users/nihaldastagiri/Desktop/Major Project/FaceForensics++_C23/FaceSwap/859_843.mp4,1,FAKE,FaceSwap,859
860_905,/Users/nihaldastagiri/Desktop/Major Project/FaceForensics++_C23/FaceSwap/860_905.mp4,1,FAKE,FaceSwap,860
861_858,/Users/nihaldastagiri/Desktop/Major Project/FaceForensics++_C23/FaceSwap/861_858.mp4,1,FAKE,FaceSwap,861
862_047,/Users/nihaldastagiri/Desktop/Major Project/FaceForensics++_C23/FaceSwap/862_047.mp4,1,FAKE,FaceSwap,862
863_853,/Users/nihaldastagiri/Desktop/Major Project/FaceForensics++_C23/FaceSwap/863_853.mp4,1,FAKE,FaceSwap,863
864_839,/Users/nihaldastagiri/Desktop/Major Project/FaceForensics++_C23/FaceSwap/864_839.mp4,1,FAKE,FaceSwap,864
865_739,/Users/nihaldastagiri/Desktop/Major Project/FaceForensics++_C23/FaceSwap/865_739.mp4,1,FAKE,FaceSwap,865
866_878,/Users/nihaldastagiri/Desktop/Major Project/FaceForensics++_C23/FaceSwap/866_878.mp4,1,FAKE,FaceSwap,866
867_765,/Users/nihaldastagiri/Desktop/Major Project/FaceForensics++_C23/FaceSwap/867_765.mp4,1,FAKE,FaceSwap,867
868_949,/Users/nihaldastagiri/Desktop/Major Project/FaceForensics++_C23/FaceSwap/868_949.mp4,1,FAKE,FaceSwap,868
869_780,/Users/nihaldastagiri/Desktop/Major Project/FaceForensics++_C23/FaceSwap/869_780.mp4,1,FAKE,FaceSwap,869
870_001,/Users/nihaldastagiri/Desktop/Major Project/FaceForensics++_C23/FaceSwap/870_001.mp4,1,FAKE,FaceSwap,870
871_814,/Users/nihaldastagiri/Desktop/Major Project/FaceForensics++_C23/FaceSwap/871_814.mp4,1,FAKE,FaceSwap,871
872_873,/Users/nihaldastagiri/Desktop/Major Project/FaceForensics++_C23/FaceSwap/872_873.mp4,1,FAKE,FaceSwap,872
873_872,/Users/nihaldastagiri/Desktop/Major Project/FaceForensics++_C23/FaceSwap/873_872.mp4,1,FAKE,FaceSwap,873
874_291,/Users/nihaldastagiri/Desktop/Major Project/FaceForensics++_C23/FaceSwap/874_291.mp4,1,FAKE,FaceSwap,874
875_979,/Users/nihaldastagiri/Desktop/Major Project/FaceForensics++_C23/FaceSwap/875_979.mp4,1,FAKE,FaceSwap,875
876_891,/Users/nihaldastagiri/Desktop/Major Project/FaceForensics++_C23/FaceSwap/876_891.mp4,1,FAKE,FaceSwap,876
877_886,/Users/nihaldastagiri/Desktop/Major Project/FaceForensics++_C23/FaceSwap/877_886.mp4,1,FAKE,FaceSwap,877
878_866,/Users/nihaldastagiri/Desktop/Major Project/FaceForensics++_C23/FaceSwap/878_866.mp4,1,FAKE,FaceSwap,878
879_963,/Users/nihaldastagiri/Desktop/Major Project/FaceForensics++_C23/FaceSwap/879_963.mp4,1,FAKE,FaceSwap,879
880_135,/Users/nihaldastagiri/Desktop/Major Project/FaceForensics++_C23/FaceSwap/880_135.mp4,1,FAKE,FaceSwap,880
881_856,/Users/nihaldastagiri/Desktop/Major Project/FaceForensics++_C23/FaceSwap/881_856.mp4,1,FAKE,FaceSwap,881
882_952,/Users/nihaldastagiri/Desktop/Major Project/FaceForensics++_C23/FaceSwap/882_952.mp4,1,FAKE,FaceSwap,882
883_013,/Users/nihaldastagiri/Desktop/Major Project/FaceForensics++_C23/FaceSwap/883_013.mp4,1,FAKE,FaceSwap,883
884_968,/Users/nihaldastagiri/Desktop/Major Project/FaceForensics++_C23/FaceSwap/884_968.mp4,1,FAKE,FaceSwap,884
885_802,/Users/nihaldastagiri/Desktop/Major Project/FaceForensics++_C23/FaceSwap/885_802.mp4,1,FAKE,FaceSwap,885
886_877,/Users/nihaldastagiri/Desktop/Major Project/FaceForensics++_C23/FaceSwap/886_877.mp4,1,FAKE,FaceSwap,886
887_275,/Users/nihaldastagiri/Desktop/Major Project/FaceForensics++_C23/FaceSwap/887_275.mp4,1,FAKE,FaceSwap,887
888_937,/Users/nihaldastagiri/Desktop/Major Project/FaceForensics++_C23/FaceSwap/888_937.mp4,1,FAKE,FaceSwap,888
889_045,/Users/nihaldastagiri/Desktop/Major Project/FaceForensics++_C23/FaceSwap/889_045.mp4,1,FAKE,FaceSwap,889
890_837,/Users/nihaldastagiri/Desktop/Major Project/FaceForensics++_C23/FaceSwap/890_837.mp4,1,FAKE,FaceSwap,890
891_876,/Users/nihaldastagiri/Desktop/Major Project/FaceForensics++_C23/FaceSwap/891_876.mp4,1,FAKE,FaceSwap,891
892_112,/Users/nihaldastagiri/Desktop/Major Project/FaceForensics++_C23/FaceSwap/892_112.mp4,1,FAKE,FaceSwap,892
893_913,/Users/nihaldastagiri/Desktop/Major Project/FaceForensics++_C23/FaceSwap/893_913.mp4,1,FAKE,FaceSwap,893
894_848,/Users/nihaldastagiri/Desktop/Major Project/FaceForensics++_C23/FaceSwap/894_848.mp4,1,FAKE,FaceSwap,894
895_915,/Users/nihaldastagiri/Desktop/Major Project/FaceForensics++_C23/FaceSwap/895_915.mp4,1,FAKE,FaceSwap,895
896_128,/Users/nihaldastagiri/Desktop/Major Project/FaceForensics++_C23/FaceSwap/896_128.mp4,1,FAKE,FaceSwap,896
897_969,/Users/nihaldastagiri/Desktop/Major Project/FaceForensics++_C23/FaceSwap/897_969.mp4,1,FAKE,FaceSwap,897
898_922,/Users/nihaldastagiri/Desktop/Major Project/FaceForensics++_C23/FaceSwap/898_922.mp4,1,FAKE,FaceSwap,898
899_914,/Users/nihaldastagiri/Desktop/Major Project/FaceForensics++_C23/FaceSwap/899_914.mp4,1,FAKE,FaceSwap,899
900_926,/Users/nihaldastagiri/Desktop/Major Project/FaceForensics++_C23/FaceSwap/900_926.mp4,1,FAKE,FaceSwap,900
901_902,/Users/nihaldastagiri/Desktop/Major Project/FaceForensics++_C23/FaceSwap/901_902.mp4,1,FAKE,FaceSwap,901
902_901,/Users/nihaldastagiri/Desktop/Major Project/FaceForensics++_C23/FaceSwap/902_901.mp4,1,FAKE,FaceSwap,902
903_792,/Users/nihaldastagiri/Desktop/Major Project/FaceForensics++_C23/FaceSwap/903_792.mp4,1,FAKE,FaceSwap,903
904_046,/Users/nihaldastagiri/Desktop/Major Project/FaceForensics++_C23/FaceSwap/904_046.mp4,1,FAKE,FaceSwap,904
905_860,/Users/nihaldastagiri/Desktop/Major Project/FaceForensics++_C23/FaceSwap/905_860.mp4,1,FAKE,FaceSwap,905
906_847,/Users/nihaldastagiri/Desktop/Major Project/FaceForensics++_C23/FaceSwap/906_847.mp4,1,FAKE,FaceSwap,906
907_795,/Users/nihaldastagiri/Desktop/Major Project/FaceForensics++_C23/FaceSwap/907_795.mp4,1,FAKE,FaceSwap,907
908_207,/Users/nihaldastagiri/Desktop/Major Project/FaceForensics++_C23/FaceSwap/908_207.mp4,1,FAKE,FaceSwap,908
909_857,/Users/nihaldastagiri/Desktop/Major Project/FaceForensics++_C23/FaceSwap/909_857.mp4,1,FAKE,FaceSwap,909
910_911,/Users/nihaldastagiri/Desktop/Major Project/FaceForensics++_C23/FaceSwap/910_911.mp4,1,FAKE,FaceSwap,910
911_910,/Users/nihaldastagiri/Desktop/Major Project/FaceForensics++_C23/FaceSwap/911_910.mp4,1,FAKE,FaceSwap,911
912_927,/Users/nihaldastagiri/Desktop/Major Project/FaceForensics++_C23/FaceSwap/912_927.mp4,1,FAKE,FaceSwap,912
913_893,/Users/nihaldastagiri/Desktop/Major Project/FaceForensics++_C23/FaceSwap/913_893.mp4,1,FAKE,FaceSwap,913
914_899,/Users/nihaldastagiri/Desktop/Major Project/FaceForensics++_C23/FaceSwap/914_899.mp4,1,FAKE,FaceSwap,914
915_895,/Users/nihaldastagiri/Desktop/Major Project/FaceForensics++_C23/FaceSwap/915_895.mp4,1,FAKE,FaceSwap,915
916_783,/Users/nihaldastagiri/Desktop/Major Project/FaceForensics++_C23/FaceSwap/916_783.mp4,1,FAKE,FaceSwap,916
917_924,/Users/nihaldastagiri/Desktop/Major Project/FaceForensics++_C23/FaceSwap/917_924.mp4,1,FAKE,FaceSwap,917
918_934,/Users/nihaldastagiri/Desktop/Major Project/FaceForensics++_C23/FaceSwap/918_934.mp4,1,FAKE,FaceSwap,918
919_015,/Users/nihaldastagiri/Desktop/Major Project/FaceForensics++_C23/FaceSwap/919_015.mp4,1,FAKE,FaceSwap,919
920_811,/Users/nihaldastagiri/Desktop/Major Project/FaceForensics++_C23/FaceSwap/920_811.mp4,1,FAKE,FaceSwap,920
921_569,/Users/nihaldastagiri/Desktop/Major Project/FaceForensics++_C23/FaceSwap/921_569.mp4,1,FAKE,FaceSwap,921
922_898,/Users/nihaldastagiri/Desktop/Major Project/FaceForensics++_C23/FaceSwap/922_898.mp4,1,FAKE,FaceSwap,922
923_023,/Users/nihaldastagiri/Desktop/Major Project/FaceForensics++_C23/FaceSwap/923_023.mp4,1,FAKE,FaceSwap,923
924_917,/Users/nihaldastagiri/Desktop/Major Project/FaceForensics++_C23/FaceSwap/924_917.mp4,1,FAKE,FaceSwap,924
925_933,/Users/nihaldastagiri/Desktop/Major Project/FaceForensics++_C23/FaceSwap/925_933.mp4,1,FAKE,FaceSwap,925
926_900,/Users/nihaldastagiri/Desktop/Major Project/FaceForensics++_C23/FaceSwap/926_900.mp4,1,FAKE,FaceSwap,926
927_912,/Users/nihaldastagiri/Desktop/Major Project/FaceForensics++_C23/FaceSwap/927_912.mp4,1,FAKE,FaceSwap,927
928_160,/Users/nihaldastagiri/Desktop/Major Project/FaceForensics++_C23/FaceSwap/928_160.mp4,1,FAKE,FaceSwap,928
929_962,/Users/nihaldastagiri/Desktop/Major Project/FaceForensics++_C23/FaceSwap/929_962.mp4,1,FAKE,FaceSwap,929
930_763,/Users/nihaldastagiri/Desktop/Major Project/FaceForensics++_C23/FaceSwap/930_763.mp4,1,FAKE,FaceSwap,930
931_936,/Users/nihaldastagiri/Desktop/Major Project/FaceForensics++_C23/FaceSwap/931_936.mp4,1,FAKE,FaceSwap,931
932_384,/Users/nihaldastagiri/Desktop/Major Project/FaceForensics++_C23/FaceSwap/932_384.mp4,1,FAKE,FaceSwap,932
933_925,/Users/nihaldastagiri/Desktop/Major Project/FaceForensics++_C23/FaceSwap/933_925.mp4,1,FAKE,FaceSwap,933
934_918,/Users/nihaldastagiri/Desktop/Major Project/FaceForensics++_C23/FaceSwap/934_918.mp4,1,FAKE,FaceSwap,934
935_733,/Users/nihaldastagiri/Desktop/Major Project/FaceForensics++_C23/FaceSwap/935_733.mp4,1,FAKE,FaceSwap,935
936_931,/Users/nihaldastagiri/Desktop/Major Project/FaceForensics++_C23/FaceSwap/936_931.mp4,1,FAKE,FaceSwap,936
937_888,/Users/nihaldastagiri/Desktop/Major Project/FaceForensics++_C23/FaceSwap/937_888.mp4,1,FAKE,FaceSwap,937
938_987,/Users/nihaldastagiri/Desktop/Major Project/FaceForensics++_C23/FaceSwap/938_987.mp4,1,FAKE,FaceSwap,938
939_115,/Users/nihaldastagiri/Desktop/Major Project/FaceForensics++_C23/FaceSwap/939_115.mp4,1,FAKE,FaceSwap,939
940_941,/Users/nihaldastagiri/Desktop/Major Project/FaceForensics++_C23/FaceSwap/940_941.mp4,1,FAKE,FaceSwap,940
941_940,/Users/nihaldastagiri/Desktop/Major Project/FaceForensics++_C23/FaceSwap/941_940.mp4,1,FAKE,FaceSwap,941
942_943,/Users/nihaldastagiri/Desktop/Major Project/FaceForensics++_C23/FaceSwap/942_943.mp4,1,FAKE,FaceSwap,942
943_942,/Users/nihaldastagiri/Desktop/Major Project/FaceForensics++_C23/FaceSwap/943_942.mp4,1,FAKE,FaceSwap,943
944_032,/Users/nihaldastagiri/Desktop/Major Project/FaceForensics++_C23/FaceSwap/944_032.mp4,1,FAKE,FaceSwap,944
945_044,/Users/nihaldastagiri/Desktop/Major Project/FaceForensics++_C23/FaceSwap/945_044.mp4,1,FAKE,FaceSwap,945
946_049,/Users/nihaldastagiri/Desktop/Major Project/FaceForensics++_C23/FaceSwap/946_049.mp4,1,FAKE,FaceSwap,946
947_951,/Users/nihaldastagiri/Desktop/Major Project/FaceForensics++_C23/FaceSwap/947_951.mp4,1,FAKE,FaceSwap,947
948_965,/Users/nihaldastagiri/Desktop/Major Project/FaceForensics++_C23/FaceSwap/948_965.mp4,1,FAKE,FaceSwap,948
949_868,/Users/nihaldastagiri/Desktop/Major Project/FaceForensics++_C23/FaceSwap/949_868.mp4,1,FAKE,FaceSwap,949
950_836,/Users/nihaldastagiri/Desktop/Major Project/FaceForensics++_C23/FaceSwap/950_836.mp4,1,FAKE,FaceSwap,950
951_947,/Users/nihaldastagiri/Desktop/Major Project/FaceForensics++_C23/FaceSwap/951_947.mp4,1,FAKE,FaceSwap,951
952_882,/Users/nihaldastagiri/Desktop/Major Project/FaceForensics++_C23/FaceSwap/952_882.mp4,1,FAKE,FaceSwap,952
953_974,/Users/nihaldastagiri/Desktop/Major Project/FaceForensics++_C23/FaceSwap/953_974.mp4,1,FAKE,FaceSwap,953
954_976,/Users/nihaldastagiri/Desktop/Major Project/FaceForensics++_C23/FaceSwap/954_976.mp4,1,FAKE,FaceSwap,954
955_078,/Users/nihaldastagiri/Desktop/Major Project/FaceForensics++_C23/FaceSwap/955_078.mp4,1,FAKE,FaceSwap,955
956_958,/Users/nihaldastagiri/Desktop/Major Project/FaceForensics++_C23/FaceSwap/956_958.mp4,1,FAKE,FaceSwap,956
957_959,/Users/nihaldastagiri/Desktop/Major Project/FaceForensics++_C23/FaceSwap/957_959.mp4,1,FAKE,FaceSwap,957
958_956,/Users/nihaldastagiri/Desktop/Major Project/FaceForensics++_C23/FaceSwap/958_956.mp4,1,FAKE,FaceSwap,958
959_957,/Users/nihaldastagiri/Desktop/Major Project/FaceForensics++_C23/FaceSwap/959_957.mp4,1,FAKE,FaceSwap,959
960_999,/Users/nihaldastagiri/Desktop/Major Project/FaceForensics++_C23/FaceSwap/960_999.mp4,1,FAKE,FaceSwap,960
961_069,/Users/nihaldastagiri/Desktop/Major Project/FaceForensics++_C23/FaceSwap/961_069.mp4,1,FAKE,FaceSwap,961
962_929,/Users/nihaldastagiri/Desktop/Major Project/FaceForensics++_C23/FaceSwap/962_929.mp4,1,FAKE,FaceSwap,962
963_879,/Users/nihaldastagiri/Desktop/Major Project/FaceForensics++_C23/FaceSwap/963_879.mp4,1,FAKE,FaceSwap,963
964_174,/Users/nihaldastagiri/Desktop/Major Project/FaceForensics++_C23/FaceSwap/964_174.mp4,1,FAKE,FaceSwap,964
965_948,/Users/nihaldastagiri/Desktop/Major Project/FaceForensics++_C23/FaceSwap/965_948.mp4,1,FAKE,FaceSwap,965
966_988,/Users/nihaldastagiri/Desktop/Major Project/FaceForensics++_C23/FaceSwap/966_988.mp4,1,FAKE,FaceSwap,966
967_984,/Users/nihaldastagiri/Desktop/Major Project/FaceForensics++_C23/FaceSwap/967_984.mp4,1,FAKE,FaceSwap,967
968_884,/Users/nihaldastagiri/Desktop/Major Project/FaceForensics++_C23/FaceSwap/968_884.mp4,1,FAKE,FaceSwap,968
969_897,/Users/nihaldastagiri/Desktop/Major Project/FaceForensics++_C23/FaceSwap/969_897.mp4,1,FAKE,FaceSwap,969
970_973,/Users/nihaldastagiri/Desktop/Major Project/FaceForensics++_C23/FaceSwap/970_973.mp4,1,FAKE,FaceSwap,970
971_564,/Users/nihaldastagiri/Desktop/Major Project/FaceForensics++_C23/FaceSwap/971_564.mp4,1,FAKE,FaceSwap,971
972_718,/Users/nihaldastagiri/Desktop/Major Project/FaceForensics++_C23/FaceSwap/972_718.mp4,1,FAKE,FaceSwap,972
973_970,/Users/nihaldastagiri/Desktop/Major Project/FaceForensics++_C23/FaceSwap/973_970.mp4,1,FAKE,FaceSwap,973
974_953,/Users/nihaldastagiri/Desktop/Major Project/FaceForensics++_C23/FaceSwap/974_953.mp4,1,FAKE,FaceSwap,974
975_978,/Users/nihaldastagiri/Desktop/Major Project/FaceForensics++_C23/FaceSwap/975_978.mp4,1,FAKE,FaceSwap,975
976_954,/Users/nihaldastagiri/Desktop/Major Project/FaceForensics++_C23/FaceSwap/976_954.mp4,1,FAKE,FaceSwap,976
977_075,/Users/nihaldastagiri/Desktop/Major Project/FaceForensics++_C23/FaceSwap/977_075.mp4,1,FAKE,FaceSwap,977
978_975,/Users/nihaldastagiri/Desktop/Major Project/FaceForensics++_C23/FaceSwap/978_975.mp4,1,FAKE,FaceSwap,978
979_875,/Users/nihaldastagiri/Desktop/Major Project/FaceForensics++_C23/FaceSwap/979_875.mp4,1,FAKE,FaceSwap,979
980_992,/Users/nihaldastagiri/Desktop/Major Project/FaceForensics++_C23/FaceSwap/980_992.mp4,1,FAKE,FaceSwap,980
981_985,/Users/nihaldastagiri/Desktop/Major Project/FaceForensics++_C23/FaceSwap/981_985.mp4,1,FAKE,FaceSwap,981
982_004,/Users/nihaldastagiri/Desktop/Major Project/FaceForensics++_C23/FaceSwap/982_004.mp4,1,FAKE,FaceSwap,982
983_113,/Users/nihaldastagiri/Desktop/Major Project/FaceForensics++_C23/FaceSwap/983_113.mp4,1,FAKE,FaceSwap,983
984_967,/Users/nihaldastagiri/Desktop/Major Project/FaceForensics++_C23/FaceSwap/984_967.mp4,1,FAKE,FaceSwap,984
985_981,/Users/nihaldastagiri/Desktop/Major Project/FaceForensics++_C23/FaceSwap/985_981.mp4,1,FAKE,FaceSwap,985
986_994,/Users/nihaldastagiri/Desktop/Major Project/FaceForensics++_C23/FaceSwap/986_994.mp4,1,FAKE,FaceSwap,986
987_938,/Users/nihaldastagiri/Desktop/Major Project/FaceForensics++_C23/FaceSwap/987_938.mp4,1,FAKE,FaceSwap,987
988_966,/Users/nihaldastagiri/Desktop/Major Project/FaceForensics++_C23/FaceSwap/988_966.mp4,1,FAKE,FaceSwap,988
989_993,/Users/nihaldastagiri/Desktop/Major Project/FaceForensics++_C23/FaceSwap/989_993.mp4,1,FAKE,FaceSwap,989
990_008,/Users/nihaldastagiri/Desktop/Major Project/FaceForensics++_C23/FaceSwap/990_008.mp4,1,FAKE,FaceSwap,990
991_064,/Users/nihaldastagiri/Desktop/Major Project/FaceForensics++_C23/FaceSwap/991_064.mp4,1,FAKE,FaceSwap,991
992_980,/Users/nihaldastagiri/Desktop/Major Project/FaceForensics++_C23/FaceSwap/992_980.mp4,1,FAKE,FaceSwap,992
993_989,/Users/nihaldastagiri/Desktop/Major Project/FaceForensics++_C23/FaceSwap/993_989.mp4,1,FAKE,FaceSwap,993
994_986,/Users/nihaldastagiri/Desktop/Major Project/FaceForensics++_C23/FaceSwap/994_986.mp4,1,FAKE,FaceSwap,994
995_233,/Users/nihaldastagiri/Desktop/Major Project/FaceForensics++_C23/FaceSwap/995_233.mp4,1,FAKE,FaceSwap,995
996_056,/Users/nihaldastagiri/Desktop/Major Project/FaceForensics++_C23/FaceSwap/996_056.mp4,1,FAKE,FaceSwap,996
997_040,/Users/nihaldastagiri/Desktop/Major Project/FaceForensics++_C23/FaceSwap/997_040.mp4,1,FAKE,FaceSwap,997
998_561,/Users/nihaldastagiri/Desktop/Major Project/FaceForensics++_C23/FaceSwap/998_561.mp4,1,FAKE,FaceSwap,998
999_960,/Users/nihaldastagiri/Desktop/Major Project/FaceForensics++_C23/FaceSwap/999_960.mp4,1,FAKE,FaceSwap,999
000_003,/Users/nihaldastagiri/Desktop/Major Project/FaceForensics++_C23/NeuralTextures/000_003.mp4,1,FAKE,NeuralTextures,000
001_870,/Users/nihaldastagiri/Desktop/Major Project/FaceForensics++_C23/NeuralTextures/001_870.mp4,1,FAKE,NeuralTextures,001
002_006,/Users/nihaldastagiri/Desktop/Major Project/FaceForensics++_C23/NeuralTextures/002_006.mp4,1,FAKE,NeuralTextures,002
003_000,/Users/nihaldastagiri/Desktop/Major Project/FaceForensics++_C23/NeuralTextures/003_000.mp4,1,FAKE,NeuralTextures,003
004_982,/Users/nihaldastagiri/Desktop/Major Project/FaceForensics++_C23/NeuralTextures/004_982.mp4,1,FAKE,NeuralTextures,004
005_010,/Users/nihaldastagiri/Desktop/Major Project/FaceForensics++_C23/NeuralTextures/005_010.mp4,1,FAKE,NeuralTextures,005
006_002,/Users/nihaldastagiri/Desktop/Major Project/FaceForensics++_C23/NeuralTextures/006_002.mp4,1,FAKE,NeuralTextures,006
007_132,/Users/nihaldastagiri/Desktop/Major Project/FaceForensics++_C23/NeuralTextures/007_132.mp4,1,FAKE,NeuralTextures,007
008_990,/Users/nihaldastagiri/Desktop/Major Project/FaceForensics++_C23/NeuralTextures/008_990.mp4,1,FAKE,NeuralTextures,008
009_027,/Users/nihaldastagiri/Desktop/Major Project/FaceForensics++_C23/NeuralTextures/009_027.mp4,1,FAKE,NeuralTextures,009
010_005,/Users/nihaldastagiri/Desktop/Major Project/FaceForensics++_C23/NeuralTextures/010_005.mp4,1,FAKE,NeuralTextures,010
011_805,/Users/nihaldastagiri/Desktop/Major Project/FaceForensics++_C23/NeuralTextures/011_805.mp4,1,FAKE,NeuralTextures,011
012_026,/Users/nihaldastagiri/Desktop/Major Project/FaceForensics++_C23/NeuralTextures/012_026.mp4,1,FAKE,NeuralTextures,012
013_883,/Users/nihaldastagiri/Desktop/Major Project/FaceForensics++_C23/NeuralTextures/013_883.mp4,1,FAKE,NeuralTextures,013
014_790,/Users/nihaldastagiri/Desktop/Major Project/FaceForensics++_C23/NeuralTextures/014_790.mp4,1,FAKE,NeuralTextures,014
015_919,/Users/nihaldastagiri/Desktop/Major Project/FaceForensics++_C23/NeuralTextures/015_919.mp4,1,FAKE,NeuralTextures,015
016_209,/Users/nihaldastagiri/Desktop/Major Project/FaceForensics++_C23/NeuralTextures/016_209.mp4,1,FAKE,NeuralTextures,016
017_803,/Users/nihaldastagiri/Desktop/Major Project/FaceForensics++_C23/NeuralTextures/017_803.mp4,1,FAKE,NeuralTextures,017
018_019,/Users/nihaldastagiri/Desktop/Major Project/FaceForensics++_C23/NeuralTextures/018_019.mp4,1,FAKE,NeuralTextures,018
019_018,/Users/nihaldastagiri/Desktop/Major Project/FaceForensics++_C23/NeuralTextures/019_018.mp4,1,FAKE,NeuralTextures,019
020_344,/Users/nihaldastagiri/Desktop/Major Project/FaceForensics++_C23/NeuralTextures/020_344.mp4,1,FAKE,NeuralTextures,020
021_312,/Users/nihaldastagiri/Desktop/Major Project/FaceForensics++_C23/NeuralTextures/021_312.mp4,1,FAKE,NeuralTextures,021
022_489,/Users/nihaldastagiri/Desktop/Major Project/FaceForensics++_C23/NeuralTextures/022_489.mp4,1,FAKE,NeuralTextures,022
023_923,/Users/nihaldastagiri/Desktop/Major Project/FaceForensics++_C23/NeuralTextures/023_923.mp4,1,FAKE,NeuralTextures,023
024_073,/Users/nihaldastagiri/Desktop/Major Project/FaceForensics++_C23/NeuralTextures/024_073.mp4,1,FAKE,NeuralTextures,024
025_067,/Users/nihaldastagiri/Desktop/Major Project/FaceForensics++_C23/NeuralTextures/025_067.mp4,1,FAKE,NeuralTextures,025
026_012,/Users/nihaldastagiri/Desktop/Major Project/FaceForensics++_C23/NeuralTextures/026_012.mp4,1,FAKE,NeuralTextures,026
027_009,/Users/nihaldastagiri/Desktop/Major Project/FaceForensics++_C23/NeuralTextures/027_009.mp4,1,FAKE,NeuralTextures,027
028_068,/Users/nihaldastagiri/Desktop/Major Project/FaceForensics++_C23/NeuralTextures/028_068.mp4,1,FAKE,NeuralTextures,028
029_048,/Users/nihaldastagiri/Desktop/Major Project/FaceForensics++_C23/NeuralTextures/029_048.mp4,1,FAKE,NeuralTextures,029
030_193,/Users/nihaldastagiri/Desktop/Major Project/FaceForensics++_C23/NeuralTextures/030_193.mp4,1,FAKE,NeuralTextures,030
031_163,/Users/nihaldastagiri/Desktop/Major Project/FaceForensics++_C23/NeuralTextures/031_163.mp4,1,FAKE,NeuralTextures,031
032_944,/Users/nihaldastagiri/Desktop/Major Project/FaceForensics++_C23/NeuralTextures/032_944.mp4,1,FAKE,NeuralTextures,032
033_097,/Users/nihaldastagiri/Desktop/Major Project/FaceForensics++_C23/NeuralTextures/033_097.mp4,1,FAKE,NeuralTextures,033
034_590,/Users/nihaldastagiri/Desktop/Major Project/FaceForensics++_C23/NeuralTextures/034_590.mp4,1,FAKE,NeuralTextures,034
035_036,/Users/nihaldastagiri/Desktop/Major Project/FaceForensics++_C23/NeuralTextures/035_036.mp4,1,FAKE,NeuralTextures,035
036_035,/Users/nihaldastagiri/Desktop/Major Project/FaceForensics++_C23/NeuralTextures/036_035.mp4,1,FAKE,NeuralTextures,036
037_072,/Users/nihaldastagiri/Desktop/Major Project/FaceForensics++_C23/NeuralTextures/037_072.mp4,1,FAKE,NeuralTextures,037
038_125,/Users/nihaldastagiri/Desktop/Major Project/FaceForensics++_C23/NeuralTextures/038_125.mp4,1,FAKE,NeuralTextures,038
039_058,/Users/nihaldastagiri/Desktop/Major Project/FaceForensics++_C23/NeuralTextures/039_058.mp4,1,FAKE,NeuralTextures,039
040_997,/Users/nihaldastagiri/Desktop/Major Project/FaceForensics++_C23/NeuralTextures/040_997.mp4,1,FAKE,NeuralTextures,040
041_063,/Users/nihaldastagiri/Desktop/Major Project/FaceForensics++_C23/NeuralTextures/041_063.mp4,1,FAKE,NeuralTextures,041
042_084,/Users/nihaldastagiri/Desktop/Major Project/FaceForensics++_C23/NeuralTextures/042_084.mp4,1,FAKE,NeuralTextures,042
043_110,/Users/nihaldastagiri/Desktop/Major Project/FaceForensics++_C23/NeuralTextures/043_110.mp4,1,FAKE,NeuralTextures,043
044_945,/Users/nihaldastagiri/Desktop/Major Project/FaceForensics++_C23/NeuralTextures/044_945.mp4,1,FAKE,NeuralTextures,044
045_889,/Users/nihaldastagiri/Desktop/Major Project/FaceForensics++_C23/NeuralTextures/045_889.mp4,1,FAKE,NeuralTextures,045
046_904,/Users/nihaldastagiri/Desktop/Major Project/FaceForensics++_C23/NeuralTextures/046_904.mp4,1,FAKE,NeuralTextures,046
047_862,/Users/nihaldastagiri/Desktop/Major Project/FaceForensics++_C23/NeuralTextures/047_862.mp4,1,FAKE,NeuralTextures,047
048_029,/Users/nihaldastagiri/Desktop/Major Project/FaceForensics++_C23/NeuralTextures/048_029.mp4,1,FAKE,NeuralTextures,048
049_946,/Users/nihaldastagiri/Desktop/Major Project/FaceForensics++_C23/NeuralTextures/049_946.mp4,1,FAKE,NeuralTextures,049
050_059,/Users/nihaldastagiri/Desktop/Major Project/FaceForensics++_C23/NeuralTextures/050_059.mp4,1,FAKE,NeuralTextures,050
051_332,/Users/nihaldastagiri/Desktop/Major Project/FaceForensics++_C23/NeuralTextures/051_332.mp4,1,FAKE,NeuralTextures,051
052_108,/Users/nihaldastagiri/Desktop/Major Project/FaceForensics++_C23/NeuralTextures/052_108.mp4,1,FAKE,NeuralTextures,052
053_095,/Users/nihaldastagiri/Desktop/Major Project/FaceForensics++_C23/NeuralTextures/053_095.mp4,1,FAKE,NeuralTextures,053
054_071,/Users/nihaldastagiri/Desktop/Major Project/FaceForensics++_C23/NeuralTextures/054_071.mp4,1,FAKE,NeuralTextures,054
055_147,/Users/nihaldastagiri/Desktop/Major Project/FaceForensics++_C23/NeuralTextures/055_147.mp4,1,FAKE,NeuralTextures,055
056_996,/Users/nihaldastagiri/Desktop/Major Project/FaceForensics++_C23/NeuralTextures/056_996.mp4,1,FAKE,NeuralTextures,056
057_070,/Users/nihaldastagiri/Desktop/Major Project/FaceForensics++_C23/NeuralTextures/057_070.mp4,1,FAKE,NeuralTextures,057
058_039,/Users/nihaldastagiri/Desktop/Major Project/FaceForensics++_C23/NeuralTextures/058_039.mp4,1,FAKE,NeuralTextures,058
059_050,/Users/nihaldastagiri/Desktop/Major Project/FaceForensics++_C23/NeuralTextures/059_050.mp4,1,FAKE,NeuralTextures,059
060_088,/Users/nihaldastagiri/Desktop/Major Project/FaceForensics++_C23/NeuralTextures/060_088.mp4,1,FAKE,NeuralTextures,060
061_080,/Users/nihaldastagiri/Desktop/Major Project/FaceForensics++_C23/NeuralTextures/061_080.mp4,1,FAKE,NeuralTextures,061
062_066,/Users/nihaldastagiri/Desktop/Major Project/FaceForensics++_C23/NeuralTextures/062_066.mp4,1,FAKE,NeuralTextures,062
063_041,/Users/nihaldastagiri/Desktop/Major Project/FaceForensics++_C23/NeuralTextures/063_041.mp4,1,FAKE,NeuralTextures,063
064_991,/Users/nihaldastagiri/Desktop/Major Project/FaceForensics++_C23/NeuralTextures/064_991.mp4,1,FAKE,NeuralTextures,064
065_089,/Users/nihaldastagiri/Desktop/Major Project/FaceForensics++_C23/NeuralTextures/065_089.mp4,1,FAKE,NeuralTextures,065
066_062,/Users/nihaldastagiri/Desktop/Major Project/FaceForensics++_C23/NeuralTextures/066_062.mp4,1,FAKE,NeuralTextures,066
067_025,/Users/nihaldastagiri/Desktop/Major Project/FaceForensics++_C23/NeuralTextures/067_025.mp4,1,FAKE,NeuralTextures,067
068_028,/Users/nihaldastagiri/Desktop/Major Project/FaceForensics++_C23/NeuralTextures/068_028.mp4,1,FAKE,NeuralTextures,068
069_961,/Users/nihaldastagiri/Desktop/Major Project/FaceForensics++_C23/NeuralTextures/069_961.mp4,1,FAKE,NeuralTextures,069
070_057,/Users/nihaldastagiri/Desktop/Major Project/FaceForensics++_C23/NeuralTextures/070_057.mp4,1,FAKE,NeuralTextures,070
071_054,/Users/nihaldastagiri/Desktop/Major Project/FaceForensics++_C23/NeuralTextures/071_054.mp4,1,FAKE,NeuralTextures,071
072_037,/Users/nihaldastagiri/Desktop/Major Project/FaceForensics++_C23/NeuralTextures/072_037.mp4,1,FAKE,NeuralTextures,072
073_024,/Users/nihaldastagiri/Desktop/Major Project/FaceForensics++_C23/NeuralTextures/073_024.mp4,1,FAKE,NeuralTextures,073
074_825,/Users/nihaldastagiri/Desktop/Major Project/FaceForensics++_C23/NeuralTextures/074_825.mp4,1,FAKE,NeuralTextures,074
075_977,/Users/nihaldastagiri/Desktop/Major Project/FaceForensics++_C23/NeuralTextures/075_977.mp4,1,FAKE,NeuralTextures,075
076_079,/Users/nihaldastagiri/Desktop/Major Project/FaceForensics++_C23/NeuralTextures/076_079.mp4,1,FAKE,NeuralTextures,076
077_100,/Users/nihaldastagiri/Desktop/Major Project/FaceForensics++_C23/NeuralTextures/077_100.mp4,1,FAKE,NeuralTextures,077
078_955,/Users/nihaldastagiri/Desktop/Major Project/FaceForensics++_C23/NeuralTextures/078_955.mp4,1,FAKE,NeuralTextures,078
079_076,/Users/nihaldastagiri/Desktop/Major Project/FaceForensics++_C23/NeuralTextures/079_076.mp4,1,FAKE,NeuralTextures,079
080_061,/Users/nihaldastagiri/Desktop/Major Project/FaceForensics++_C23/NeuralTextures/080_061.mp4,1,FAKE,NeuralTextures,080
081_087,/Users/nihaldastagiri/Desktop/Major Project/FaceForensics++_C23/NeuralTextures/081_087.mp4,1,FAKE,NeuralTextures,081
082_103,/Users/nihaldastagiri/Desktop/Major Project/FaceForensics++_C23/NeuralTextures/082_103.mp4,1,FAKE,NeuralTextures,082
083_213,/Users/nihaldastagiri/Desktop/Major Project/FaceForensics++_C23/NeuralTextures/083_213.mp4,1,FAKE,NeuralTextures,083
084_042,/Users/nihaldastagiri/Desktop/Major Project/FaceForensics++_C23/NeuralTextures/084_042.mp4,1,FAKE,NeuralTextures,084
085_124,/Users/nihaldastagiri/Desktop/Major Project/FaceForensics++_C23/NeuralTextures/085_124.mp4,1,FAKE,NeuralTextures,085
086_090,/Users/nihaldastagiri/Desktop/Major Project/FaceForensics++_C23/NeuralTextures/086_090.mp4,1,FAKE,NeuralTextures,086
087_081,/Users/nihaldastagiri/Desktop/Major Project/FaceForensics++_C23/NeuralTextures/087_081.mp4,1,FAKE,NeuralTextures,087
088_060,/Users/nihaldastagiri/Desktop/Major Project/FaceForensics++_C23/NeuralTextures/088_060.mp4,1,FAKE,NeuralTextures,088
089_065,/Users/nihaldastagiri/Desktop/Major Project/FaceForensics++_C23/NeuralTextures/089_065.mp4,1,FAKE,NeuralTextures,089
090_086,/Users/nihaldastagiri/Desktop/Major Project/FaceForensics++_C23/NeuralTextures/090_086.mp4,1,FAKE,NeuralTextures,090
091_116,/Users/nihaldastagiri/Desktop/Major Project/FaceForensics++_C23/NeuralTextures/091_116.mp4,1,FAKE,NeuralTextures,091
092_098,/Users/nihaldastagiri/Desktop/Major Project/FaceForensics++_C23/NeuralTextures/092_098.mp4,1,FAKE,NeuralTextures,092
093_121,/Users/nihaldastagiri/Desktop/Major Project/FaceForensics++_C23/NeuralTextures/093_121.mp4,1,FAKE,NeuralTextures,093
094_111,/Users/nihaldastagiri/Desktop/Major Project/FaceForensics++_C23/NeuralTextures/094_111.mp4,1,FAKE,NeuralTextures,094
095_053,/Users/nihaldastagiri/Desktop/Major Project/FaceForensics++_C23/NeuralTextures/095_053.mp4,1,FAKE,NeuralTextures,095
096_101,/Users/nihaldastagiri/Desktop/Major Project/FaceForensics++_C23/NeuralTextures/096_101.mp4,1,FAKE,NeuralTextures,096
097_033,/Users/nihaldastagiri/Desktop/Major Project/FaceForensics++_C23/NeuralTextures/097_033.mp4,1,FAKE,NeuralTextures,097
098_092,/Users/nihaldastagiri/Desktop/Major Project/FaceForensics++_C23/NeuralTextures/098_092.mp4,1,FAKE,NeuralTextures,098
099_295,/Users/nihaldastagiri/Desktop/Major Project/FaceForensics++_C23/NeuralTextures/099_295.mp4,1,FAKE,NeuralTextures,099
100_077,/Users/nihaldastagiri/Desktop/Major Project/FaceForensics++_C23/NeuralTextures/100_077.mp4,1,FAKE,NeuralTextures,100
101_096,/Users/nihaldastagiri/Desktop/Major Project/FaceForensics++_C23/NeuralTextures/101_096.mp4,1,FAKE,NeuralTextures,101
102_114,/Users/nihaldastagiri/Desktop/Major Project/FaceForensics++_C23/NeuralTextures/102_114.mp4,1,FAKE,NeuralTextures,102
103_082,/Users/nihaldastagiri/Desktop/Major Project/FaceForensics++_C23/NeuralTextures/103_082.mp4,1,FAKE,NeuralTextures,103
104_126,/Users/nihaldastagiri/Desktop/Major Project/FaceForensics++_C23/NeuralTextures/104_126.mp4,1,FAKE,NeuralTextures,104
105_180,/Users/nihaldastagiri/Desktop/Major Project/FaceForensics++_C23/NeuralTextures/105_180.mp4,1,FAKE,NeuralTextures,105
106_198,/Users/nihaldastagiri/Desktop/Major Project/FaceForensics++_C23/NeuralTextures/106_198.mp4,1,FAKE,NeuralTextures,106
107_109,/Users/nihaldastagiri/Desktop/Major Project/FaceForensics++_C23/NeuralTextures/107_109.mp4,1,FAKE,NeuralTextures,107
108_052,/Users/nihaldastagiri/Desktop/Major Project/FaceForensics++_C23/NeuralTextures/108_052.mp4,1,FAKE,NeuralTextures,108
109_107,/Users/nihaldastagiri/Desktop/Major Project/FaceForensics++_C23/NeuralTextures/109_107.mp4,1,FAKE,NeuralTextures,109
110_043,/Users/nihaldastagiri/Desktop/Major Project/FaceForensics++_C23/NeuralTextures/110_043.mp4,1,FAKE,NeuralTextures,110
111_094,/Users/nihaldastagiri/Desktop/Major Project/FaceForensics++_C23/NeuralTextures/111_094.mp4,1,FAKE,NeuralTextures,111
112_892,/Users/nihaldastagiri/Desktop/Major Project/FaceForensics++_C23/NeuralTextures/112_892.mp4,1,FAKE,NeuralTextures,112
113_983,/Users/nihaldastagiri/Desktop/Major Project/FaceForensics++_C23/NeuralTextures/113_983.mp4,1,FAKE,NeuralTextures,113
114_102,/Users/nihaldastagiri/Desktop/Major Project/FaceForensics++_C23/NeuralTextures/114_102.mp4,1,FAKE,NeuralTextures,114
115_939,/Users/nihaldastagiri/Desktop/Major Project/FaceForensics++_C23/NeuralTextures/115_939.mp4,1,FAKE,NeuralTextures,115
116_091,/Users/nihaldastagiri/Desktop/Major Project/FaceForensics++_C23/NeuralTextures/116_091.mp4,1,FAKE,NeuralTextures,116
117_217,/Users/nihaldastagiri/Desktop/Major Project/FaceForensics++_C23/NeuralTextures/117_217.mp4,1,FAKE,NeuralTextures,117
118_120,/Users/nihaldastagiri/Desktop/Major Project/FaceForensics++_C23/NeuralTextures/118_120.mp4,1,FAKE,NeuralTextures,118
119_123,/Users/nihaldastagiri/Desktop/Major Project/FaceForensics++_C23/NeuralTextures/119_123.mp4,1,FAKE,NeuralTextures,119
120_118,/Users/nihaldastagiri/Desktop/Major Project/FaceForensics++_C23/NeuralTextures/120_118.mp4,1,FAKE,NeuralTextures,120
121_093,/Users/nihaldastagiri/Desktop/Major Project/FaceForensics++_C23/NeuralTextures/121_093.mp4,1,FAKE,NeuralTextures,121
122_144,/Users/nihaldastagiri/Desktop/Major Project/FaceForensics++_C23/NeuralTextures/122_144.mp4,1,FAKE,NeuralTextures,122
123_119,/Users/nihaldastagiri/Desktop/Major Project/FaceForensics++_C23/NeuralTextures/123_119.mp4,1,FAKE,NeuralTextures,123
124_085,/Users/nihaldastagiri/Desktop/Major Project/FaceForensics++_C23/NeuralTextures/124_085.mp4,1,FAKE,NeuralTextures,124
125_038,/Users/nihaldastagiri/Desktop/Major Project/FaceForensics++_C23/NeuralTextures/125_038.mp4,1,FAKE,NeuralTextures,125
126_104,/Users/nihaldastagiri/Desktop/Major Project/FaceForensics++_C23/NeuralTextures/126_104.mp4,1,FAKE,NeuralTextures,126
127_129,/Users/nihaldastagiri/Desktop/Major Project/FaceForensics++_C23/NeuralTextures/127_129.mp4,1,FAKE,NeuralTextures,127
128_896,/Users/nihaldastagiri/Desktop/Major Project/FaceForensics++_C23/NeuralTextures/128_896.mp4,1,FAKE,NeuralTextures,128
129_127,/Users/nihaldastagiri/Desktop/Major Project/FaceForensics++_C23/NeuralTextures/129_127.mp4,1,FAKE,NeuralTextures,129
130_139,/Users/nihaldastagiri/Desktop/Major Project/FaceForensics++_C23/NeuralTextures/130_139.mp4,1,FAKE,NeuralTextures,130
131_518,/Users/nihaldastagiri/Desktop/Major Project/FaceForensics++_C23/NeuralTextures/131_518.mp4,1,FAKE,NeuralTextures,131
132_007,/Users/nihaldastagiri/Desktop/Major Project/FaceForensics++_C23/NeuralTextures/132_007.mp4,1,FAKE,NeuralTextures,132
133_148,/Users/nihaldastagiri/Desktop/Major Project/FaceForensics++_C23/NeuralTextures/133_148.mp4,1,FAKE,NeuralTextures,133
134_192,/Users/nihaldastagiri/Desktop/Major Project/FaceForensics++_C23/NeuralTextures/134_192.mp4,1,FAKE,NeuralTextures,134
135_880,/Users/nihaldastagiri/Desktop/Major Project/FaceForensics++_C23/NeuralTextures/135_880.mp4,1,FAKE,NeuralTextures,135
136_285,/Users/nihaldastagiri/Desktop/Major Project/FaceForensics++_C23/NeuralTextures/136_285.mp4,1,FAKE,NeuralTextures,136
137_165,/Users/nihaldastagiri/Desktop/Major Project/FaceForensics++_C23/NeuralTextures/137_165.mp4,1,FAKE,NeuralTextures,137
138_142,/Users/nihaldastagiri/Desktop/Major Project/FaceForensics++_C23/NeuralTextures/138_142.mp4,1,FAKE,NeuralTextures,138
139_130,/Users/nihaldastagiri/Desktop/Major Project/FaceForensics++_C23/NeuralTextures/139_130.mp4,1,FAKE,NeuralTextures,139
140_143,/Users/nihaldastagiri/Desktop/Major Project/FaceForensics++_C23/NeuralTextures/140_143.mp4,1,FAKE,NeuralTextures,140
141_161,/Users/nihaldastagiri/Desktop/Major Project/FaceForensics++_C23/NeuralTextures/141_161.mp4,1,FAKE,NeuralTextures,141
142_138,/Users/nihaldastagiri/Desktop/Major Project/FaceForensics++_C23/NeuralTextures/142_138.mp4,1,FAKE,NeuralTextures,142
143_140,/Users/nihaldastagiri/Desktop/Major Project/FaceForensics++_C23/NeuralTextures/143_140.mp4,1,FAKE,NeuralTextures,143
144_122,/Users/nihaldastagiri/Desktop/Major Project/FaceForensics++_C23/NeuralTextures/144_122.mp4,1,FAKE,NeuralTextures,144
145_299,/Users/nihaldastagiri/Desktop/Major Project/FaceForensics++_C23/NeuralTextures/145_299.mp4,1,FAKE,NeuralTextures,145
146_256,/Users/nihaldastagiri/Desktop/Major Project/FaceForensics++_C23/NeuralTextures/146_256.mp4,1,FAKE,NeuralTextures,146
147_055,/Users/nihaldastagiri/Desktop/Major Project/FaceForensics++_C23/NeuralTextures/147_055.mp4,1,FAKE,NeuralTextures,147
148_133,/Users/nihaldastagiri/Desktop/Major Project/FaceForensics++_C23/NeuralTextures/148_133.mp4,1,FAKE,NeuralTextures,148
149_152,/Users/nihaldastagiri/Desktop/Major Project/FaceForensics++_C23/NeuralTextures/149_152.mp4,1,FAKE,NeuralTextures,149
150_153,/Users/nihaldastagiri/Desktop/Major Project/FaceForensics++_C23/NeuralTextures/150_153.mp4,1,FAKE,NeuralTextures,150
151_225,/Users/nihaldastagiri/Desktop/Major Project/FaceForensics++_C23/NeuralTextures/151_225.mp4,1,FAKE,NeuralTextures,151
152_149,/Users/nihaldastagiri/Desktop/Major Project/FaceForensics++_C23/NeuralTextures/152_149.mp4,1,FAKE,NeuralTextures,152
153_150,/Users/nihaldastagiri/Desktop/Major Project/FaceForensics++_C23/NeuralTextures/153_150.mp4,1,FAKE,NeuralTextures,153
154_386,/Users/nihaldastagiri/Desktop/Major Project/FaceForensics++_C23/NeuralTextures/154_386.mp4,1,FAKE,NeuralTextures,154
155_576,/Users/nihaldastagiri/Desktop/Major Project/FaceForensics++_C23/NeuralTextures/155_576.mp4,1,FAKE,NeuralTextures,155
156_243,/Users/nihaldastagiri/Desktop/Major Project/FaceForensics++_C23/NeuralTextures/156_243.mp4,1,FAKE,NeuralTextures,156
157_245,/Users/nihaldastagiri/Desktop/Major Project/FaceForensics++_C23/NeuralTextures/157_245.mp4,1,FAKE,NeuralTextures,157
158_379,/Users/nihaldastagiri/Desktop/Major Project/FaceForensics++_C23/NeuralTextures/158_379.mp4,1,FAKE,NeuralTextures,158
159_175,/Users/nihaldastagiri/Desktop/Major Project/FaceForensics++_C23/NeuralTextures/159_175.mp4,1,FAKE,NeuralTextures,159
160_928,/Users/nihaldastagiri/Desktop/Major Project/FaceForensics++_C23/NeuralTextures/160_928.mp4,1,FAKE,NeuralTextures,160
161_141,/Users/nihaldastagiri/Desktop/Major Project/FaceForensics++_C23/NeuralTextures/161_141.mp4,1,FAKE,NeuralTextures,161
162_330,/Users/nihaldastagiri/Desktop/Major Project/FaceForensics++_C23/NeuralTextures/162_330.mp4,1,FAKE,NeuralTextures,162
163_031,/Users/nihaldastagiri/Desktop/Major Project/FaceForensics++_C23/NeuralTextures/163_031.mp4,1,FAKE,NeuralTextures,163
164_216,/Users/nihaldastagiri/Desktop/Major Project/FaceForensics++_C23/NeuralTextures/164_216.mp4,1,FAKE,NeuralTextures,164
165_137,/Users/nihaldastagiri/Desktop/Major Project/FaceForensics++_C23/NeuralTextures/165_137.mp4,1,FAKE,NeuralTextures,165
166_167,/Users/nihaldastagiri/Desktop/Major Project/FaceForensics++_C23/NeuralTextures/166_167.mp4,1,FAKE,NeuralTextures,166
167_166,/Users/nihaldastagiri/Desktop/Major Project/FaceForensics++_C23/NeuralTextures/167_166.mp4,1,FAKE,NeuralTextures,167
168_222,/Users/nihaldastagiri/Desktop/Major Project/FaceForensics++_C23/NeuralTextures/168_222.mp4,1,FAKE,NeuralTextures,168
169_227,/Users/nihaldastagiri/Desktop/Major Project/FaceForensics++_C23/NeuralTextures/169_227.mp4,1,FAKE,NeuralTextures,169
170_186,/Users/nihaldastagiri/Desktop/Major Project/FaceForensics++_C23/NeuralTextures/170_186.mp4,1,FAKE,NeuralTextures,170
171_173,/Users/nihaldastagiri/Desktop/Major Project/FaceForensics++_C23/NeuralTextures/171_173.mp4,1,FAKE,NeuralTextures,171
172_582,/Users/nihaldastagiri/Desktop/Major Project/FaceForensics++_C23/NeuralTextures/172_582.mp4,1,FAKE,NeuralTextures,172
173_171,/Users/nihaldastagiri/Desktop/Major Project/FaceForensics++_C23/NeuralTextures/173_171.mp4,1,FAKE,NeuralTextures,173
174_964,/Users/nihaldastagiri/Desktop/Major Project/FaceForensics++_C23/NeuralTextures/174_964.mp4,1,FAKE,NeuralTextures,174
175_159,/Users/nihaldastagiri/Desktop/Major Project/FaceForensics++_C23/NeuralTextures/175_159.mp4,1,FAKE,NeuralTextures,175
176_190,/Users/nihaldastagiri/Desktop/Major Project/FaceForensics++_C23/NeuralTextures/176_190.mp4,1,FAKE,NeuralTextures,176
177_211,/Users/nihaldastagiri/Desktop/Major Project/FaceForensics++_C23/NeuralTextures/177_211.mp4,1,FAKE,NeuralTextures,177
178_598,/Users/nihaldastagiri/Desktop/Major Project/FaceForensics++_C23/NeuralTextures/178_598.mp4,1,FAKE,NeuralTextures,178
179_212,/Users/nihaldastagiri/Desktop/Major Project/FaceForensics++_C23/NeuralTextures/179_212.mp4,1,FAKE,NeuralTextures,179
180_105,/Users/nihaldastagiri/Desktop/Major Project/FaceForensics++_C23/NeuralTextures/180_105.mp4,1,FAKE,NeuralTextures,180
181_199,/Users/nihaldastagiri/Desktop/Major Project/FaceForensics++_C23/NeuralTextures/181_199.mp4,1,FAKE,NeuralTextures,181
182_242,/Users/nihaldastagiri/Desktop/Major Project/FaceForensics++_C23/NeuralTextures/182_242.mp4,1,FAKE,NeuralTextures,182
183_253,/Users/nihaldastagiri/Desktop/Major Project/FaceForensics++_C23/NeuralTextures/183_253.mp4,1,FAKE,NeuralTextures,183
184_205,/Users/nihaldastagiri/Desktop/Major Project/FaceForensics++_C23/NeuralTextures/184_205.mp4,1,FAKE,NeuralTextures,184
185_276,/Users/nihaldastagiri/Desktop/Major Project/FaceForensics++_C23/NeuralTextures/185_276.mp4,1,FAKE,NeuralTextures,185
186_170,/Users/nihaldastagiri/Desktop/Major Project/FaceForensics++_C23/NeuralTextures/186_170.mp4,1,FAKE,NeuralTextures,186
187_234,/Users/nihaldastagiri/Desktop/Major Project/FaceForensics++_C23/NeuralTextures/187_234.mp4,1,FAKE,NeuralTextures,187
188_191,/Users/nihaldastagiri/Desktop/Major Project/FaceForensics++_C23/NeuralTextures/188_191.mp4,1,FAKE,NeuralTextures,188
189_200,/Users/nihaldastagiri/Desktop/Major Project/FaceForensics++_C23/NeuralTextures/189_200.mp4,1,FAKE,NeuralTextures,189
190_176,/Users/nihaldastagiri/Desktop/Major Project/FaceForensics++_C23/NeuralTextures/190_176.mp4,1,FAKE,NeuralTextures,190
191_188,/Users/nihaldastagiri/Desktop/Major Project/FaceForensics++_C23/NeuralTextures/191_188.mp4,1,FAKE,NeuralTextures,191
192_134,/Users/nihaldastagiri/Desktop/Major Project/FaceForensics++_C23/NeuralTextures/192_134.mp4,1,FAKE,NeuralTextures,192
193_030,/Users/nihaldastagiri/Desktop/Major Project/FaceForensics++_C23/NeuralTextures/193_030.mp4,1,FAKE,NeuralTextures,193
194_235,/Users/nihaldastagiri/Desktop/Major Project/FaceForensics++_C23/NeuralTextures/194_235.mp4,1,FAKE,NeuralTextures,194
195_442,/Users/nihaldastagiri/Desktop/Major Project/FaceForensics++_C23/NeuralTextures/195_442.mp4,1,FAKE,NeuralTextures,195
196_310,/Users/nihaldastagiri/Desktop/Major Project/FaceForensics++_C23/NeuralTextures/196_310.mp4,1,FAKE,NeuralTextures,196
197_224,/Users/nihaldastagiri/Desktop/Major Project/FaceForensics++_C23/NeuralTextures/197_224.mp4,1,FAKE,NeuralTextures,197
198_106,/Users/nihaldastagiri/Desktop/Major Project/FaceForensics++_C23/NeuralTextures/198_106.mp4,1,FAKE,NeuralTextures,198
199_181,/Users/nihaldastagiri/Desktop/Major Project/FaceForensics++_C23/NeuralTextures/199_181.mp4,1,FAKE,NeuralTextures,199
200_189,/Users/nihaldastagiri/Desktop/Major Project/FaceForensics++_C23/NeuralTextures/200_189.mp4,1,FAKE,NeuralTextures,200
201_203,/Users/nihaldastagiri/Desktop/Major Project/FaceForensics++_C23/NeuralTextures/201_203.mp4,1,FAKE,NeuralTextures,201
202_348,/Users/nihaldastagiri/Desktop/Major Project/FaceForensics++_C23/NeuralTextures/202_348.mp4,1,FAKE,NeuralTextures,202
203_201,/Users/nihaldastagiri/Desktop/Major Project/FaceForensics++_C23/NeuralTextures/203_201.mp4,1,FAKE,NeuralTextures,203
204_230,/Users/nihaldastagiri/Desktop/Major Project/FaceForensics++_C23/NeuralTextures/204_230.mp4,1,FAKE,NeuralTextures,204
205_184,/Users/nihaldastagiri/Desktop/Major Project/FaceForensics++_C23/NeuralTextures/205_184.mp4,1,FAKE,NeuralTextures,205
206_221,/Users/nihaldastagiri/Desktop/Major Project/FaceForensics++_C23/NeuralTextures/206_221.mp4,1,FAKE,NeuralTextures,206
207_908,/Users/nihaldastagiri/Desktop/Major Project/FaceForensics++_C23/NeuralTextures/207_908.mp4,1,FAKE,NeuralTextures,207
208_215,/Users/nihaldastagiri/Desktop/Major Project/FaceForensics++_C23/NeuralTextures/208_215.mp4,1,FAKE,NeuralTextures,208
209_016,/Users/nihaldastagiri/Desktop/Major Project/FaceForensics++_C23/NeuralTextures/209_016.mp4,1,FAKE,NeuralTextures,209
210_241,/Users/nihaldastagiri/Desktop/Major Project/FaceForensics++_C23/NeuralTextures/210_241.mp4,1,FAKE,NeuralTextures,210
211_177,/Users/nihaldastagiri/Desktop/Major Project/FaceForensics++_C23/NeuralTextures/211_177.mp4,1,FAKE,NeuralTextures,211
212_179,/Users/nihaldastagiri/Desktop/Major Project/FaceForensics++_C23/NeuralTextures/212_179.mp4,1,FAKE,NeuralTextures,212
213_083,/Users/nihaldastagiri/Desktop/Major Project/FaceForensics++_C23/NeuralTextures/213_083.mp4,1,FAKE,NeuralTextures,213
214_255,/Users/nihaldastagiri/Desktop/Major Project/FaceForensics++_C23/NeuralTextures/214_255.mp4,1,FAKE,NeuralTextures,214
215_208,/Users/nihaldastagiri/Desktop/Major Project/FaceForensics++_C23/NeuralTextures/215_208.mp4,1,FAKE,NeuralTextures,215
216_164,/Users/nihaldastagiri/Desktop/Major Project/FaceForensics++_C23/NeuralTextures/216_164.mp4,1,FAKE,NeuralTextures,216
217_117,/Users/nihaldastagiri/Desktop/Major Project/FaceForensics++_C23/NeuralTextures/217_117.mp4,1,FAKE,NeuralTextures,217
218_239,/Users/nihaldastagiri/Desktop/Major Project/FaceForensics++_C23/NeuralTextures/218_239.mp4,1,FAKE,NeuralTextures,218
219_220,/Users/nihaldastagiri/Desktop/Major Project/FaceForensics++_C23/NeuralTextures/219_220.mp4,1,FAKE,NeuralTextures,219
220_219,/Users/nihaldastagiri/Desktop/Major Project/FaceForensics++_C23/NeuralTextures/220_219.mp4,1,FAKE,NeuralTextures,220
221_206,/Users/nihaldastagiri/Desktop/Major Project/FaceForensics++_C23/NeuralTextures/221_206.mp4,1,FAKE,NeuralTextures,221
222_168,/Users/nihaldastagiri/Desktop/Major Project/FaceForensics++_C23/NeuralTextures/222_168.mp4,1,FAKE,NeuralTextures,222
223_586,/Users/nihaldastagiri/Desktop/Major Project/FaceForensics++_C23/NeuralTextures/223_586.mp4,1,FAKE,NeuralTextures,223
224_197,/Users/nihaldastagiri/Desktop/Major Project/FaceForensics++_C23/NeuralTextures/224_197.mp4,1,FAKE,NeuralTextures,224
225_151,/Users/nihaldastagiri/Desktop/Major Project/FaceForensics++_C23/NeuralTextures/225_151.mp4,1,FAKE,NeuralTextures,225
226_491,/Users/nihaldastagiri/Desktop/Major Project/FaceForensics++_C23/NeuralTextures/226_491.mp4,1,FAKE,NeuralTextures,226
227_169,/Users/nihaldastagiri/Desktop/Major Project/FaceForensics++_C23/NeuralTextures/227_169.mp4,1,FAKE,NeuralTextures,227
228_289,/Users/nihaldastagiri/Desktop/Major Project/FaceForensics++_C23/NeuralTextures/228_289.mp4,1,FAKE,NeuralTextures,228
229_247,/Users/nihaldastagiri/Desktop/Major Project/FaceForensics++_C23/NeuralTextures/229_247.mp4,1,FAKE,NeuralTextures,229
230_204,/Users/nihaldastagiri/Desktop/Major Project/FaceForensics++_C23/NeuralTextures/230_204.mp4,1,FAKE,NeuralTextures,230
231_663,/Users/nihaldastagiri/Desktop/Major Project/FaceForensics++_C23/NeuralTextures/231_663.mp4,1,FAKE,NeuralTextures,231
232_248,/Users/nihaldastagiri/Desktop/Major Project/FaceForensics++_C23/NeuralTextures/232_248.mp4,1,FAKE,NeuralTextures,232
233_995,/Users/nihaldastagiri/Desktop/Major Project/FaceForensics++_C23/NeuralTextures/233_995.mp4,1,FAKE,NeuralTextures,233
234_187,/Users/nihaldastagiri/Desktop/Major Project/FaceForensics++_C23/NeuralTextures/234_187.mp4,1,FAKE,NeuralTextures,234
235_194,/Users/nihaldastagiri/Desktop/Major Project/FaceForensics++_C23/NeuralTextures/235_194.mp4,1,FAKE,NeuralTextures,235
236_237,/Users/nihaldastagiri/Desktop/Major Project/FaceForensics++_C23/NeuralTextures/236_237.mp4,1,FAKE,NeuralTextures,236
237_236,/Users/nihaldastagiri/Desktop/Major Project/FaceForensics++_C23/NeuralTextures/237_236.mp4,1,FAKE,NeuralTextures,237
238_282,/Users/nihaldastagiri/Desktop/Major Project/FaceForensics++_C23/NeuralTextures/238_282.mp4,1,FAKE,NeuralTextures,238
239_218,/Users/nihaldastagiri/Desktop/Major Project/FaceForensics++_C23/NeuralTextures/239_218.mp4,1,FAKE,NeuralTextures,239
240_290,/Users/nihaldastagiri/Desktop/Major Project/FaceForensics++_C23/NeuralTextures/240_290.mp4,1,FAKE,NeuralTextures,240
241_210,/Users/nihaldastagiri/Desktop/Major Project/FaceForensics++_C23/NeuralTextures/241_210.mp4,1,FAKE,NeuralTextures,241
242_182,/Users/nihaldastagiri/Desktop/Major Project/FaceForensics++_C23/NeuralTextures/242_182.mp4,1,FAKE,NeuralTextures,242
243_156,/Users/nihaldastagiri/Desktop/Major Project/FaceForensics++_C23/NeuralTextures/243_156.mp4,1,FAKE,NeuralTextures,243
244_822,/Users/nihaldastagiri/Desktop/Major Project/FaceForensics++_C23/NeuralTextures/244_822.mp4,1,FAKE,NeuralTextures,244
245_157,/Users/nihaldastagiri/Desktop/Major Project/FaceForensics++_C23/NeuralTextures/245_157.mp4,1,FAKE,NeuralTextures,245
246_258,/Users/nihaldastagiri/Desktop/Major Project/FaceForensics++_C23/NeuralTextures/246_258.mp4,1,FAKE,NeuralTextures,246
247_229,/Users/nihaldastagiri/Desktop/Major Project/FaceForensics++_C23/NeuralTextures/247_229.mp4,1,FAKE,NeuralTextures,247
248_232,/Users/nihaldastagiri/Desktop/Major Project/FaceForensics++_C23/NeuralTextures/248_232.mp4,1,FAKE,NeuralTextures,248
249_280,/Users/nihaldastagiri/Desktop/Major Project/FaceForensics++_C23/NeuralTextures/249_280.mp4,1,FAKE,NeuralTextures,249
250_461,/Users/nihaldastagiri/Desktop/Major Project/FaceForensics++_C23/NeuralTextures/250_461.mp4,1,FAKE,NeuralTextures,250
251_375,/Users/nihaldastagiri/Desktop/Major Project/FaceForensics++_C23/NeuralTextures/251_375.mp4,1,FAKE,NeuralTextures,251
252_266,/Users/nihaldastagiri/Desktop/Major Project/FaceForensics++_C23/NeuralTextures/252_266.mp4,1,FAKE,NeuralTextures,252
253_183,/Users/nihaldastagiri/Desktop/Major Project/FaceForensics++_C23/NeuralTextures/253_183.mp4,1,FAKE,NeuralTextures,253
254_261,/Users/nihaldastagiri/Desktop/Major Project/FaceForensics++_C23/NeuralTextures/254_261.mp4,1,FAKE,NeuralTextures,254
255_214,/Users/nihaldastagiri/Desktop/Major Project/FaceForensics++_C23/NeuralTextures/255_214.mp4,1,FAKE,NeuralTextures,255
256_146,/Users/nihaldastagiri/Desktop/Major Project/FaceForensics++_C23/NeuralTextures/256_146.mp4,1,FAKE,NeuralTextures,256
257_420,/Users/nihaldastagiri/Desktop/Major Project/FaceForensics++_C23/NeuralTextures/257_420.mp4,1,FAKE,NeuralTextures,257
258_246,/Users/nihaldastagiri/Desktop/Major Project/FaceForensics++_C23/NeuralTextures/258_246.mp4,1,FAKE,NeuralTextures,258
259_345,/Users/nihaldastagiri/Desktop/Major Project/FaceForensics++_C23/NeuralTextures/259_345.mp4,1,FAKE,NeuralTextures,259
260_331,/Users/nihaldastagiri/Desktop/Major Project/FaceForensics++_C23/NeuralTextures/260_331.mp4,1,FAKE,NeuralTextures,260
261_254,/Users/nihaldastagiri/Desktop/Major Project/FaceForensics++_C23/NeuralTextures/261_254.mp4,1,FAKE,NeuralTextures,261
262_301,/Users/nihaldastagiri/Desktop/Major Project/FaceForensics++_C23/NeuralTextures/262_301.mp4,1,FAKE,NeuralTextures,262
263_284,/Users/nihaldastagiri/Desktop/Major Project/FaceForensics++_C23/NeuralTextures/263_284.mp4,1,FAKE,NeuralTextures,263
264_271,/Users/nihaldastagiri/Desktop/Major Project/FaceForensics++_C23/NeuralTextures/264_271.mp4,1,FAKE,NeuralTextures,264
265_475,/Users/nihaldastagiri/Desktop/Major Project/FaceForensics++_C23/NeuralTextures/265_475.mp4,1,FAKE,NeuralTextures,265
266_252,/Users/nihaldastagiri/Desktop/Major Project/FaceForensics++_C23/NeuralTextures/266_252.mp4,1,FAKE,NeuralTextures,266
267_286,/Users/nihaldastagiri/Desktop/Major Project/FaceForensics++_C23/NeuralTextures/267_286.mp4,1,FAKE,NeuralTextures,267
268_269,/Users/nihaldastagiri/Desktop/Major Project/FaceForensics++_C23/NeuralTextures/268_269.mp4,1,FAKE,NeuralTextures,268
269_268,/Users/nihaldastagiri/Desktop/Major Project/FaceForensics++_C23/NeuralTextures/269_268.mp4,1,FAKE,NeuralTextures,269
270_297,/Users/nihaldastagiri/Desktop/Major Project/FaceForensics++_C23/NeuralTextures/270_297.mp4,1,FAKE,NeuralTextures,270
271_264,/Users/nihaldastagiri/Desktop/Major Project/FaceForensics++_C23/NeuralTextures/271_264.mp4,1,FAKE,NeuralTextures,271
272_396,/Users/nihaldastagiri/Desktop/Major Project/FaceForensics++_C23/NeuralTextures/272_396.mp4,1,FAKE,NeuralTextures,272
273_807,/Users/nihaldastagiri/Desktop/Major Project/FaceForensics++_C23/NeuralTextures/273_807.mp4,1,FAKE,NeuralTextures,273
274_412,/Users/nihaldastagiri/Desktop/Major Project/FaceForensics++_C23/NeuralTextures/274_412.mp4,1,FAKE,NeuralTextures,274
275_887,/Users/nihaldastagiri/Desktop/Major Project/FaceForensics++_C23/NeuralTextures/275_887.mp4,1,FAKE,NeuralTextures,275
276_185,/Users/nihaldastagiri/Desktop/Major Project/FaceForensics++_C23/NeuralTextures/276_185.mp4,1,FAKE,NeuralTextures,276
277_335,/Users/nihaldastagiri/Desktop/Major Project/FaceForensics++_C23/NeuralTextures/277_335.mp4,1,FAKE,NeuralTextures,277
278_306,/Users/nihaldastagiri/Desktop/Major Project/FaceForensics++_C23/NeuralTextures/278_306.mp4,1,FAKE,NeuralTextures,278
279_298,/Users/nihaldastagiri/Desktop/Major Project/FaceForensics++_C23/NeuralTextures/279_298.mp4,1,FAKE,NeuralTextures,279
280_249,/Users/nihaldastagiri/Desktop/Major Project/FaceForensics++_C23/NeuralTextures/280_249.mp4,1,FAKE,NeuralTextures,280
281_474,/Users/nihaldastagiri/Desktop/Major Project/FaceForensics++_C23/NeuralTextures/281_474.mp4,1,FAKE,NeuralTextures,281
282_238,/Users/nihaldastagiri/Desktop/Major Project/FaceForensics++_C23/NeuralTextures/282_238.mp4,1,FAKE,NeuralTextures,282
283_313,/Users/nihaldastagiri/Desktop/Major Project/FaceForensics++_C23/NeuralTextures/283_313.mp4,1,FAKE,NeuralTextures,283
284_263,/Users/nihaldastagiri/Desktop/Major Project/FaceForensics++_C23/NeuralTextures/284_263.mp4,1,FAKE,NeuralTextures,284
285_136,/Users/nihaldastagiri/Desktop/Major Project/FaceForensics++_C23/NeuralTextures/285_136.mp4,1,FAKE,NeuralTextures,285
286_267,/Users/nihaldastagiri/Desktop/Major Project/FaceForensics++_C23/NeuralTextures/286_267.mp4,1,FAKE,NeuralTextures,286
287_426,/Users/nihaldastagiri/Desktop/Major Project/FaceForensics++_C23/NeuralTextures/287_426.mp4,1,FAKE,NeuralTextures,287
288_321,/Users/nihaldastagiri/Desktop/Major Project/FaceForensics++_C23/NeuralTextures/288_321.mp4,1,FAKE,NeuralTextures,288
289_228,/Users/nihaldastagiri/Desktop/Major Project/FaceForensics++_C23/NeuralTextures/289_228.mp4,1,FAKE,NeuralTextures,289
290_240,/Users/nihaldastagiri/Desktop/Major Project/FaceForensics++_C23/NeuralTextures/290_240.mp4,1,FAKE,NeuralTextures,290
291_874,/Users/nihaldastagiri/Desktop/Major Project/FaceForensics++_C23/NeuralTextures/291_874.mp4,1,FAKE,NeuralTextures,291
292_294,/Users/nihaldastagiri/Desktop/Major Project/FaceForensics++_C23/NeuralTextures/292_294.mp4,1,FAKE,NeuralTextures,292
293_296,/Users/nihaldastagiri/Desktop/Major Project/FaceForensics++_C23/NeuralTextures/293_296.mp4,1,FAKE,NeuralTextures,293
294_292,/Users/nihaldastagiri/Desktop/Major Project/FaceForensics++_C23/NeuralTextures/294_292.mp4,1,FAKE,NeuralTextures,294
295_099,/Users/nihaldastagiri/Desktop/Major Project/FaceForensics++_C23/NeuralTextures/295_099.mp4,1,FAKE,NeuralTextures,295
296_293,/Users/nihaldastagiri/Desktop/Major Project/FaceForensics++_C23/NeuralTextures/296_293.mp4,1,FAKE,NeuralTextures,296
297_270,/Users/nihaldastagiri/Desktop/Major Project/FaceForensics++_C23/NeuralTextures/297_270.mp4,1,FAKE,NeuralTextures,297
298_279,/Users/nihaldastagiri/Desktop/Major Project/FaceForensics++_C23/NeuralTextures/298_279.mp4,1,FAKE,NeuralTextures,298
299_145,/Users/nihaldastagiri/Desktop/Major Project/FaceForensics++_C23/NeuralTextures/299_145.mp4,1,FAKE,NeuralTextures,299
300_304,/Users/nihaldastagiri/Desktop/Major Project/FaceForensics++_C23/NeuralTextures/300_304.mp4,1,FAKE,NeuralTextures,300
301_262,/Users/nihaldastagiri/Desktop/Major Project/FaceForensics++_C23/NeuralTextures/301_262.mp4,1,FAKE,NeuralTextures,301
302_323,/Users/nihaldastagiri/Desktop/Major Project/FaceForensics++_C23/NeuralTextures/302_323.mp4,1,FAKE,NeuralTextures,302
303_309,/Users/nihaldastagiri/Desktop/Major Project/FaceForensics++_C23/NeuralTextures/303_309.mp4,1,FAKE,NeuralTextures,303
304_300,/Users/nihaldastagiri/Desktop/Major Project/FaceForensics++_C23/NeuralTextures/304_300.mp4,1,FAKE,NeuralTextures,304
305_513,/Users/nihaldastagiri/Desktop/Major Project/FaceForensics++_C23/NeuralTextures/305_513.mp4,1,FAKE,NeuralTextures,305
306_278,/Users/nihaldastagiri/Desktop/Major Project/FaceForensics++_C23/NeuralTextures/306_278.mp4,1,FAKE,NeuralTextures,306
307_365,/Users/nihaldastagiri/Desktop/Major Project/FaceForensics++_C23/NeuralTextures/307_365.mp4,1,FAKE,NeuralTextures,307
308_388,/Users/nihaldastagiri/Desktop/Major Project/FaceForensics++_C23/NeuralTextures/308_388.mp4,1,FAKE,NeuralTextures,308
309_303,/Users/nihaldastagiri/Desktop/Major Project/FaceForensics++_C23/NeuralTextures/309_303.mp4,1,FAKE,NeuralTextures,309
310_196,/Users/nihaldastagiri/Desktop/Major Project/FaceForensics++_C23/NeuralTextures/310_196.mp4,1,FAKE,NeuralTextures,310
311_387,/Users/nihaldastagiri/Desktop/Major Project/FaceForensics++_C23/NeuralTextures/311_387.mp4,1,FAKE,NeuralTextures,311
312_021,/Users/nihaldastagiri/Desktop/Major Project/FaceForensics++_C23/NeuralTextures/312_021.mp4,1,FAKE,NeuralTextures,312
313_283,/Users/nihaldastagiri/Desktop/Major Project/FaceForensics++_C23/NeuralTextures/313_283.mp4,1,FAKE,NeuralTextures,313
314_347,/Users/nihaldastagiri/Desktop/Major Project/FaceForensics++_C23/NeuralTextures/314_347.mp4,1,FAKE,NeuralTextures,314
315_322,/Users/nihaldastagiri/Desktop/Major Project/FaceForensics++_C23/NeuralTextures/315_322.mp4,1,FAKE,NeuralTextures,315
316_369,/Users/nihaldastagiri/Desktop/Major Project/FaceForensics++_C23/NeuralTextures/316_369.mp4,1,FAKE,NeuralTextures,316
317_359,/Users/nihaldastagiri/Desktop/Major Project/FaceForensics++_C23/NeuralTextures/317_359.mp4,1,FAKE,NeuralTextures,317
318_334,/Users/nihaldastagiri/Desktop/Major Project/FaceForensics++_C23/NeuralTextures/318_334.mp4,1,FAKE,NeuralTextures,318
319_352,/Users/nihaldastagiri/Desktop/Major Project/FaceForensics++_C23/NeuralTextures/319_352.mp4,1,FAKE,NeuralTextures,319
320_328,/Users/nihaldastagiri/Desktop/Major Project/FaceForensics++_C23/NeuralTextures/320_328.mp4,1,FAKE,NeuralTextures,320
321_288,/Users/nihaldastagiri/Desktop/Major Project/FaceForensics++_C23/NeuralTextures/321_288.mp4,1,FAKE,NeuralTextures,321
322_315,/Users/nihaldastagiri/Desktop/Major Project/FaceForensics++_C23/NeuralTextures/322_315.mp4,1,FAKE,NeuralTextures,322
323_302,/Users/nihaldastagiri/Desktop/Major Project/FaceForensics++_C23/NeuralTextures/323_302.mp4,1,FAKE,NeuralTextures,323
324_356,/Users/nihaldastagiri/Desktop/Major Project/FaceForensics++_C23/NeuralTextures/324_356.mp4,1,FAKE,NeuralTextures,324
325_492,/Users/nihaldastagiri/Desktop/Major Project/FaceForensics++_C23/NeuralTextures/325_492.mp4,1,FAKE,NeuralTextures,325
326_501,/Users/nihaldastagiri/Desktop/Major Project/FaceForensics++_C23/NeuralTextures/326_501.mp4,1,FAKE,NeuralTextures,326
327_329,/Users/nihaldastagiri/Desktop/Major Project/FaceForensics++_C23/NeuralTextures/327_329.mp4,1,FAKE,NeuralTextures,327
328_320,/Users/nihaldastagiri/Desktop/Major Project/FaceForensics++_C23/NeuralTextures/328_320.mp4,1,FAKE,NeuralTextures,328
329_327,/Users/nihaldastagiri/Desktop/Major Project/FaceForensics++_C23/NeuralTextures/329_327.mp4,1,FAKE,NeuralTextures,329
330_162,/Users/nihaldastagiri/Desktop/Major Project/FaceForensics++_C23/NeuralTextures/330_162.mp4,1,FAKE,NeuralTextures,330
331_260,/Users/nihaldastagiri/Desktop/Major Project/FaceForensics++_C23/NeuralTextures/331_260.mp4,1,FAKE,NeuralTextures,331
332_051,/Users/nihaldastagiri/Desktop/Major Project/FaceForensics++_C23/NeuralTextures/332_051.mp4,1,FAKE,NeuralTextures,332
333_377,/Users/nihaldastagiri/Desktop/Major Project/FaceForensics++_C23/NeuralTextures/333_377.mp4,1,FAKE,NeuralTextures,333
334_318,/Users/nihaldastagiri/Desktop/Major Project/FaceForensics++_C23/NeuralTextures/334_318.mp4,1,FAKE,NeuralTextures,334
335_277,/Users/nihaldastagiri/Desktop/Major Project/FaceForensics++_C23/NeuralTextures/335_277.mp4,1,FAKE,NeuralTextures,335
336_338,/Users/nihaldastagiri/Desktop/Major Project/FaceForensics++_C23/NeuralTextures/336_338.mp4,1,FAKE,NeuralTextures,336
337_522,/Users/nihaldastagiri/Desktop/Major Project/FaceForensics++_C23/NeuralTextures/337_522.mp4,1,FAKE,NeuralTextures,337
338_336,/Users/nihaldastagiri/Desktop/Major Project/FaceForensics++_C23/NeuralTextures/338_336.mp4,1,FAKE,NeuralTextures,338
339_392,/Users/nihaldastagiri/Desktop/Major Project/FaceForensics++_C23/NeuralTextures/339_392.mp4,1,FAKE,NeuralTextures,339
340_341,/Users/nihaldastagiri/Desktop/Major Project/FaceForensics++_C23/NeuralTextures/340_341.mp4,1,FAKE,NeuralTextures,340
341_340,/Users/nihaldastagiri/Desktop/Major Project/FaceForensics++_C23/NeuralTextures/341_340.mp4,1,FAKE,NeuralTextures,341
342_416,/Users/nihaldastagiri/Desktop/Major Project/FaceForensics++_C23/NeuralTextures/342_416.mp4,1,FAKE,NeuralTextures,342
343_363,/Users/nihaldastagiri/Desktop/Major Project/FaceForensics++_C23/NeuralTextures/343_363.mp4,1,FAKE,NeuralTextures,343
344_020,/Users/nihaldastagiri/Desktop/Major Project/FaceForensics++_C23/NeuralTextures/344_020.mp4,1,FAKE,NeuralTextures,344
345_259,/Users/nihaldastagiri/Desktop/Major Project/FaceForensics++_C23/NeuralTextures/345_259.mp4,1,FAKE,NeuralTextures,345
346_351,/Users/nihaldastagiri/Desktop/Major Project/FaceForensics++_C23/NeuralTextures/346_351.mp4,1,FAKE,NeuralTextures,346
347_314,/Users/nihaldastagiri/Desktop/Major Project/FaceForensics++_C23/NeuralTextures/347_314.mp4,1,FAKE,NeuralTextures,347
348_202,/Users/nihaldastagiri/Desktop/Major Project/FaceForensics++_C23/NeuralTextures/348_202.mp4,1,FAKE,NeuralTextures,348
349_350,/Users/nihaldastagiri/Desktop/Major Project/FaceForensics++_C23/NeuralTextures/349_350.mp4,1,FAKE,NeuralTextures,349
350_349,/Users/nihaldastagiri/Desktop/Major Project/FaceForensics++_C23/NeuralTextures/350_349.mp4,1,FAKE,NeuralTextures,350
351_346,/Users/nihaldastagiri/Desktop/Major Project/FaceForensics++_C23/NeuralTextures/351_346.mp4,1,FAKE,NeuralTextures,351
352_319,/Users/nihaldastagiri/Desktop/Major Project/FaceForensics++_C23/NeuralTextures/352_319.mp4,1,FAKE,NeuralTextures,352
353_383,/Users/nihaldastagiri/Desktop/Major Project/FaceForensics++_C23/NeuralTextures/353_383.mp4,1,FAKE,NeuralTextures,353
354_362,/Users/nihaldastagiri/Desktop/Major Project/FaceForensics++_C23/NeuralTextures/354_362.mp4,1,FAKE,NeuralTextures,354
355_748,/Users/nihaldastagiri/Desktop/Major Project/FaceForensics++_C23/NeuralTextures/355_748.mp4,1,FAKE,NeuralTextures,355
356_324,/Users/nihaldastagiri/Desktop/Major Project/FaceForensics++_C23/NeuralTextures/356_324.mp4,1,FAKE,NeuralTextures,356
357_432,/Users/nihaldastagiri/Desktop/Major Project/FaceForensics++_C23/NeuralTextures/357_432.mp4,1,FAKE,NeuralTextures,357
358_380,/Users/nihaldastagiri/Desktop/Major Project/FaceForensics++_C23/NeuralTextures/358_380.mp4,1,FAKE,NeuralTextures,358
359_317,/Users/nihaldastagiri/Desktop/Major Project/FaceForensics++_C23/NeuralTextures/359_317.mp4,1,FAKE,NeuralTextures,359
360_437,/Users/nihaldastagiri/Desktop/Major Project/FaceForensics++_C23/NeuralTextures/360_437.mp4,1,FAKE,NeuralTextures,360
361_448,/Users/nihaldastagiri/Desktop/Major Project/FaceForensics++_C23/NeuralTextures/361_448.mp4,1,FAKE,NeuralTextures,361
362_354,/Users/nihaldastagiri/Desktop/Major Project/FaceForensics++_C23/NeuralTextures/362_354.mp4,1,FAKE,NeuralTextures,362
363_343,/Users/nihaldastagiri/Desktop/Major Project/FaceForensics++_C23/NeuralTextures/363_343.mp4,1,FAKE,NeuralTextures,363
364_440,/Users/nihaldastagiri/Desktop/Major Project/FaceForensics++_C23/NeuralTextures/364_440.mp4,1,FAKE,NeuralTextures,364
365_307,/Users/nihaldastagiri/Desktop/Major Project/FaceForensics++_C23/NeuralTextures/365_307.mp4,1,FAKE,NeuralTextures,365
366_473,/Users/nihaldastagiri/Desktop/Major Project/FaceForensics++_C23/NeuralTextures/366_473.mp4,1,FAKE,NeuralTextures,366
367_371,/Users/nihaldastagiri/Desktop/Major Project/FaceForensics++_C23/NeuralTextures/367_371.mp4,1,FAKE,NeuralTextures,367
368_378,/Users/nihaldastagiri/Desktop/Major Project/FaceForensics++_C23/NeuralTextures/368_378.mp4,1,FAKE,NeuralTextures,368
369_316,/Users/nihaldastagiri/Desktop/Major Project/FaceForensics++_C23/NeuralTextures/369_316.mp4,1,FAKE,NeuralTextures,369
370_483,/Users/nihaldastagiri/Desktop/Major Project/FaceForensics++_C23/NeuralTextures/370_483.mp4,1,FAKE,NeuralTextures,370
371_367,/Users/nihaldastagiri/Desktop/Major Project/FaceForensics++_C23/NeuralTextures/371_367.mp4,1,FAKE,NeuralTextures,371
372_413,/Users/nihaldastagiri/Desktop/Major Project/FaceForensics++_C23/NeuralTextures/372_413.mp4,1,FAKE,NeuralTextures,372
373_394,/Users/nihaldastagiri/Desktop/Major Project/FaceForensics++_C23/NeuralTextures/373_394.mp4,1,FAKE,NeuralTextures,373
374_407,/Users/nihaldastagiri/Desktop/Major Project/FaceForensics++_C23/NeuralTextures/374_407.mp4,1,FAKE,NeuralTextures,374
375_251,/Users/nihaldastagiri/Desktop/Major Project/FaceForensics++_C23/NeuralTextures/375_251.mp4,1,FAKE,NeuralTextures,375
376_381,/Users/nihaldastagiri/Desktop/Major Project/FaceForensics++_C23/NeuralTextures/376_381.mp4,1,FAKE,NeuralTextures,376
377_333,/Users/nihaldastagiri/Desktop/Major Project/FaceForensics++_C23/NeuralTextures/377_333.mp4,1,FAKE,NeuralTextures,377
378_368,/Users/nihaldastagiri/Desktop/Major Project/FaceForensics++_C23/NeuralTextures/378_368.mp4,1,FAKE,NeuralTextures,378
379_158,/Users/nihaldastagiri/Desktop/Major Project/FaceForensics++_C23/NeuralTextures/379_158.mp4,1,FAKE,NeuralTextures,379
380_358,/Users/nihaldastagiri/Desktop/Major Project/FaceForensics++_C23/NeuralTextures/380_358.mp4,1,FAKE,NeuralTextures,380
381_376,/Users/nihaldastagiri/Desktop/Major Project/FaceForensics++_C23/NeuralTextures/381_376.mp4,1,FAKE,NeuralTextures,381
382_409,/Users/nihaldastagiri/Desktop/Major Project/FaceForensics++_C23/NeuralTextures/382_409.mp4,1,FAKE,NeuralTextures,382
383_353,/Users/nihaldastagiri/Desktop/Major Project/FaceForensics++_C23/NeuralTextures/383_353.mp4,1,FAKE,NeuralTextures,383
384_932,/Users/nihaldastagiri/Desktop/Major Project/FaceForensics++_C23/NeuralTextures/384_932.mp4,1,FAKE,NeuralTextures,384
385_414,/Users/nihaldastagiri/Desktop/Major Project/FaceForensics++_C23/NeuralTextures/385_414.mp4,1,FAKE,NeuralTextures,385
386_154,/Users/nihaldastagiri/Desktop/Major Project/FaceForensics++_C23/NeuralTextures/386_154.mp4,1,FAKE,NeuralTextures,386
387_311,/Users/nihaldastagiri/Desktop/Major Project/FaceForensics++_C23/NeuralTextures/387_311.mp4,1,FAKE,NeuralTextures,387
388_308,/Users/nihaldastagiri/Desktop/Major Project/FaceForensics++_C23/NeuralTextures/388_308.mp4,1,FAKE,NeuralTextures,388
389_480,/Users/nihaldastagiri/Desktop/Major Project/FaceForensics++_C23/NeuralTextures/389_480.mp4,1,FAKE,NeuralTextures,389
390_709,/Users/nihaldastagiri/Desktop/Major Project/FaceForensics++_C23/NeuralTextures/390_709.mp4,1,FAKE,NeuralTextures,390
391_406,/Users/nihaldastagiri/Desktop/Major Project/FaceForensics++_C23/NeuralTextures/391_406.mp4,1,FAKE,NeuralTextures,391
392_339,/Users/nihaldastagiri/Desktop/Major Project/FaceForensics++_C23/NeuralTextures/392_339.mp4,1,FAKE,NeuralTextures,392
393_405,/Users/nihaldastagiri/Desktop/Major Project/FaceForensics++_C23/NeuralTextures/393_405.mp4,1,FAKE,NeuralTextures,393
394_373,/Users/nihaldastagiri/Desktop/Major Project/FaceForensics++_C23/NeuralTextures/394_373.mp4,1,FAKE,NeuralTextures,394
395_401,/Users/nihaldastagiri/Desktop/Major Project/FaceForensics++_C23/NeuralTextures/395_401.mp4,1,FAKE,NeuralTextures,395
396_272,/Users/nihaldastagiri/Desktop/Major Project/FaceForensics++_C23/NeuralTextures/396_272.mp4,1,FAKE,NeuralTextures,396
397_602,/Users/nihaldastagiri/Desktop/Major Project/FaceForensics++_C23/NeuralTextures/397_602.mp4,1,FAKE,NeuralTextures,397
398_457,/Users/nihaldastagiri/Desktop/Major Project/FaceForensics++_C23/NeuralTextures/398_457.mp4,1,FAKE,NeuralTextures,398
399_488,/Users/nihaldastagiri/Desktop/Major Project/FaceForensics++_C23/NeuralTextures/399_488.mp4,1,FAKE,NeuralTextures,399
400_476,/Users/nihaldastagiri/Desktop/Major Project/FaceForensics++_C23/NeuralTextures/400_476.mp4,1,FAKE,NeuralTextures,400
401_395,/Users/nihaldastagiri/Desktop/Major Project/FaceForensics++_C23/NeuralTextures/401_395.mp4,1,FAKE,NeuralTextures,401
402_453,/Users/nihaldastagiri/Desktop/Major Project/FaceForensics++_C23/NeuralTextures/402_453.mp4,1,FAKE,NeuralTextures,402
403_497,/Users/nihaldastagiri/Desktop/Major Project/FaceForensics++_C23/NeuralTextures/403_497.mp4,1,FAKE,NeuralTextures,403
404_429,/Users/nihaldastagiri/Desktop/Major Project/FaceForensics++_C23/NeuralTextures/404_429.mp4,1,FAKE,NeuralTextures,404
405_393,/Users/nihaldastagiri/Desktop/Major Project/FaceForensics++_C23/NeuralTextures/405_393.mp4,1,FAKE,NeuralTextures,405
406_391,/Users/nihaldastagiri/Desktop/Major Project/FaceForensics++_C23/NeuralTextures/406_391.mp4,1,FAKE,NeuralTextures,406
407_374,/Users/nihaldastagiri/Desktop/Major Project/FaceForensics++_C23/NeuralTextures/407_374.mp4,1,FAKE,NeuralTextures,407
408_424,/Users/nihaldastagiri/Desktop/Major Project/FaceForensics++_C23/NeuralTextures/408_424.mp4,1,FAKE,NeuralTextures,408
409_382,/Users/nihaldastagiri/Desktop/Major Project/FaceForensics++_C23/NeuralTextures/409_382.mp4,1,FAKE,NeuralTextures,409
410_411,/Users/nihaldastagiri/Desktop/Major Project/FaceForensics++_C23/NeuralTextures/410_411.mp4,1,FAKE,NeuralTextures,410
411_410,/Users/nihaldastagiri/Desktop/Major Project/FaceForensics++_C23/NeuralTextures/411_410.mp4,1,FAKE,NeuralTextures,411
412_274,/Users/nihaldastagiri/Desktop/Major Project/FaceForensics++_C23/NeuralTextures/412_274.mp4,1,FAKE,NeuralTextures,412
413_372,/Users/nihaldastagiri/Desktop/Major Project/FaceForensics++_C23/NeuralTextures/413_372.mp4,1,FAKE,NeuralTextures,413
414_385,/Users/nihaldastagiri/Desktop/Major Project/FaceForensics++_C23/NeuralTextures/414_385.mp4,1,FAKE,NeuralTextures,414
415_484,/Users/nihaldastagiri/Desktop/Major Project/FaceForensics++_C23/NeuralTextures/415_484.mp4,1,FAKE,NeuralTextures,415
416_342,/Users/nihaldastagiri/Desktop/Major Project/FaceForensics++_C23/NeuralTextures/416_342.mp4,1,FAKE,NeuralTextures,416
417_496,/Users/nihaldastagiri/Desktop/Major Project/FaceForensics++_C23/NeuralTextures/417_496.mp4,1,FAKE,NeuralTextures,417
418_507,/Users/nihaldastagiri/Desktop/Major Project/FaceForensics++_C23/NeuralTextures/418_507.mp4,1,FAKE,NeuralTextures,418
419_824,/Users/nihaldastagiri/Desktop/Major Project/FaceForensics++_C23/NeuralTextures/419_824.mp4,1,FAKE,NeuralTextures,419
420_257,/Users/nihaldastagiri/Desktop/Major Project/FaceForensics++_C23/NeuralTextures/420_257.mp4,1,FAKE,NeuralTextures,420
421_423,/Users/nihaldastagiri/Desktop/Major Project/FaceForensics++_C23/NeuralTextures/421_423.mp4,1,FAKE,NeuralTextures,421
422_695,/Users/nihaldastagiri/Desktop/Major Project/FaceForensics++_C23/NeuralTextures/422_695.mp4,1,FAKE,NeuralTextures,422
423_421,/Users/nihaldastagiri/Desktop/Major Project/FaceForensics++_C23/NeuralTextures/423_421.mp4,1,FAKE,NeuralTextures,423
424_408,/Users/nihaldastagiri/Desktop/Major Project/FaceForensics++_C23/NeuralTextures/424_408.mp4,1,FAKE,NeuralTextures,424
425_485,/Users/nihaldastagiri/Desktop/Major Project/FaceForensics++_C23/NeuralTextures/425_485.mp4,1,FAKE,NeuralTextures,425
426_287,/Users/nihaldastagiri/Desktop/Major Project/FaceForensics++_C23/NeuralTextures/426_287.mp4,1,FAKE,NeuralTextures,426
427_637,/Users/nihaldastagiri/Desktop/Major Project/FaceForensics++_C23/NeuralTextures/427_637.mp4,1,FAKE,NeuralTextures,427
428_466,/Users/nihaldastagiri/Desktop/Major Project/FaceForensics++_C23/NeuralTextures/428_466.mp4,1,FAKE,NeuralTextures,428
429_404,/Users/nihaldastagiri/Desktop/Major Project/FaceForensics++_C23/NeuralTextures/429_404.mp4,1,FAKE,NeuralTextures,429
430_459,/Users/nihaldastagiri/Desktop/Major Project/FaceForensics++_C23/NeuralTextures/430_459.mp4,1,FAKE,NeuralTextures,430
431_447,/Users/nihaldastagiri/Desktop/Major Project/FaceForensics++_C23/NeuralTextures/431_447.mp4,1,FAKE,NeuralTextures,431
432_357,/Users/nihaldastagiri/Desktop/Major Project/FaceForensics++_C23/NeuralTextures/432_357.mp4,1,FAKE,NeuralTextures,432
433_498,/Users/nihaldastagiri/Desktop/Major Project/FaceForensics++_C23/NeuralTextures/433_498.mp4,1,FAKE,NeuralTextures,433
434_438,/Users/nihaldastagiri/Desktop/Major Project/FaceForensics++_C23/NeuralTextures/434_438.mp4,1,FAKE,NeuralTextures,434
435_456,/Users/nihaldastagiri/Desktop/Major Project/FaceForensics++_C23/NeuralTextures/435_456.mp4,1,FAKE,NeuralTextures,435
436_526,/Users/nihaldastagiri/Desktop/Major Project/FaceForensics++_C23/NeuralTextures/436_526.mp4,1,FAKE,NeuralTextures,436
437_360,/Users/nihaldastagiri/Desktop/Major Project/FaceForensics++_C23/NeuralTextures/437_360.mp4,1,FAKE,NeuralTextures,437
438_434,/Users/nihaldastagiri/Desktop/Major Project/FaceForensics++_C23/NeuralTextures/438_434.mp4,1,FAKE,NeuralTextures,438
439_441,/Users/nihaldastagiri/Desktop/Major Project/FaceForensics++_C23/NeuralTextures/439_441.mp4,1,FAKE,NeuralTextures,439
440_364,/Users/nihaldastagiri/Desktop/Major Project/FaceForensics++_C23/NeuralTextures/440_364.mp4,1,FAKE,NeuralTextures,440
441_439,/Users/nihaldastagiri/Desktop/Major Project/FaceForensics++_C23/NeuralTextures/441_439.mp4,1,FAKE,NeuralTextures,441
442_195,/Users/nihaldastagiri/Desktop/Major Project/FaceForensics++_C23/NeuralTextures/442_195.mp4,1,FAKE,NeuralTextures,442
443_514,/Users/nihaldastagiri/Desktop/Major Project/FaceForensics++_C23/NeuralTextures/443_514.mp4,1,FAKE,NeuralTextures,443
444_655,/Users/nihaldastagiri/Desktop/Major Project/FaceForensics++_C23/NeuralTextures/444_655.mp4,1,FAKE,NeuralTextures,444
445_494,/Users/nihaldastagiri/Desktop/Major Project/FaceForensics++_C23/NeuralTextures/445_494.mp4,1,FAKE,NeuralTextures,445
446_667,/Users/nihaldastagiri/Desktop/Major Project/FaceForensics++_C23/NeuralTextures/446_667.mp4,1,FAKE,NeuralTextures,446
447_431,/Users/nihaldastagiri/Desktop/Major Project/FaceForensics++_C23/NeuralTextures/447_431.mp4,1,FAKE,NeuralTextures,447
448_361,/Users/nihaldastagiri/Desktop/Major Project/FaceForensics++_C23/NeuralTextures/448_361.mp4,1,FAKE,NeuralTextures,448
449_451,/Users/nihaldastagiri/Desktop/Major Project/FaceForensics++_C23/NeuralTextures/449_451.mp4,1,FAKE,NeuralTextures,449
450_533,/Users/nihaldastagiri/Desktop/Major Project/FaceForensics++_C23/NeuralTextures/450_533.mp4,1,FAKE,NeuralTextures,450
451_449,/Users/nihaldastagiri/Desktop/Major Project/FaceForensics++_C23/NeuralTextures/451_449.mp4,1,FAKE,NeuralTextures,451
452_550,/Users/nihaldastagiri/Desktop/Major Project/FaceForensics++_C23/NeuralTextures/452_550.mp4,1,FAKE,NeuralTextures,452
453_402,/Users/nihaldastagiri/Desktop/Major Project/FaceForensics++_C23/NeuralTextures/453_402.mp4,1,FAKE,NeuralTextures,453
454_527,/Users/nihaldastagiri/Desktop/Major Project/FaceForensics++_C23/NeuralTextures/454_527.mp4,1,FAKE,NeuralTextures,454
455_471,/Users/nihaldastagiri/Desktop/Major Project/FaceForensics++_C23/NeuralTextures/455_471.mp4,1,FAKE,NeuralTextures,455
456_435,/Users/nihaldastagiri/Desktop/Major Project/FaceForensics++_C23/NeuralTextures/456_435.mp4,1,FAKE,NeuralTextures,456
457_398,/Users/nihaldastagiri/Desktop/Major Project/FaceForensics++_C23/NeuralTextures/457_398.mp4,1,FAKE,NeuralTextures,457
458_722,/Users/nihaldastagiri/Desktop/Major Project/FaceForensics++_C23/NeuralTextures/458_722.mp4,1,FAKE,NeuralTextures,458
459_430,/Users/nihaldastagiri/Desktop/Major Project/FaceForensics++_C23/NeuralTextures/459_430.mp4,1,FAKE,NeuralTextures,459
460_678,/Users/nihaldastagiri/Desktop/Major Project/FaceForensics++_C23/NeuralTextures/460_678.mp4,1,FAKE,NeuralTextures,460
461_250,/Users/nihaldastagiri/Desktop/Major Project/FaceForensics++_C23/NeuralTextures/461_250.mp4,1,FAKE,NeuralTextures,461
462_467,/Users/nihaldastagiri/Desktop/Major Project/FaceForensics++_C23/NeuralTextures/462_467.mp4,1,FAKE,NeuralTextures,462
463_464,/Users/nihaldastagiri/Desktop/Major Project/FaceForensics++_C23/NeuralTextures/463_464.mp4,1,FAKE,NeuralTextures,463
464_463,/Users/nihaldastagiri/Desktop/Major Project/FaceForensics++_C23/NeuralTextures/464_463.mp4,1,FAKE,NeuralTextures,464
465_482,/Users/nihaldastagiri/Desktop/Major Project/FaceForensics++_C23/NeuralTextures/465_482.mp4,1,FAKE,NeuralTextures,465
466_428,/Users/nihaldastagiri/Desktop/Major Project/FaceForensics++_C23/NeuralTextures/466_428.mp4,1,FAKE,NeuralTextures,466
467_462,/Users/nihaldastagiri/Desktop/Major Project/FaceForensics++_C23/NeuralTextures/467_462.mp4,1,FAKE,NeuralTextures,467
468_470,/Users/nihaldastagiri/Desktop/Major Project/FaceForensics++_C23/NeuralTextures/468_470.mp4,1,FAKE,NeuralTextures,468
469_481,/Users/nihaldastagiri/Desktop/Major Project/FaceForensics++_C23/NeuralTextures/469_481.mp4,1,FAKE,NeuralTextures,469
470_468,/Users/nihaldastagiri/Desktop/Major Project/FaceForensics++_C23/NeuralTextures/470_468.mp4,1,FAKE,NeuralTextures,470
471_455,/Users/nihaldastagiri/Desktop/Major Project/FaceForensics++_C23/NeuralTextures/471_455.mp4,1,FAKE,NeuralTextures,471
472_511,/Users/nihaldastagiri/Desktop/Major Project/FaceForensics++_C23/NeuralTextures/472_511.mp4,1,FAKE,NeuralTextures,472
473_366,/Users/nihaldastagiri/Desktop/Major Project/FaceForensics++_C23/NeuralTextures/473_366.mp4,1,FAKE,NeuralTextures,473
474_281,/Users/nihaldastagiri/Desktop/Major Project/FaceForensics++_C23/NeuralTextures/474_281.mp4,1,FAKE,NeuralTextures,474
475_265,/Users/nihaldastagiri/Desktop/Major Project/FaceForensics++_C23/NeuralTextures/475_265.mp4,1,FAKE,NeuralTextures,475
476_400,/Users/nihaldastagiri/Desktop/Major Project/FaceForensics++_C23/NeuralTextures/476_400.mp4,1,FAKE,NeuralTextures,476
477_487,/Users/nihaldastagiri/Desktop/Major Project/FaceForensics++_C23/NeuralTextures/477_487.mp4,1,FAKE,NeuralTextures,477
478_506,/Users/nihaldastagiri/Desktop/Major Project/FaceForensics++_C23/NeuralTextures/478_506.mp4,1,FAKE,NeuralTextures,478
479_706,/Users/nihaldastagiri/Desktop/Major Project/FaceForensics++_C23/NeuralTextures/479_706.mp4,1,FAKE,NeuralTextures,479
480_389,/Users/nihaldastagiri/Desktop/Major Project/FaceForensics++_C23/NeuralTextures/480_389.mp4,1,FAKE,NeuralTextures,480
481_469,/Users/nihaldastagiri/Desktop/Major Project/FaceForensics++_C23/NeuralTextures/481_469.mp4,1,FAKE,NeuralTextures,481
482_465,/Users/nihaldastagiri/Desktop/Major Project/FaceForensics++_C23/NeuralTextures/482_465.mp4,1,FAKE,NeuralTextures,482
483_370,/Users/nihaldastagiri/Desktop/Major Project/FaceForensics++_C23/NeuralTextures/483_370.mp4,1,FAKE,NeuralTextures,483
484_415,/Users/nihaldastagiri/Desktop/Major Project/FaceForensics++_C23/NeuralTextures/484_415.mp4,1,FAKE,NeuralTextures,484
485_425,/Users/nihaldastagiri/Desktop/Major Project/FaceForensics++_C23/NeuralTextures/485_425.mp4,1,FAKE,NeuralTextures,485
486_680,/Users/nihaldastagiri/Desktop/Major Project/FaceForensics++_C23/NeuralTextures/486_680.mp4,1,FAKE,NeuralTextures,486
487_477,/Users/nihaldastagiri/Desktop/Major Project/FaceForensics++_C23/NeuralTextures/487_477.mp4,1,FAKE,NeuralTextures,487
488_399,/Users/nihaldastagiri/Desktop/Major Project/FaceForensics++_C23/NeuralTextures/488_399.mp4,1,FAKE,NeuralTextures,488
489_022,/Users/nihaldastagiri/Desktop/Major Project/FaceForensics++_C23/NeuralTextures/489_022.mp4,1,FAKE,NeuralTextures,489
490_534,/Users/nihaldastagiri/Desktop/Major Project/FaceForensics++_C23/NeuralTextures/490_534.mp4,1,FAKE,NeuralTextures,490
491_226,/Users/nihaldastagiri/Desktop/Major Project/FaceForensics++_C23/NeuralTextures/491_226.mp4,1,FAKE,NeuralTextures,491
492_325,/Users/nihaldastagiri/Desktop/Major Project/FaceForensics++_C23/NeuralTextures/492_325.mp4,1,FAKE,NeuralTextures,492
493_538,/Users/nihaldastagiri/Desktop/Major Project/FaceForensics++_C23/NeuralTextures/493_538.mp4,1,FAKE,NeuralTextures,493
494_445,/Users/nihaldastagiri/Desktop/Major Project/FaceForensics++_C23/NeuralTextures/494_445.mp4,1,FAKE,NeuralTextures,494
495_512,/Users/nihaldastagiri/Desktop/Major Project/FaceForensics++_C23/NeuralTextures/495_512.mp4,1,FAKE,NeuralTextures,495
496_417,/Users/nihaldastagiri/Desktop/Major Project/FaceForensics++_C23/NeuralTextures/496_417.mp4,1,FAKE,NeuralTextures,496
497_403,/Users/nihaldastagiri/Desktop/Major Project/FaceForensics++_C23/NeuralTextures/497_403.mp4,1,FAKE,NeuralTextures,497
498_433,/Users/nihaldastagiri/Desktop/Major Project/FaceForensics++_C23/NeuralTextures/498_433.mp4,1,FAKE,NeuralTextures,498
499_539,/Users/nihaldastagiri/Desktop/Major Project/FaceForensics++_C23/NeuralTextures/499_539.mp4,1,FAKE,NeuralTextures,499
500_592,/Users/nihaldastagiri/Desktop/Major Project/FaceForensics++_C23/NeuralTextures/500_592.mp4,1,FAKE,NeuralTextures,500
501_326,/Users/nihaldastagiri/Desktop/Major Project/FaceForensics++_C23/NeuralTextures/501_326.mp4,1,FAKE,NeuralTextures,501
502_504,/Users/nihaldastagiri/Desktop/Major Project/FaceForensics++_C23/NeuralTextures/502_504.mp4,1,FAKE,NeuralTextures,502
503_756,/Users/nihaldastagiri/Desktop/Major Project/FaceForensics++_C23/NeuralTextures/503_756.mp4,1,FAKE,NeuralTextures,503
504_502,/Users/nihaldastagiri/Desktop/Major Project/FaceForensics++_C23/NeuralTextures/504_502.mp4,1,FAKE,NeuralTextures,504
505_600,/Users/nihaldastagiri/Desktop/Major Project/FaceForensics++_C23/NeuralTextures/505_600.mp4,1,FAKE,NeuralTextures,505
506_478,/Users/nihaldastagiri/Desktop/Major Project/FaceForensics++_C23/NeuralTextures/506_478.mp4,1,FAKE,NeuralTextures,506
507_418,/Users/nihaldastagiri/Desktop/Major Project/FaceForensics++_C23/NeuralTextures/507_418.mp4,1,FAKE,NeuralTextures,507
508_831,/Users/nihaldastagiri/Desktop/Major Project/FaceForensics++_C23/NeuralTextures/508_831.mp4,1,FAKE,NeuralTextures,508
509_525,/Users/nihaldastagiri/Desktop/Major Project/FaceForensics++_C23/NeuralTextures/509_525.mp4,1,FAKE,NeuralTextures,509
510_528,/Users/nihaldastagiri/Desktop/Major Project/FaceForensics++_C23/NeuralTextures/510_528.mp4,1,FAKE,NeuralTextures,510
511_472,/Users/nihaldastagiri/Desktop/Major Project/FaceForensics++_C23/NeuralTextures/511_472.mp4,1,FAKE,NeuralTextures,511
512_495,/Users/nihaldastagiri/Desktop/Major Project/FaceForensics++_C23/NeuralTextures/512_495.mp4,1,FAKE,NeuralTextures,512
513_305,/Users/nihaldastagiri/Desktop/Major Project/FaceForensics++_C23/NeuralTextures/513_305.mp4,1,FAKE,NeuralTextures,513
514_443,/Users/nihaldastagiri/Desktop/Major Project/FaceForensics++_C23/NeuralTextures/514_443.mp4,1,FAKE,NeuralTextures,514
515_519,/Users/nihaldastagiri/Desktop/Major Project/FaceForensics++_C23/NeuralTextures/515_519.mp4,1,FAKE,NeuralTextures,515
516_555,/Users/nihaldastagiri/Desktop/Major Project/FaceForensics++_C23/NeuralTextures/516_555.mp4,1,FAKE,NeuralTextures,516
517_521,/Users/nihaldastagiri/Desktop/Major Project/FaceForensics++_C23/NeuralTextures/517_521.mp4,1,FAKE,NeuralTextures,517
518_131,/Users/nihaldastagiri/Desktop/Major Project/FaceForensics++_C23/NeuralTextures/518_131.mp4,1,FAKE,NeuralTextures,518
519_515,/Users/nihaldastagiri/Desktop/Major Project/FaceForensics++_C23/NeuralTextures/519_515.mp4,1,FAKE,NeuralTextures,519
520_542,/Users/nihaldastagiri/Desktop/Major Project/FaceForensics++_C23/NeuralTextures/520_542.mp4,1,FAKE,NeuralTextures,520
521_517,/Users/nihaldastagiri/Desktop/Major Project/FaceForensics++_C23/NeuralTextures/521_517.mp4,1,FAKE,NeuralTextures,521
522_337,/Users/nihaldastagiri/Desktop/Major Project/FaceForensics++_C23/NeuralTextures/522_337.mp4,1,FAKE,NeuralTextures,522
523_541,/Users/nihaldastagiri/Desktop/Major Project/FaceForensics++_C23/NeuralTextures/523_541.mp4,1,FAKE,NeuralTextures,523
524_580,/Users/nihaldastagiri/Desktop/Major Project/FaceForensics++_C23/NeuralTextures/524_580.mp4,1,FAKE,NeuralTextures,524
525_509,/Users/nihaldastagiri/Desktop/Major Project/FaceForensics++_C23/NeuralTextures/525_509.mp4,1,FAKE,NeuralTextures,525
526_436,/Users/nihaldastagiri/Desktop/Major Project/FaceForensics++_C23/NeuralTextures/526_436.mp4,1,FAKE,NeuralTextures,526
527_454,/Users/nihaldastagiri/Desktop/Major Project/FaceForensics++_C23/NeuralTextures/527_454.mp4,1,FAKE,NeuralTextures,527
528_510,/Users/nihaldastagiri/Desktop/Major Project/FaceForensics++_C23/NeuralTextures/528_510.mp4,1,FAKE,NeuralTextures,528
529_633,/Users/nihaldastagiri/Desktop/Major Project/FaceForensics++_C23/NeuralTextures/529_633.mp4,1,FAKE,NeuralTextures,529
530_594,/Users/nihaldastagiri/Desktop/Major Project/FaceForensics++_C23/NeuralTextures/530_594.mp4,1,FAKE,NeuralTextures,530
531_549,/Users/nihaldastagiri/Desktop/Major Project/FaceForensics++_C23/NeuralTextures/531_549.mp4,1,FAKE,NeuralTextures,531
532_544,/Users/nihaldastagiri/Desktop/Major Project/FaceForensics++_C23/NeuralTextures/532_544.mp4,1,FAKE,NeuralTextures,532
533_450,/Users/nihaldastagiri/Desktop/Major Project/FaceForensics++_C23/NeuralTextures/533_450.mp4,1,FAKE,NeuralTextures,533
534_490,/Users/nihaldastagiri/Desktop/Major Project/FaceForensics++_C23/NeuralTextures/534_490.mp4,1,FAKE,NeuralTextures,534
535_587,/Users/nihaldastagiri/Desktop/Major Project/FaceForensics++_C23/NeuralTextures/535_587.mp4,1,FAKE,NeuralTextures,535
536_540,/Users/nihaldastagiri/Desktop/Major Project/FaceForensics++_C23/NeuralTextures/536_540.mp4,1,FAKE,NeuralTextures,536
537_563,/Users/nihaldastagiri/Desktop/Major Project/FaceForensics++_C23/NeuralTextures/537_563.mp4,1,FAKE,NeuralTextures,537
538_493,/Users/nihaldastagiri/Desktop/Major Project/FaceForensics++_C23/NeuralTextures/538_493.mp4,1,FAKE,NeuralTextures,538
539_499,/Users/nihaldastagiri/Desktop/Major Project/FaceForensics++_C23/NeuralTextures/539_499.mp4,1,FAKE,NeuralTextures,539
540_536,/Users/nihaldastagiri/Desktop/Major Project/FaceForensics++_C23/NeuralTextures/540_536.mp4,1,FAKE,NeuralTextures,540
541_523,/Users/nihaldastagiri/Desktop/Major Project/FaceForensics++_C23/NeuralTextures/541_523.mp4,1,FAKE,NeuralTextures,541
542_520,/Users/nihaldastagiri/Desktop/Major Project/FaceForensics++_C23/NeuralTextures/542_520.mp4,1,FAKE,NeuralTextures,542
543_559,/Users/nihaldastagiri/Desktop/Major Project/FaceForensics++_C23/NeuralTextures/543_559.mp4,1,FAKE,NeuralTextures,543
544_532,/Users/nihaldastagiri/Desktop/Major Project/FaceForensics++_C23/NeuralTextures/544_532.mp4,1,FAKE,NeuralTextures,544
545_553,/Users/nihaldastagiri/Desktop/Major Project/FaceForensics++_C23/NeuralTextures/545_553.mp4,1,FAKE,NeuralTextures,545
546_621,/Users/nihaldastagiri/Desktop/Major Project/FaceForensics++_C23/NeuralTextures/546_621.mp4,1,FAKE,NeuralTextures,546
547_574,/Users/nihaldastagiri/Desktop/Major Project/FaceForensics++_C23/NeuralTextures/547_574.mp4,1,FAKE,NeuralTextures,547
548_632,/Users/nihaldastagiri/Desktop/Major Project/FaceForensics++_C23/NeuralTextures/548_632.mp4,1,FAKE,NeuralTextures,548
549_531,/Users/nihaldastagiri/Desktop/Major Project/FaceForensics++_C23/NeuralTextures/549_531.mp4,1,FAKE,NeuralTextures,549
550_452,/Users/nihaldastagiri/Desktop/Major Project/FaceForensics++_C23/NeuralTextures/550_452.mp4,1,FAKE,NeuralTextures,550
551_631,/Users/nihaldastagiri/Desktop/Major Project/FaceForensics++_C23/NeuralTextures/551_631.mp4,1,FAKE,NeuralTextures,551
552_851,/Users/nihaldastagiri/Desktop/Major Project/FaceForensics++_C23/NeuralTextures/552_851.mp4,1,FAKE,NeuralTextures,552
553_545,/Users/nihaldastagiri/Desktop/Major Project/FaceForensics++_C23/NeuralTextures/553_545.mp4,1,FAKE,NeuralTextures,553
554_572,/Users/nihaldastagiri/Desktop/Major Project/FaceForensics++_C23/NeuralTextures/554_572.mp4,1,FAKE,NeuralTextures,554
555_516,/Users/nihaldastagiri/Desktop/Major Project/FaceForensics++_C23/NeuralTextures/555_516.mp4,1,FAKE,NeuralTextures,555
556_588,/Users/nihaldastagiri/Desktop/Major Project/FaceForensics++_C23/NeuralTextures/556_588.mp4,1,FAKE,NeuralTextures,556
557_560,/Users/nihaldastagiri/Desktop/Major Project/FaceForensics++_C23/NeuralTextures/557_560.mp4,1,FAKE,NeuralTextures,557
558_583,/Users/nihaldastagiri/Desktop/Major Project/FaceForensics++_C23/NeuralTextures/558_583.mp4,1,FAKE,NeuralTextures,558
559_543,/Users/nihaldastagiri/Desktop/Major Project/FaceForensics++_C23/NeuralTextures/559_543.mp4,1,FAKE,NeuralTextures,559
560_557,/Users/nihaldastagiri/Desktop/Major Project/FaceForensics++_C23/NeuralTextures/560_557.mp4,1,FAKE,NeuralTextures,560
561_998,/Users/nihaldastagiri/Desktop/Major Project/FaceForensics++_C23/NeuralTextures/561_998.mp4,1,FAKE,NeuralTextures,561
562_626,/Users/nihaldastagiri/Desktop/Major Project/FaceForensics++_C23/NeuralTextures/562_626.mp4,1,FAKE,NeuralTextures,562
563_537,/Users/nihaldastagiri/Desktop/Major Project/FaceForensics++_C23/NeuralTextures/563_537.mp4,1,FAKE,NeuralTextures,563
564_971,/Users/nihaldastagiri/Desktop/Major Project/FaceForensics++_C23/NeuralTextures/564_971.mp4,1,FAKE,NeuralTextures,564
565_589,/Users/nihaldastagiri/Desktop/Major Project/FaceForensics++_C23/NeuralTextures/565_589.mp4,1,FAKE,NeuralTextures,565
566_617,/Users/nihaldastagiri/Desktop/Major Project/FaceForensics++_C23/NeuralTextures/566_617.mp4,1,FAKE,NeuralTextures,566
567_606,/Users/nihaldastagiri/Desktop/Major Project/FaceForensics++_C23/NeuralTextures/567_606.mp4,1,FAKE,NeuralTextures,567
568_628,/Users/nihaldastagiri/Desktop/Major Project/FaceForensics++_C23/NeuralTextures/568_628.mp4,1,FAKE,NeuralTextures,568
569_921,/Users/nihaldastagiri/Desktop/Major Project/FaceForensics++_C23/NeuralTextures/569_921.mp4,1,FAKE,NeuralTextures,569
570_624,/Users/nihaldastagiri/Desktop/Major Project/FaceForensics++_C23/NeuralTextures/570_624.mp4,1,FAKE,NeuralTextures,570
571_746,/Users/nihaldastagiri/Desktop/Major Project/FaceForensics++_C23/NeuralTextures/571_746.mp4,1,FAKE,NeuralTextures,571
572_554,/Users/nihaldastagiri/Desktop/Major Project/FaceForensics++_C23/NeuralTextures/572_554.mp4,1,FAKE,NeuralTextures,572
573_757,/Users/nihaldastagiri/Desktop/Major Project/FaceForensics++_C23/NeuralTextures/573_757.mp4,1,FAKE,NeuralTextures,573
574_547,/Users/nihaldastagiri/Desktop/Major Project/FaceForensics++_C23/NeuralTextures/574_547.mp4,1,FAKE,NeuralTextures,574
575_603,/Users/nihaldastagiri/Desktop/Major Project/FaceForensics++_C23/NeuralTextures/575_603.mp4,1,FAKE,NeuralTextures,575
576_155,/Users/nihaldastagiri/Desktop/Major Project/FaceForensics++_C23/NeuralTextures/576_155.mp4,1,FAKE,NeuralTextures,576
577_593,/Users/nihaldastagiri/Desktop/Major Project/FaceForensics++_C23/NeuralTextures/577_593.mp4,1,FAKE,NeuralTextures,577
578_636,/Users/nihaldastagiri/Desktop/Major Project/FaceForensics++_C23/NeuralTextures/578_636.mp4,1,FAKE,NeuralTextures,578
579_701,/Users/nihaldastagiri/Desktop/Major Project/FaceForensics++_C23/NeuralTextures/579_701.mp4,1,FAKE,NeuralTextures,579
580_524,/Users/nihaldastagiri/Desktop/Major Project/FaceForensics++_C23/NeuralTextures/580_524.mp4,1,FAKE,NeuralTextures,580
581_697,/Users/nihaldastagiri/Desktop/Major Project/FaceForensics++_C23/NeuralTextures/581_697.mp4,1,FAKE,NeuralTextures,581
582_172,/Users/nihaldastagiri/Desktop/Major Project/FaceForensics++_C23/NeuralTextures/582_172.mp4,1,FAKE,NeuralTextures,582
583_558,/Users/nihaldastagiri/Desktop/Major Project/FaceForensics++_C23/NeuralTextures/583_558.mp4,1,FAKE,NeuralTextures,583
584_823,/Users/nihaldastagiri/Desktop/Major Project/FaceForensics++_C23/NeuralTextures/584_823.mp4,1,FAKE,NeuralTextures,584
585_599,/Users/nihaldastagiri/Desktop/Major Project/FaceForensics++_C23/NeuralTextures/585_599.mp4,1,FAKE,NeuralTextures,585
586_223,/Users/nihaldastagiri/Desktop/Major Project/FaceForensics++_C23/NeuralTextures/586_223.mp4,1,FAKE,NeuralTextures,586
587_535,/Users/nihaldastagiri/Desktop/Major Project/FaceForensics++_C23/NeuralTextures/587_535.mp4,1,FAKE,NeuralTextures,587
588_556,/Users/nihaldastagiri/Desktop/Major Project/FaceForensics++_C23/NeuralTextures/588_556.mp4,1,FAKE,NeuralTextures,588
589_565,/Users/nihaldastagiri/Desktop/Major Project/FaceForensics++_C23/NeuralTextures/589_565.mp4,1,FAKE,NeuralTextures,589
590_034,/Users/nihaldastagiri/Desktop/Major Project/FaceForensics++_C23/NeuralTextures/590_034.mp4,1,FAKE,NeuralTextures,590
591_605,/Users/nihaldastagiri/Desktop/Major Project/FaceForensics++_C23/NeuralTextures/591_605.mp4,1,FAKE,NeuralTextures,591
592_500,/Users/nihaldastagiri/Desktop/Major Project/FaceForensics++_C23/NeuralTextures/592_500.mp4,1,FAKE,NeuralTextures,592
593_577,/Users/nihaldastagiri/Desktop/Major Project/FaceForensics++_C23/NeuralTextures/593_577.mp4,1,FAKE,NeuralTextures,593
594_530,/Users/nihaldastagiri/Desktop/Major Project/FaceForensics++_C23/NeuralTextures/594_530.mp4,1,FAKE,NeuralTextures,594
595_597,/Users/nihaldastagiri/Desktop/Major Project/FaceForensics++_C23/NeuralTextures/595_597.mp4,1,FAKE,NeuralTextures,595
596_609,/Users/nihaldastagiri/Desktop/Major Project/FaceForensics++_C23/NeuralTextures/596_609.mp4,1,FAKE,NeuralTextures,596
597_595,/Users/nihaldastagiri/Desktop/Major Project/FaceForensics++_C23/NeuralTextures/597_595.mp4,1,FAKE,NeuralTextures,597
598_178,/Users/nihaldastagiri/Desktop/Major Project/FaceForensics++_C23/NeuralTextures/598_178.mp4,1,FAKE,NeuralTextures,598
599_585,/Users/nihaldastagiri/Desktop/Major Project/FaceForensics++_C23/NeuralTextures/599_585.mp4,1,FAKE,NeuralTextures,599
600_505,/Users/nihaldastagiri/Desktop/Major Project/FaceForensics++_C23/NeuralTextures/600_505.mp4,1,FAKE,NeuralTextures,600
601_653,/Users/nihaldastagiri/Desktop/Major Project/FaceForensics++_C23/NeuralTextures/601_653.mp4,1,FAKE,NeuralTextures,601
602_397,/Users/nihaldastagiri/Desktop/Major Project/FaceForensics++_C23/NeuralTextures/602_397.mp4,1,FAKE,NeuralTextures,602
603_575,/Users/nihaldastagiri/Desktop/Major Project/FaceForensics++_C23/NeuralTextures/603_575.mp4,1,FAKE,NeuralTextures,603
604_703,/Users/nihaldastagiri/Desktop/Major Project/FaceForensics++_C23/NeuralTextures/604_703.mp4,1,FAKE,NeuralTextures,604
605_591,/Users/nihaldastagiri/Desktop/Major Project/FaceForensics++_C23/NeuralTextures/605_591.mp4,1,FAKE,NeuralTextures,605
606_567,/Users/nihaldastagiri/Desktop/Major Project/FaceForensics++_C23/NeuralTextures/606_567.mp4,1,FAKE,NeuralTextures,606
607_683,/Users/nihaldastagiri/Desktop/Major Project/FaceForensics++_C23/NeuralTextures/607_683.mp4,1,FAKE,NeuralTextures,607
608_675,/Users/nihaldastagiri/Desktop/Major Project/FaceForensics++_C23/NeuralTextures/608_675.mp4,1,FAKE,NeuralTextures,608
609_596,/Users/nihaldastagiri/Desktop/Major Project/FaceForensics++_C23/NeuralTextures/609_596.mp4,1,FAKE,NeuralTextures,609
610_692,/Users/nihaldastagiri/Desktop/Major Project/FaceForensics++_C23/NeuralTextures/610_692.mp4,1,FAKE,NeuralTextures,610
611_760,/Users/nihaldastagiri/Desktop/Major Project/FaceForensics++_C23/NeuralTextures/611_760.mp4,1,FAKE,NeuralTextures,611
612_702,/Users/nihaldastagiri/Desktop/Major Project/FaceForensics++_C23/NeuralTextures/612_702.mp4,1,FAKE,NeuralTextures,612
613_685,/Users/nihaldastagiri/Desktop/Major Project/FaceForensics++_C23/NeuralTextures/613_685.mp4,1,FAKE,NeuralTextures,613
614_616,/Users/nihaldastagiri/Desktop/Major Project/FaceForensics++_C23/NeuralTextures/614_616.mp4,1,FAKE,NeuralTextures,614
615_687,/Users/nihaldastagiri/Desktop/Major Project/FaceForensics++_C23/NeuralTextures/615_687.mp4,1,FAKE,NeuralTextures,615
616_614,/Users/nihaldastagiri/Desktop/Major Project/FaceForensics++_C23/NeuralTextures/616_614.mp4,1,FAKE,NeuralTextures,616
617_566,/Users/nihaldastagiri/Desktop/Major Project/FaceForensics++_C23/NeuralTextures/617_566.mp4,1,FAKE,NeuralTextures,617
618_629,/Users/nihaldastagiri/Desktop/Major Project/FaceForensics++_C23/NeuralTextures/618_629.mp4,1,FAKE,NeuralTextures,618
619_620,/Users/nihaldastagiri/Desktop/Major Project/FaceForensics++_C23/NeuralTextures/619_620.mp4,1,FAKE,NeuralTextures,619
620_619,/Users/nihaldastagiri/Desktop/Major Project/FaceForensics++_C23/NeuralTextures/620_619.mp4,1,FAKE,NeuralTextures,620
621_546,/Users/nihaldastagiri/Desktop/Major Project/FaceForensics++_C23/NeuralTextures/621_546.mp4,1,FAKE,NeuralTextures,621
622_647,/Users/nihaldastagiri/Desktop/Major Project/FaceForensics++_C23/NeuralTextures/622_647.mp4,1,FAKE,NeuralTextures,622
623_630,/Users/nihaldastagiri/Desktop/Major Project/FaceForensics++_C23/NeuralTextures/623_630.mp4,1,FAKE,NeuralTextures,623
624_570,/Users/nihaldastagiri/Desktop/Major Project/FaceForensics++_C23/NeuralTextures/624_570.mp4,1,FAKE,NeuralTextures,624
625_650,/Users/nihaldastagiri/Desktop/Major Project/FaceForensics++_C23/NeuralTextures/625_650.mp4,1,FAKE,NeuralTextures,625
626_562,/Users/nihaldastagiri/Desktop/Major Project/FaceForensics++_C23/NeuralTextures/626_562.mp4,1,FAKE,NeuralTextures,626
627_658,/Users/nihaldastagiri/Desktop/Major Project/FaceForensics++_C23/NeuralTextures/627_658.mp4,1,FAKE,NeuralTextures,627
628_568,/Users/nihaldastagiri/Desktop/Major Project/FaceForensics++_C23/NeuralTextures/628_568.mp4,1,FAKE,NeuralTextures,628
629_618,/Users/nihaldastagiri/Desktop/Major Project/FaceForensics++_C23/NeuralTextures/629_618.mp4,1,FAKE,NeuralTextures,629
630_623,/Users/nihaldastagiri/Desktop/Major Project/FaceForensics++_C23/NeuralTextures/630_623.mp4,1,FAKE,NeuralTextures,630
631_551,/Users/nihaldastagiri/Desktop/Major Project/FaceForensics++_C23/NeuralTextures/631_551.mp4,1,FAKE,NeuralTextures,631
632_548,/Users/nihaldastagiri/Desktop/Major Project/FaceForensics++_C23/NeuralTextures/632_548.mp4,1,FAKE,NeuralTextures,632
633_529,/Users/nihaldastagiri/Desktop/Major Project/FaceForensics++_C23/NeuralTextures/633_529.mp4,1,FAKE,NeuralTextures,633
634_660,/Users/nihaldastagiri/Desktop/Major Project/FaceForensics++_C23/NeuralTextures/634_660.mp4,1,FAKE,NeuralTextures,634
635_642,/Users/nihaldastagiri/Desktop/Major Project/FaceForensics++_C23/NeuralTextures/635_642.mp4,1,FAKE,NeuralTextures,635
636_578,/Users/nihaldastagiri/Desktop/Major Project/FaceForensics++_C23/NeuralTextures/636_578.mp4,1,FAKE,NeuralTextures,636
637_427,/Users/nihaldastagiri/Desktop/Major Project/FaceForensics++_C23/NeuralTextures/637_427.mp4,1,FAKE,NeuralTextures,637
638_640,/Users/nihaldastagiri/Desktop/Major Project/FaceForensics++_C23/NeuralTextures/638_640.mp4,1,FAKE,NeuralTextures,638
639_841,/Users/nihaldastagiri/Desktop/Major Project/FaceForensics++_C23/NeuralTextures/639_841.mp4,1,FAKE,NeuralTextures,639
640_638,/Users/nihaldastagiri/Desktop/Major Project/FaceForensics++_C23/NeuralTextures/640_638.mp4,1,FAKE,NeuralTextures,640
641_662,/Users/nihaldastagiri/Desktop/Major Project/FaceForensics++_C23/NeuralTextures/641_662.mp4,1,FAKE,NeuralTextures,641
642_635,/Users/nihaldastagiri/Desktop/Major Project/FaceForensics++_C23/NeuralTextures/642_635.mp4,1,FAKE,NeuralTextures,642
643_646,/Users/nihaldastagiri/Desktop/Major Project/FaceForensics++_C23/NeuralTextures/643_646.mp4,1,FAKE,NeuralTextures,643
644_657,/Users/nihaldastagiri/Desktop/Major Project/FaceForensics++_C23/NeuralTextures/644_657.mp4,1,FAKE,NeuralTextures,644
645_688,/Users/nihaldastagiri/Desktop/Major Project/FaceForensics++_C23/NeuralTextures/645_688.mp4,1,FAKE,NeuralTextures,645
646_643,/Users/nihaldastagiri/Desktop/Major Project/FaceForensics++_C23/NeuralTextures/646_643.mp4,1,FAKE,NeuralTextures,646
647_622,/Users/nihaldastagiri/Desktop/Major Project/FaceForensics++_C23/NeuralTextures/647_622.mp4,1,FAKE,NeuralTextures,647
648_654,/Users/nihaldastagiri/Desktop/Major Project/FaceForensics++_C23/NeuralTextures/648_654.mp4,1,FAKE,NeuralTextures,648
649_816,/Users/nihaldastagiri/Desktop/Major Project/FaceForensics++_C23/NeuralTextures/649_816.mp4,1,FAKE,NeuralTextures,649
650_625,/Users/nihaldastagiri/Desktop/Major Project/FaceForensics++_C23/NeuralTextures/650_625.mp4,1,FAKE,NeuralTextures,650
651_835,/Users/nihaldastagiri/Desktop/Major Project/FaceForensics++_C23/NeuralTextures/651_835.mp4,1,FAKE,NeuralTextures,651
652_773,/Users/nihaldastagiri/Desktop/Major Project/FaceForensics++_C23/NeuralTextures/652_773.mp4,1,FAKE,NeuralTextures,652
653_601,/Users/nihaldastagiri/Desktop/Major Project/FaceForensics++_C23/NeuralTextures/653_601.mp4,1,FAKE,NeuralTextures,653
654_648,/Users/nihaldastagiri/Desktop/Major Project/FaceForensics++_C23/NeuralTextures/654_648.mp4,1,FAKE,NeuralTextures,654
655_444,/Users/nihaldastagiri/Desktop/Major Project/FaceForensics++_C23/NeuralTextures/655_444.mp4,1,FAKE,NeuralTextures,655
656_666,/Users/nihaldastagiri/Desktop/Major Project/FaceForensics++_C23/NeuralTextures/656_666.mp4,1,FAKE,NeuralTextures,656
657_644,/Users/nihaldastagiri/Desktop/Major Project/FaceForensics++_C23/NeuralTextures/657_644.mp4,1,FAKE,NeuralTextures,657
658_627,/Users/nihaldastagiri/Desktop/Major Project/FaceForensics++_C23/NeuralTextures/658_627.mp4,1,FAKE,NeuralTextures,658
659_749,/Users/nihaldastagiri/Desktop/Major Project/FaceForensics++_C23/NeuralTextures/659_749.mp4,1,FAKE,NeuralTextures,659
660_634,/Users/nihaldastagiri/Desktop/Major Project/FaceForensics++_C23/NeuralTextures/660_634.mp4,1,FAKE,NeuralTextures,660
661_670,/Users/nihaldastagiri/Desktop/Major Project/FaceForensics++_C23/NeuralTextures/661_670.mp4,1,FAKE,NeuralTextures,661
662_641,/Users/nihaldastagiri/Desktop/Major Project/FaceForensics++_C23/NeuralTextures/662_641.mp4,1,FAKE,NeuralTextures,662
663_231,/Users/nihaldastagiri/Desktop/Major Project/FaceForensics++_C23/NeuralTextures/663_231.mp4,1,FAKE,NeuralTextures,663
664_668,/Users/nihaldastagiri/Desktop/Major Project/FaceForensics++_C23/NeuralTextures/664_668.mp4,1,FAKE,NeuralTextures,664
665_679,/Users/nihaldastagiri/Desktop/Major Project/FaceForensics++_C23/NeuralTextures/665_679.mp4,1,FAKE,NeuralTextures,665
666_656,/Users/nihaldastagiri/Desktop/Major Project/FaceForensics++_C23/NeuralTextures/666_656.mp4,1,FAKE,NeuralTextures,666
667_446,/Users/nihaldastagiri/Desktop/Major Project/FaceForensics++_C23/NeuralTextures/667_446.mp4,1,FAKE,NeuralTextures,667
668_664,/Users/nihaldastagiri/Desktop/Major Project/FaceForensics++_C23/NeuralTextures/668_664.mp4,1,FAKE,NeuralTextures,668
669_682,/Users/nihaldastagiri/Desktop/Major Project/FaceForensics++_C23/NeuralTextures/669_682.mp4,1,FAKE,NeuralTextures,669
670_661,/Users/nihaldastagiri/Desktop/Major Project/FaceForensics++_C23/NeuralTextures/670_661.mp4,1,FAKE,NeuralTextures,670
671_677,/Users/nihaldastagiri/Desktop/Major Project/FaceForensics++_C23/NeuralTextures/671_677.mp4,1,FAKE,NeuralTextures,671
672_720,/Users/nihaldastagiri/Desktop/Major Project/FaceForensics++_C23/NeuralTextures/672_720.mp4,1,FAKE,NeuralTextures,672
673_728,/Users/nihaldastagiri/Desktop/Major Project/FaceForensics++_C23/NeuralTextures/673_728.mp4,1,FAKE,NeuralTextures,673
674_744,/Users/nihaldastagiri/Desktop/Major Project/FaceForensics++_C23/NeuralTextures/674_744.mp4,1,FAKE,NeuralTextures,674
675_608,/Users/nihaldastagiri/Desktop/Major Project/FaceForensics++_C23/NeuralTextures/675_608.mp4,1,FAKE,NeuralTextures,675
676_776,/Users/nihaldastagiri/Desktop/Major Project/FaceForensics++_C23/NeuralTextures/676_776.mp4,1,FAKE,NeuralTextures,676
677_671,/Users/nihaldastagiri/Desktop/Major Project/FaceForensics++_C23/NeuralTextures/677_671.mp4,1,FAKE,NeuralTextures,677
678_460,/Users/nihaldastagiri/Desktop/Major Project/FaceForensics++_C23/NeuralTextures/678_460.mp4,1,FAKE,NeuralTextures,678
679_665,/Users/nihaldastagiri/Desktop/Major Project/FaceForensics++_C23/NeuralTextures/679_665.mp4,1,FAKE,NeuralTextures,679
680_486,/Users/nihaldastagiri/Desktop/Major Project/FaceForensics++_C23/NeuralTextures/680_486.mp4,1,FAKE,NeuralTextures,680
681_711,/Users/nihaldastagiri/Desktop/Major Project/FaceForensics++_C23/NeuralTextures/681_711.mp4,1,FAKE,NeuralTextures,681
682_669,/Users/nihaldastagiri/Desktop/Major Project/FaceForensics++_C23/NeuralTextures/682_669.mp4,1,FAKE,NeuralTextures,682
683_607,/Users/nihaldastagiri/Desktop/Major Project/FaceForensics++_C23/NeuralTextures/683_607.mp4,1,FAKE,NeuralTextures,683
684_717,/Users/nihaldastagiri/Desktop/Major Project/FaceForensics++_C23/NeuralTextures/684_717.mp4,1,FAKE,NeuralTextures,684
685_613,/Users/nihaldastagiri/Desktop/Major Project/FaceForensics++_C23/NeuralTextures/685_613.mp4,1,FAKE,NeuralTextures,685
686_696,/Users/nihaldastagiri/Desktop/Major Project/FaceForensics++_C23/NeuralTextures/686_696.mp4,1,FAKE,NeuralTextures,686
687_615,/Users/nihaldastagiri/Desktop/Major Project/FaceForensics++_C23/NeuralTextures/687_615.mp4,1,FAKE,NeuralTextures,687
688_645,/Users/nihaldastagiri/Desktop/Major Project/FaceForensics++_C23/NeuralTextures/688_645.mp4,1,FAKE,NeuralTextures,688
689_690,/Users/nihaldastagiri/Desktop/Major Project/FaceForensics++_C23/NeuralTextures/689_690.mp4,1,FAKE,NeuralTextures,689
690_689,/Users/nihaldastagiri/Desktop/Major Project/FaceForensics++_C23/NeuralTextures/690_689.mp4,1,FAKE,NeuralTextures,690
691_732,/Users/nihaldastagiri/Desktop/Major Project/FaceForensics++_C23/NeuralTextures/691_732.mp4,1,FAKE,NeuralTextures,691
692_610,/Users/nihaldastagiri/Desktop/Major Project/FaceForensics++_C23/NeuralTextures/692_610.mp4,1,FAKE,NeuralTextures,692
693_698,/Users/nihaldastagiri/Desktop/Major Project/FaceForensics++_C23/NeuralTextures/693_698.mp4,1,FAKE,NeuralTextures,693
694_767,/Users/nihaldastagiri/Desktop/Major Project/FaceForensics++_C23/NeuralTextures/694_767.mp4,1,FAKE,NeuralTextures,694
695_422,/Users/nihaldastagiri/Desktop/Major Project/FaceForensics++_C23/NeuralTextures/695_422.mp4,1,FAKE,NeuralTextures,695
696_686,/Users/nihaldastagiri/Desktop/Major Project/FaceForensics++_C23/NeuralTextures/696_686.mp4,1,FAKE,NeuralTextures,696
697_581,/Users/nihaldastagiri/Desktop/Major Project/FaceForensics++_C23/NeuralTextures/697_581.mp4,1,FAKE,NeuralTextures,697
698_693,/Users/nihaldastagiri/Desktop/Major Project/FaceForensics++_C23/NeuralTextures/698_693.mp4,1,FAKE,NeuralTextures,698
699_734,/Users/nihaldastagiri/Desktop/Major Project/FaceForensics++_C23/NeuralTextures/699_734.mp4,1,FAKE,NeuralTextures,699
700_813,/Users/nihaldastagiri/Desktop/Major Project/FaceForensics++_C23/NeuralTextures/700_813.mp4,1,FAKE,NeuralTextures,700
701_579,/Users/nihaldastagiri/Desktop/Major Project/FaceForensics++_C23/NeuralTextures/701_579.mp4,1,FAKE,NeuralTextures,701
702_612,/Users/nihaldastagiri/Desktop/Major Project/FaceForensics++_C23/NeuralTextures/702_612.mp4,1,FAKE,NeuralTextures,702
703_604,/Users/nihaldastagiri/Desktop/Major Project/FaceForensics++_C23/NeuralTextures/703_604.mp4,1,FAKE,NeuralTextures,703
704_723,/Users/nihaldastagiri/Desktop/Major Project/FaceForensics++_C23/NeuralTextures/704_723.mp4,1,FAKE,NeuralTextures,704
705_707,/Users/nihaldastagiri/Desktop/Major Project/FaceForensics++_C23/NeuralTextures/705_707.mp4,1,FAKE,NeuralTextures,705
706_479,/Users/nihaldastagiri/Desktop/Major Project/FaceForensics++_C23/NeuralTextures/706_479.mp4,1,FAKE,NeuralTextures,706
707_705,/Users/nihaldastagiri/Desktop/Major Project/FaceForensics++_C23/NeuralTextures/707_705.mp4,1,FAKE,NeuralTextures,707
708_772,/Users/nihaldastagiri/Desktop/Major Project/FaceForensics++_C23/NeuralTextures/708_772.mp4,1,FAKE,NeuralTextures,708
709_390,/Users/nihaldastagiri/Desktop/Major Project/FaceForensics++_C23/NeuralTextures/709_390.mp4,1,FAKE,NeuralTextures,709
710_788,/Users/nihaldastagiri/Desktop/Major Project/FaceForensics++_C23/NeuralTextures/710_788.mp4,1,FAKE,NeuralTextures,710
711_681,/Users/nihaldastagiri/Desktop/Major Project/FaceForensics++_C23/NeuralTextures/711_681.mp4,1,FAKE,NeuralTextures,711
712_716,/Users/nihaldastagiri/Desktop/Major Project/FaceForensics++_C23/NeuralTextures/712_716.mp4,1,FAKE,NeuralTextures,712
713_726,/Users/nihaldastagiri/Desktop/Major Project/FaceForensics++_C23/NeuralTextures/713_726.mp4,1,FAKE,NeuralTextures,713
714_842,/Users/nihaldastagiri/Desktop/Major Project/FaceForensics++_C23/NeuralTextures/714_842.mp4,1,FAKE,NeuralTextures,714
715_721,/Users/nihaldastagiri/Desktop/Major Project/FaceForensics++_C23/NeuralTextures/715_721.mp4,1,FAKE,NeuralTextures,715
716_712,/Users/nihaldastagiri/Desktop/Major Project/FaceForensics++_C23/NeuralTextures/716_712.mp4,1,FAKE,NeuralTextures,716
717_684,/Users/nihaldastagiri/Desktop/Major Project/FaceForensics++_C23/NeuralTextures/717_684.mp4,1,FAKE,NeuralTextures,717
718_972,/Users/nihaldastagiri/Desktop/Major Project/FaceForensics++_C23/NeuralTextures/718_972.mp4,1,FAKE,NeuralTextures,718
719_737,/Users/nihaldastagiri/Desktop/Major Project/FaceForensics++_C23/NeuralTextures/719_737.mp4,1,FAKE,NeuralTextures,719
720_672,/Users/nihaldastagiri/Desktop/Major Project/FaceForensics++_C23/NeuralTextures/720_672.mp4,1,FAKE,NeuralTextures,720
721_715,/Users/nihaldastagiri/Desktop/Major Project/FaceForensics++_C23/NeuralTextures/721_715.mp4,1,FAKE,NeuralTextures,721
722_458,/Users/nihaldastagiri/Desktop/Major Project/FaceForensics++_C23/NeuralTextures/722_458.mp4,1,FAKE,NeuralTextures,722
723_704,/Users/nihaldastagiri/Desktop/Major Project/FaceForensics++_C23/NeuralTextures/723_704.mp4,1,FAKE,NeuralTextures,723
724_725,/Users/nihaldastagiri/Desktop/Major Project/FaceForensics++_C23/NeuralTextures/724_725.mp4,1,FAKE,NeuralTextures,724
725_724,/Users/nihaldastagiri/Desktop/Major Project/FaceForensics++_C23/NeuralTextures/725_724.mp4,1,FAKE,NeuralTextures,725
726_713,/Users/nihaldastagiri/Desktop/Major Project/FaceForensics++_C23/NeuralTextures/726_713.mp4,1,FAKE,NeuralTextures,726
727_729,/Users/nihaldastagiri/Desktop/Major Project/FaceForensics++_C23/NeuralTextures/727_729.mp4,1,FAKE,NeuralTextures,727
728_673,/Users/nihaldastagiri/Desktop/Major Project/FaceForensics++_C23/NeuralTextures/728_673.mp4,1,FAKE,NeuralTextures,728
729_727,/Users/nihaldastagiri/Desktop/Major Project/FaceForensics++_C23/NeuralTextures/729_727.mp4,1,FAKE,NeuralTextures,729
730_815,/Users/nihaldastagiri/Desktop/Major Project/FaceForensics++_C23/NeuralTextures/730_815.mp4,1,FAKE,NeuralTextures,730
731_741,/Users/nihaldastagiri/Desktop/Major Project/FaceForensics++_C23/NeuralTextures/731_741.mp4,1,FAKE,NeuralTextures,731
732_691,/Users/nihaldastagiri/Desktop/Major Project/FaceForensics++_C23/NeuralTextures/732_691.mp4,1,FAKE,NeuralTextures,732
733_935,/Users/nihaldastagiri/Desktop/Major Project/FaceForensics++_C23/NeuralTextures/733_935.mp4,1,FAKE,NeuralTextures,733
734_699,/Users/nihaldastagiri/Desktop/Major Project/FaceForensics++_C23/NeuralTextures/734_699.mp4,1,FAKE,NeuralTextures,734
735_774,/Users/nihaldastagiri/Desktop/Major Project/FaceForensics++_C23/NeuralTextures/735_774.mp4,1,FAKE,NeuralTextures,735
736_785,/Users/nihaldastagiri/Desktop/Major Project/FaceForensics++_C23/NeuralTextures/736_785.mp4,1,FAKE,NeuralTextures,736
737_719,/Users/nihaldastagiri/Desktop/Major Project/FaceForensics++_C23/NeuralTextures/737_719.mp4,1,FAKE,NeuralTextures,737
738_804,/Users/nihaldastagiri/Desktop/Major Project/FaceForensics++_C23/NeuralTextures/738_804.mp4,1,FAKE,NeuralTextures,738
739_865,/Users/nihaldastagiri/Desktop/Major Project/FaceForensics++_C23/NeuralTextures/739_865.mp4,1,FAKE,NeuralTextures,739
740_796,/Users/nihaldastagiri/Desktop/Major Project/FaceForensics++_C23/NeuralTextures/740_796.mp4,1,FAKE,NeuralTextures,740
741_731,/Users/nihaldastagiri/Desktop/Major Project/FaceForensics++_C23/NeuralTextures/741_731.mp4,1,FAKE,NeuralTextures,741
742_775,/Users/nihaldastagiri/Desktop/Major Project/FaceForensics++_C23/NeuralTextures/742_775.mp4,1,FAKE,NeuralTextures,742
743_750,/Users/nihaldastagiri/Desktop/Major Project/FaceForensics++_C23/NeuralTextures/743_750.mp4,1,FAKE,NeuralTextures,743
744_674,/Users/nihaldastagiri/Desktop/Major Project/FaceForensics++_C23/NeuralTextures/744_674.mp4,1,FAKE,NeuralTextures,744
745_777,/Users/nihaldastagiri/Desktop/Major Project/FaceForensics++_C23/NeuralTextures/745_777.mp4,1,FAKE,NeuralTextures,745
746_571,/Users/nihaldastagiri/Desktop/Major Project/FaceForensics++_C23/NeuralTextures/746_571.mp4,1,FAKE,NeuralTextures,746
747_854,/Users/nihaldastagiri/Desktop/Major Project/FaceForensics++_C23/NeuralTextures/747_854.mp4,1,FAKE,NeuralTextures,747
748_355,/Users/nihaldastagiri/Desktop/Major Project/FaceForensics++_C23/NeuralTextures/748_355.mp4,1,FAKE,NeuralTextures,748
749_659,/Users/nihaldastagiri/Desktop/Major Project/FaceForensics++_C23/NeuralTextures/749_659.mp4,1,FAKE,NeuralTextures,749
750_743,/Users/nihaldastagiri/Desktop/Major Project/FaceForensics++_C23/NeuralTextures/750_743.mp4,1,FAKE,NeuralTextures,750
751_752,/Users/nihaldastagiri/Desktop/Major Project/FaceForensics++_C23/NeuralTextures/751_752.mp4,1,FAKE,NeuralTextures,751
752_751,/Users/nihaldastagiri/Desktop/Major Project/FaceForensics++_C23/NeuralTextures/752_751.mp4,1,FAKE,NeuralTextures,752
753_789,/Users/nihaldastagiri/Desktop/Major Project/FaceForensics++_C23/NeuralTextures/753_789.mp4,1,FAKE,NeuralTextures,753
754_758,/Users/nihaldastagiri/Desktop/Major Project/FaceForensics++_C23/NeuralTextures/754_758.mp4,1,FAKE,NeuralTextures,754
755_759,/Users/nihaldastagiri/Desktop/Major Project/FaceForensics++_C23/NeuralTextures/755_759.mp4,1,FAKE,NeuralTextures,755
756_503,/Users/nihaldastagiri/Desktop/Major Project/FaceForensics++_C23/NeuralTextures/756_503.mp4,1,FAKE,NeuralTextures,756
757_573,/Users/nihaldastagiri/Desktop/Major Project/FaceForensics++_C23/NeuralTextures/757_573.mp4,1,FAKE,NeuralTextures,757
758_754,/Users/nihaldastagiri/Desktop/Major Project/FaceForensics++_C23/NeuralTextures/758_754.mp4,1,FAKE,NeuralTextures,758
759_755,/Users/nihaldastagiri/Desktop/Major Project/FaceForensics++_C23/NeuralTextures/759_755.mp4,1,FAKE,NeuralTextures,759
760_611,/Users/nihaldastagiri/Desktop/Major Project/FaceForensics++_C23/NeuralTextures/760_611.mp4,1,FAKE,NeuralTextures,760
761_766,/Users/nihaldastagiri/Desktop/Major Project/FaceForensics++_C23/NeuralTextures/761_766.mp4,1,FAKE,NeuralTextures,761
762_832,/Users/nihaldastagiri/Desktop/Major Project/FaceForensics++_C23/NeuralTextures/762_832.mp4,1,FAKE,NeuralTextures,762
763_930,/Users/nihaldastagiri/Desktop/Major Project/FaceForensics++_C23/NeuralTextures/763_930.mp4,1,FAKE,NeuralTextures,763
764_850,/Users/nihaldastagiri/Desktop/Major Project/FaceForensics++_C23/NeuralTextures/764_850.mp4,1,FAKE,NeuralTextures,764
765_867,/Users/nihaldastagiri/Desktop/Major Project/FaceForensics++_C23/NeuralTextures/765_867.mp4,1,FAKE,NeuralTextures,765
766_761,/Users/nihaldastagiri/Desktop/Major Project/FaceForensics++_C23/NeuralTextures/766_761.mp4,1,FAKE,NeuralTextures,766
767_694,/Users/nihaldastagiri/Desktop/Major Project/FaceForensics++_C23/NeuralTextures/767_694.mp4,1,FAKE,NeuralTextures,767
768_793,/Users/nihaldastagiri/Desktop/Major Project/FaceForensics++_C23/NeuralTextures/768_793.mp4,1,FAKE,NeuralTextures,768
769_784,/Users/nihaldastagiri/Desktop/Major Project/FaceForensics++_C23/NeuralTextures/769_784.mp4,1,FAKE,NeuralTextures,769
770_791,/Users/nihaldastagiri/Desktop/Major Project/FaceForensics++_C23/NeuralTextures/770_791.mp4,1,FAKE,NeuralTextures,770
771_849,/Users/nihaldastagiri/Desktop/Major Project/FaceForensics++_C23/NeuralTextures/771_849.mp4,1,FAKE,NeuralTextures,771
772_708,/Users/nihaldastagiri/Desktop/Major Project/FaceForensics++_C23/NeuralTextures/772_708.mp4,1,FAKE,NeuralTextures,772
773_652,/Users/nihaldastagiri/Desktop/Major Project/FaceForensics++_C23/NeuralTextures/773_652.mp4,1,FAKE,NeuralTextures,773
774_735,/Users/nihaldastagiri/Desktop/Major Project/FaceForensics++_C23/NeuralTextures/774_735.mp4,1,FAKE,NeuralTextures,774
775_742,/Users/nihaldastagiri/Desktop/Major Project/FaceForensics++_C23/NeuralTextures/775_742.mp4,1,FAKE,NeuralTextures,775
776_676,/Users/nihaldastagiri/Desktop/Major Project/FaceForensics++_C23/NeuralTextures/776_676.mp4,1,FAKE,NeuralTextures,776
777_745,/Users/nihaldastagiri/Desktop/Major Project/FaceForensics++_C23/NeuralTextures/777_745.mp4,1,FAKE,NeuralTextures,777
778_798,/Users/nihaldastagiri/Desktop/Major Project/FaceForensics++_C23/NeuralTextures/778_798.mp4,1,FAKE,NeuralTextures,778
779_794,/Users/nihaldastagiri/Desktop/Major Project/FaceForensics++_C23/NeuralTextures/779_794.mp4,1,FAKE,NeuralTextures,779
780_869,/Users/nihaldastagiri/Desktop/Major Project/FaceForensics++_C23/NeuralTextures/780_869.mp4,1,FAKE,NeuralTextures,780
781_806,/Users/nihaldastagiri/Desktop/Major Project/FaceForensics++_C23/NeuralTextures/781_806.mp4,1,FAKE,NeuralTextures,781
782_787,/Users/nihaldastagiri/Desktop/Major Project/FaceForensics++_C23/NeuralTextures/782_787.mp4,1,FAKE,NeuralTextures,782
783_916,/Users/nihaldastagiri/Desktop/Major Project/FaceForensics++_C23/NeuralTextures/783_916.mp4,1,FAKE,NeuralTextures,783
784_769,/Users/nihaldastagiri/Desktop/Major Project/FaceForensics++_C23/NeuralTextures/784_769.mp4,1,FAKE,NeuralTextures,784
785_736,/Users/nihaldastagiri/Desktop/Major Project/FaceForensics++_C23/NeuralTextures/785_736.mp4,1,FAKE,NeuralTextures,785
786_819,/Users/nihaldastagiri/Desktop/Major Project/FaceForensics++_C23/NeuralTextures/786_819.mp4,1,FAKE,NeuralTextures,786
787_782,/Users/nihaldastagiri/Desktop/Major Project/FaceForensics++_C23/NeuralTextures/787_782.mp4,1,FAKE,NeuralTextures,787
788_710,/Users/nihaldastagiri/Desktop/Major Project/FaceForensics++_C23/NeuralTextures/788_710.mp4,1,FAKE,NeuralTextures,788
789_753,/Users/nihaldastagiri/Desktop/Major Project/FaceForensics++_C23/NeuralTextures/789_753.mp4,1,FAKE,NeuralTextures,789
790_014,/Users/nihaldastagiri/Desktop/Major Project/FaceForensics++_C23/NeuralTextures/790_014.mp4,1,FAKE,NeuralTextures,790
791_770,/Users/nihaldastagiri/Desktop/Major Project/FaceForensics++_C23/NeuralTextures/791_770.mp4,1,FAKE,NeuralTextures,791
792_903,/Users/nihaldastagiri/Desktop/Major Project/FaceForensics++_C23/NeuralTextures/792_903.mp4,1,FAKE,NeuralTextures,792
793_768,/Users/nihaldastagiri/Desktop/Major Project/FaceForensics++_C23/NeuralTextures/793_768.mp4,1,FAKE,NeuralTextures,793
794_779,/Users/nihaldastagiri/Desktop/Major Project/FaceForensics++_C23/NeuralTextures/794_779.mp4,1,FAKE,NeuralTextures,794
795_907,/Users/nihaldastagiri/Desktop/Major Project/FaceForensics++_C23/NeuralTextures/795_907.mp4,1,FAKE,NeuralTextures,795
796_740,/Users/nihaldastagiri/Desktop/Major Project/FaceForensics++_C23/NeuralTextures/796_740.mp4,1,FAKE,NeuralTextures,796
797_844,/Users/nihaldastagiri/Desktop/Major Project/FaceForensics++_C23/NeuralTextures/797_844.mp4,1,FAKE,NeuralTextures,797
798_778,/Users/nihaldastagiri/Desktop/Major Project/FaceForensics++_C23/NeuralTextures/798_778.mp4,1,FAKE,NeuralTextures,798
799_809,/Users/nihaldastagiri/Desktop/Major Project/FaceForensics++_C23/NeuralTextures/799_809.mp4,1,FAKE,NeuralTextures,799
800_840,/Users/nihaldastagiri/Desktop/Major Project/FaceForensics++_C23/NeuralTextures/800_840.mp4,1,FAKE,NeuralTextures,800
801_855,/Users/nihaldastagiri/Desktop/Major Project/FaceForensics++_C23/NeuralTextures/801_855.mp4,1,FAKE,NeuralTextures,801
802_885,/Users/nihaldastagiri/Desktop/Major Project/FaceForensics++_C23/NeuralTextures/802_885.mp4,1,FAKE,NeuralTextures,802
803_017,/Users/nihaldastagiri/Desktop/Major Project/FaceForensics++_C23/NeuralTextures/803_017.mp4,1,FAKE,NeuralTextures,803
804_738,/Users/nihaldastagiri/Desktop/Major Project/FaceForensics++_C23/NeuralTextures/804_738.mp4,1,FAKE,NeuralTextures,804
805_011,/Users/nihaldastagiri/Desktop/Major Project/FaceForensics++_C23/NeuralTextures/805_011.mp4,1,FAKE,NeuralTextures,805
806_781,/Users/nihaldastagiri/Desktop/Major Project/FaceForensics++_C23/NeuralTextures/806_781.mp4,1,FAKE,NeuralTextures,806
807_273,/Users/nihaldastagiri/Desktop/Major Project/FaceForensics++_C23/NeuralTextures/807_273.mp4,1,FAKE,NeuralTextures,807
808_829,/Users/nihaldastagiri/Desktop/Major Project/FaceForensics++_C23/NeuralTextures/808_829.mp4,1,FAKE,NeuralTextures,808
809_799,/Users/nihaldastagiri/Desktop/Major Project/FaceForensics++_C23/NeuralTextures/809_799.mp4,1,FAKE,NeuralTextures,809
810_838,/Users/nihaldastagiri/Desktop/Major Project/FaceForensics++_C23/NeuralTextures/810_838.mp4,1,FAKE,NeuralTextures,810
811_920,/Users/nihaldastagiri/Desktop/Major Project/FaceForensics++_C23/NeuralTextures/811_920.mp4,1,FAKE,NeuralTextures,811
812_821,/Users/nihaldastagiri/Desktop/Major Project/FaceForensics++_C23/NeuralTextures/812_821.mp4,1,FAKE,NeuralTextures,812
813_700,/Users/nihaldastagiri/Desktop/Major Project/FaceForensics++_C23/NeuralTextures/813_700.mp4,1,FAKE,NeuralTextures,813
814_871,/Users/nihaldastagiri/Desktop/Major Project/FaceForensics++_C23/NeuralTextures/814_871.mp4,1,FAKE,NeuralTextures,814
815_730,/Users/nihaldastagiri/Desktop/Major Project/FaceForensics++_C23/NeuralTextures/815_730.mp4,1,FAKE,NeuralTextures,815
816_649,/Users/nihaldastagiri/Desktop/Major Project/FaceForensics++_C23/NeuralTextures/816_649.mp4,1,FAKE,NeuralTextures,816
817_827,/Users/nihaldastagiri/Desktop/Major Project/FaceForensics++_C23/NeuralTextures/817_827.mp4,1,FAKE,NeuralTextures,817
818_820,/Users/nihaldastagiri/Desktop/Major Project/FaceForensics++_C23/NeuralTextures/818_820.mp4,1,FAKE,NeuralTextures,818
819_786,/Users/nihaldastagiri/Desktop/Major Project/FaceForensics++_C23/NeuralTextures/819_786.mp4,1,FAKE,NeuralTextures,819
820_818,/Users/nihaldastagiri/Desktop/Major Project/FaceForensics++_C23/NeuralTextures/820_818.mp4,1,FAKE,NeuralTextures,820
821_812,/Users/nihaldastagiri/Desktop/Major Project/FaceForensics++_C23/NeuralTextures/821_812.mp4,1,FAKE,NeuralTextures,821
822_244,/Users/nihaldastagiri/Desktop/Major Project/FaceForensics++_C23/NeuralTextures/822_244.mp4,1,FAKE,NeuralTextures,822
823_584,/Users/nihaldastagiri/Desktop/Major Project/FaceForensics++_C23/NeuralTextures/823_584.mp4,1,FAKE,NeuralTextures,823
824_419,/Users/nihaldastagiri/Desktop/Major Project/FaceForensics++_C23/NeuralTextures/824_419.mp4,1,FAKE,NeuralTextures,824
825_074,/Users/nihaldastagiri/Desktop/Major Project/FaceForensics++_C23/NeuralTextures/825_074.mp4,1,FAKE,NeuralTextures,825
826_833,/Users/nihaldastagiri/Desktop/Major Project/FaceForensics++_C23/NeuralTextures/826_833.mp4,1,FAKE,NeuralTextures,826
827_817,/Users/nihaldastagiri/Desktop/Major Project/FaceForensics++_C23/NeuralTextures/827_817.mp4,1,FAKE,NeuralTextures,827
828_830,/Users/nihaldastagiri/Desktop/Major Project/FaceForensics++_C23/NeuralTextures/828_830.mp4,1,FAKE,NeuralTextures,828
829_808,/Users/nihaldastagiri/Desktop/Major Project/FaceForensics++_C23/NeuralTextures/829_808.mp4,1,FAKE,NeuralTextures,829
830_828,/Users/nihaldastagiri/Desktop/Major Project/FaceForensics++_C23/NeuralTextures/830_828.mp4,1,FAKE,NeuralTextures,830
831_508,/Users/nihaldastagiri/Desktop/Major Project/FaceForensics++_C23/NeuralTextures/831_508.mp4,1,FAKE,NeuralTextures,831
832_762,/Users/nihaldastagiri/Desktop/Major Project/FaceForensics++_C23/NeuralTextures/832_762.mp4,1,FAKE,NeuralTextures,832
833_826,/Users/nihaldastagiri/Desktop/Major Project/FaceForensics++_C23/NeuralTextures/833_826.mp4,1,FAKE,NeuralTextures,833
834_852,/Users/nihaldastagiri/Desktop/Major Project/FaceForensics++_C23/NeuralTextures/834_852.mp4,1,FAKE,NeuralTextures,834
835_651,/Users/nihaldastagiri/Desktop/Major Project/FaceForensics++_C23/NeuralTextures/835_651.mp4,1,FAKE,NeuralTextures,835
836_950,/Users/nihaldastagiri/Desktop/Major Project/FaceForensics++_C23/NeuralTextures/836_950.mp4,1,FAKE,NeuralTextures,836
837_890,/Users/nihaldastagiri/Desktop/Major Project/FaceForensics++_C23/NeuralTextures/837_890.mp4,1,FAKE,NeuralTextures,837
838_810,/Users/nihaldastagiri/Desktop/Major Project/FaceForensics++_C23/NeuralTextures/838_810.mp4,1,FAKE,NeuralTextures,838
839_864,/Users/nihaldastagiri/Desktop/Major Project/FaceForensics++_C23/NeuralTextures/839_864.mp4,1,FAKE,NeuralTextures,839
840_800,/Users/nihaldastagiri/Desktop/Major Project/FaceForensics++_C23/NeuralTextures/840_800.mp4,1,FAKE,NeuralTextures,840
841_639,/Users/nihaldastagiri/Desktop/Major Project/FaceForensics++_C23/NeuralTextures/841_639.mp4,1,FAKE,NeuralTextures,841
842_714,/Users/nihaldastagiri/Desktop/Major Project/FaceForensics++_C23/NeuralTextures/842_714.mp4,1,FAKE,NeuralTextures,842
843_859,/Users/nihaldastagiri/Desktop/Major Project/FaceForensics++_C23/NeuralTextures/843_859.mp4,1,FAKE,NeuralTextures,843
844_797,/Users/nihaldastagiri/Desktop/Major Project/FaceForensics++_C23/NeuralTextures/844_797.mp4,1,FAKE,NeuralTextures,844
845_846,/Users/nihaldastagiri/Desktop/Major Project/FaceForensics++_C23/NeuralTextures/845_846.mp4,1,FAKE,NeuralTextures,845
846_845,/Users/nihaldastagiri/Desktop/Major Project/FaceForensics++_C23/NeuralTextures/846_845.mp4,1,FAKE,NeuralTextures,846
847_906,/Users/nihaldastagiri/Desktop/Major Project/FaceForensics++_C23/NeuralTextures/847_906.mp4,1,FAKE,NeuralTextures,847
848_894,/Users/nihaldastagiri/Desktop/Major Project/FaceForensics++_C23/NeuralTextures/848_894.mp4,1,FAKE,NeuralTextures,848
849_771,/Users/nihaldastagiri/Desktop/Major Project/FaceForensics++_C23/NeuralTextures/849_771.mp4,1,FAKE,NeuralTextures,849
850_764,/Users/nihaldastagiri/Desktop/Major Project/FaceForensics++_C23/NeuralTextures/850_764.mp4,1,FAKE,NeuralTextures,850
851_552,/Users/nihaldastagiri/Desktop/Major Project/FaceForensics++_C23/NeuralTextures/851_552.mp4,1,FAKE,NeuralTextures,851
852_834,/Users/nihaldastagiri/Desktop/Major Project/FaceForensics++_C23/NeuralTextures/852_834.mp4,1,FAKE,NeuralTextures,852
853_863,/Users/nihaldastagiri/Desktop/Major Project/FaceForensics++_C23/NeuralTextures/853_863.mp4,1,FAKE,NeuralTextures,853
854_747,/Users/nihaldastagiri/Desktop/Major Project/FaceForensics++_C23/NeuralTextures/854_747.mp4,1,FAKE,NeuralTextures,854
855_801,/Users/nihaldastagiri/Desktop/Major Project/FaceForensics++_C23/NeuralTextures/855_801.mp4,1,FAKE,NeuralTextures,855
856_881,/Users/nihaldastagiri/Desktop/Major Project/FaceForensics++_C23/NeuralTextures/856_881.mp4,1,FAKE,NeuralTextures,856
857_909,/Users/nihaldastagiri/Desktop/Major Project/FaceForensics++_C23/NeuralTextures/857_909.mp4,1,FAKE,NeuralTextures,857
858_861,/Users/nihaldastagiri/Desktop/Major Project/FaceForensics++_C23/NeuralTextures/858_861.mp4,1,FAKE,NeuralTextures,858
859_843,/Users/nihaldastagiri/Desktop/Major Project/FaceForensics++_C23/NeuralTextures/859_843.mp4,1,FAKE,NeuralTextures,859
860_905,/Users/nihaldastagiri/Desktop/Major Project/FaceForensics++_C23/NeuralTextures/860_905.mp4,1,FAKE,NeuralTextures,860
861_858,/Users/nihaldastagiri/Desktop/Major Project/FaceForensics++_C23/NeuralTextures/861_858.mp4,1,FAKE,NeuralTextures,861
862_047,/Users/nihaldastagiri/Desktop/Major Project/FaceForensics++_C23/NeuralTextures/862_047.mp4,1,FAKE,NeuralTextures,862
863_853,/Users/nihaldastagiri/Desktop/Major Project/FaceForensics++_C23/NeuralTextures/863_853.mp4,1,FAKE,NeuralTextures,863
864_839,/Users/nihaldastagiri/Desktop/Major Project/FaceForensics++_C23/NeuralTextures/864_839.mp4,1,FAKE,NeuralTextures,864
865_739,/Users/nihaldastagiri/Desktop/Major Project/FaceForensics++_C23/NeuralTextures/865_739.mp4,1,FAKE,NeuralTextures,865
866_878,/Users/nihaldastagiri/Desktop/Major Project/FaceForensics++_C23/NeuralTextures/866_878.mp4,1,FAKE,NeuralTextures,866
867_765,/Users/nihaldastagiri/Desktop/Major Project/FaceForensics++_C23/NeuralTextures/867_765.mp4,1,FAKE,NeuralTextures,867
868_949,/Users/nihaldastagiri/Desktop/Major Project/FaceForensics++_C23/NeuralTextures/868_949.mp4,1,FAKE,NeuralTextures,868
869_780,/Users/nihaldastagiri/Desktop/Major Project/FaceForensics++_C23/NeuralTextures/869_780.mp4,1,FAKE,NeuralTextures,869
870_001,/Users/nihaldastagiri/Desktop/Major Project/FaceForensics++_C23/NeuralTextures/870_001.mp4,1,FAKE,NeuralTextures,870
871_814,/Users/nihaldastagiri/Desktop/Major Project/FaceForensics++_C23/NeuralTextures/871_814.mp4,1,FAKE,NeuralTextures,871
872_873,/Users/nihaldastagiri/Desktop/Major Project/FaceForensics++_C23/NeuralTextures/872_873.mp4,1,FAKE,NeuralTextures,872
873_872,/Users/nihaldastagiri/Desktop/Major Project/FaceForensics++_C23/NeuralTextures/873_872.mp4,1,FAKE,NeuralTextures,873
874_291,/Users/nihaldastagiri/Desktop/Major Project/FaceForensics++_C23/NeuralTextures/874_291.mp4,1,FAKE,NeuralTextures,874
875_979,/Users/nihaldastagiri/Desktop/Major Project/FaceForensics++_C23/NeuralTextures/875_979.mp4,1,FAKE,NeuralTextures,875
876_891,/Users/nihaldastagiri/Desktop/Major Project/FaceForensics++_C23/NeuralTextures/876_891.mp4,1,FAKE,NeuralTextures,876
877_886,/Users/nihaldastagiri/Desktop/Major Project/FaceForensics++_C23/NeuralTextures/877_886.mp4,1,FAKE,NeuralTextures,877
878_866,/Users/nihaldastagiri/Desktop/Major Project/FaceForensics++_C23/NeuralTextures/878_866.mp4,1,FAKE,NeuralTextures,878
879_963,/Users/nihaldastagiri/Desktop/Major Project/FaceForensics++_C23/NeuralTextures/879_963.mp4,1,FAKE,NeuralTextures,879
880_135,/Users/nihaldastagiri/Desktop/Major Project/FaceForensics++_C23/NeuralTextures/880_135.mp4,1,FAKE,NeuralTextures,880
881_856,/Users/nihaldastagiri/Desktop/Major Project/FaceForensics++_C23/NeuralTextures/881_856.mp4,1,FAKE,NeuralTextures,881
882_952,/Users/nihaldastagiri/Desktop/Major Project/FaceForensics++_C23/NeuralTextures/882_952.mp4,1,FAKE,NeuralTextures,882
883_013,/Users/nihaldastagiri/Desktop/Major Project/FaceForensics++_C23/NeuralTextures/883_013.mp4,1,FAKE,NeuralTextures,883
884_968,/Users/nihaldastagiri/Desktop/Major Project/FaceForensics++_C23/NeuralTextures/884_968.mp4,1,FAKE,NeuralTextures,884
885_802,/Users/nihaldastagiri/Desktop/Major Project/FaceForensics++_C23/NeuralTextures/885_802.mp4,1,FAKE,NeuralTextures,885
886_877,/Users/nihaldastagiri/Desktop/Major Project/FaceForensics++_C23/NeuralTextures/886_877.mp4,1,FAKE,NeuralTextures,886
887_275,/Users/nihaldastagiri/Desktop/Major Project/FaceForensics++_C23/NeuralTextures/887_275.mp4,1,FAKE,NeuralTextures,887
888_937,/Users/nihaldastagiri/Desktop/Major Project/FaceForensics++_C23/NeuralTextures/888_937.mp4,1,FAKE,NeuralTextures,888
889_045,/Users/nihaldastagiri/Desktop/Major Project/FaceForensics++_C23/NeuralTextures/889_045.mp4,1,FAKE,NeuralTextures,889
890_837,/Users/nihaldastagiri/Desktop/Major Project/FaceForensics++_C23/NeuralTextures/890_837.mp4,1,FAKE,NeuralTextures,890
891_876,/Users/nihaldastagiri/Desktop/Major Project/FaceForensics++_C23/NeuralTextures/891_876.mp4,1,FAKE,NeuralTextures,891
892_112,/Users/nihaldastagiri/Desktop/Major Project/FaceForensics++_C23/NeuralTextures/892_112.mp4,1,FAKE,NeuralTextures,892
893_913,/Users/nihaldastagiri/Desktop/Major Project/FaceForensics++_C23/NeuralTextures/893_913.mp4,1,FAKE,NeuralTextures,893
894_848,/Users/nihaldastagiri/Desktop/Major Project/FaceForensics++_C23/NeuralTextures/894_848.mp4,1,FAKE,NeuralTextures,894
895_915,/Users/nihaldastagiri/Desktop/Major Project/FaceForensics++_C23/NeuralTextures/895_915.mp4,1,FAKE,NeuralTextures,895
896_128,/Users/nihaldastagiri/Desktop/Major Project/FaceForensics++_C23/NeuralTextures/896_128.mp4,1,FAKE,NeuralTextures,896
897_969,/Users/nihaldastagiri/Desktop/Major Project/FaceForensics++_C23/NeuralTextures/897_969.mp4,1,FAKE,NeuralTextures,897
898_922,/Users/nihaldastagiri/Desktop/Major Project/FaceForensics++_C23/NeuralTextures/898_922.mp4,1,FAKE,NeuralTextures,898
899_914,/Users/nihaldastagiri/Desktop/Major Project/FaceForensics++_C23/NeuralTextures/899_914.mp4,1,FAKE,NeuralTextures,899
900_926,/Users/nihaldastagiri/Desktop/Major Project/FaceForensics++_C23/NeuralTextures/900_926.mp4,1,FAKE,NeuralTextures,900
901_902,/Users/nihaldastagiri/Desktop/Major Project/FaceForensics++_C23/NeuralTextures/901_902.mp4,1,FAKE,NeuralTextures,901
902_901,/Users/nihaldastagiri/Desktop/Major Project/FaceForensics++_C23/NeuralTextures/902_901.mp4,1,FAKE,NeuralTextures,902
903_792,/Users/nihaldastagiri/Desktop/Major Project/FaceForensics++_C23/NeuralTextures/903_792.mp4,1,FAKE,NeuralTextures,903
904_046,/Users/nihaldastagiri/Desktop/Major Project/FaceForensics++_C23/NeuralTextures/904_046.mp4,1,FAKE,NeuralTextures,904
905_860,/Users/nihaldastagiri/Desktop/Major Project/FaceForensics++_C23/NeuralTextures/905_860.mp4,1,FAKE,NeuralTextures,905
906_847,/Users/nihaldastagiri/Desktop/Major Project/FaceForensics++_C23/NeuralTextures/906_847.mp4,1,FAKE,NeuralTextures,906
907_795,/Users/nihaldastagiri/Desktop/Major Project/FaceForensics++_C23/NeuralTextures/907_795.mp4,1,FAKE,NeuralTextures,907
908_207,/Users/nihaldastagiri/Desktop/Major Project/FaceForensics++_C23/NeuralTextures/908_207.mp4,1,FAKE,NeuralTextures,908
909_857,/Users/nihaldastagiri/Desktop/Major Project/FaceForensics++_C23/NeuralTextures/909_857.mp4,1,FAKE,NeuralTextures,909
910_911,/Users/nihaldastagiri/Desktop/Major Project/FaceForensics++_C23/NeuralTextures/910_911.mp4,1,FAKE,NeuralTextures,910
911_910,/Users/nihaldastagiri/Desktop/Major Project/FaceForensics++_C23/NeuralTextures/911_910.mp4,1,FAKE,NeuralTextures,911
912_927,/Users/nihaldastagiri/Desktop/Major Project/FaceForensics++_C23/NeuralTextures/912_927.mp4,1,FAKE,NeuralTextures,912
913_893,/Users/nihaldastagiri/Desktop/Major Project/FaceForensics++_C23/NeuralTextures/913_893.mp4,1,FAKE,NeuralTextures,913
914_899,/Users/nihaldastagiri/Desktop/Major Project/FaceForensics++_C23/NeuralTextures/914_899.mp4,1,FAKE,NeuralTextures,914
915_895,/Users/nihaldastagiri/Desktop/Major Project/FaceForensics++_C23/NeuralTextures/915_895.mp4,1,FAKE,NeuralTextures,915
916_783,/Users/nihaldastagiri/Desktop/Major Project/FaceForensics++_C23/NeuralTextures/916_783.mp4,1,FAKE,NeuralTextures,916
917_924,/Users/nihaldastagiri/Desktop/Major Project/FaceForensics++_C23/NeuralTextures/917_924.mp4,1,FAKE,NeuralTextures,917
918_934,/Users/nihaldastagiri/Desktop/Major Project/FaceForensics++_C23/NeuralTextures/918_934.mp4,1,FAKE,NeuralTextures,918
919_015,/Users/nihaldastagiri/Desktop/Major Project/FaceForensics++_C23/NeuralTextures/919_015.mp4,1,FAKE,NeuralTextures,919
920_811,/Users/nihaldastagiri/Desktop/Major Project/FaceForensics++_C23/NeuralTextures/920_811.mp4,1,FAKE,NeuralTextures,920
921_569,/Users/nihaldastagiri/Desktop/Major Project/FaceForensics++_C23/NeuralTextures/921_569.mp4,1,FAKE,NeuralTextures,921
922_898,/Users/nihaldastagiri/Desktop/Major Project/FaceForensics++_C23/NeuralTextures/922_898.mp4,1,FAKE,NeuralTextures,922
923_023,/Users/nihaldastagiri/Desktop/Major Project/FaceForensics++_C23/NeuralTextures/923_023.mp4,1,FAKE,NeuralTextures,923
924_917,/Users/nihaldastagiri/Desktop/Major Project/FaceForensics++_C23/NeuralTextures/924_917.mp4,1,FAKE,NeuralTextures,924
925_933,/Users/nihaldastagiri/Desktop/Major Project/FaceForensics++_C23/NeuralTextures/925_933.mp4,1,FAKE,NeuralTextures,925
926_900,/Users/nihaldastagiri/Desktop/Major Project/FaceForensics++_C23/NeuralTextures/926_900.mp4,1,FAKE,NeuralTextures,926
927_912,/Users/nihaldastagiri/Desktop/Major Project/FaceForensics++_C23/NeuralTextures/927_912.mp4,1,FAKE,NeuralTextures,927
928_160,/Users/nihaldastagiri/Desktop/Major Project/FaceForensics++_C23/NeuralTextures/928_160.mp4,1,FAKE,NeuralTextures,928
929_962,/Users/nihaldastagiri/Desktop/Major Project/FaceForensics++_C23/NeuralTextures/929_962.mp4,1,FAKE,NeuralTextures,929
930_763,/Users/nihaldastagiri/Desktop/Major Project/FaceForensics++_C23/NeuralTextures/930_763.mp4,1,FAKE,NeuralTextures,930
931_936,/Users/nihaldastagiri/Desktop/Major Project/FaceForensics++_C23/NeuralTextures/931_936.mp4,1,FAKE,NeuralTextures,931
932_384,/Users/nihaldastagiri/Desktop/Major Project/FaceForensics++_C23/NeuralTextures/932_384.mp4,1,FAKE,NeuralTextures,932
933_925,/Users/nihaldastagiri/Desktop/Major Project/FaceForensics++_C23/NeuralTextures/933_925.mp4,1,FAKE,NeuralTextures,933
934_918,/Users/nihaldastagiri/Desktop/Major Project/FaceForensics++_C23/NeuralTextures/934_918.mp4,1,FAKE,NeuralTextures,934
935_733,/Users/nihaldastagiri/Desktop/Major Project/FaceForensics++_C23/NeuralTextures/935_733.mp4,1,FAKE,NeuralTextures,935
936_931,/Users/nihaldastagiri/Desktop/Major Project/FaceForensics++_C23/NeuralTextures/936_931.mp4,1,FAKE,NeuralTextures,936
937_888,/Users/nihaldastagiri/Desktop/Major Project/FaceForensics++_C23/NeuralTextures/937_888.mp4,1,FAKE,NeuralTextures,937
938_987,/Users/nihaldastagiri/Desktop/Major Project/FaceForensics++_C23/NeuralTextures/938_987.mp4,1,FAKE,NeuralTextures,938
939_115,/Users/nihaldastagiri/Desktop/Major Project/FaceForensics++_C23/NeuralTextures/939_115.mp4,1,FAKE,NeuralTextures,939
940_941,/Users/nihaldastagiri/Desktop/Major Project/FaceForensics++_C23/NeuralTextures/940_941.mp4,1,FAKE,NeuralTextures,940
941_940,/Users/nihaldastagiri/Desktop/Major Project/FaceForensics++_C23/NeuralTextures/941_940.mp4,1,FAKE,NeuralTextures,941
942_943,/Users/nihaldastagiri/Desktop/Major Project/FaceForensics++_C23/NeuralTextures/942_943.mp4,1,FAKE,NeuralTextures,942
943_942,/Users/nihaldastagiri/Desktop/Major Project/FaceForensics++_C23/NeuralTextures/943_942.mp4,1,FAKE,NeuralTextures,943
944_032,/Users/nihaldastagiri/Desktop/Major Project/FaceForensics++_C23/NeuralTextures/944_032.mp4,1,FAKE,NeuralTextures,944
945_044,/Users/nihaldastagiri/Desktop/Major Project/FaceForensics++_C23/NeuralTextures/945_044.mp4,1,FAKE,NeuralTextures,945
946_049,/Users/nihaldastagiri/Desktop/Major Project/FaceForensics++_C23/NeuralTextures/946_049.mp4,1,FAKE,NeuralTextures,946
947_951,/Users/nihaldastagiri/Desktop/Major Project/FaceForensics++_C23/NeuralTextures/947_951.mp4,1,FAKE,NeuralTextures,947
948_965,/Users/nihaldastagiri/Desktop/Major Project/FaceForensics++_C23/NeuralTextures/948_965.mp4,1,FAKE,NeuralTextures,948
949_868,/Users/nihaldastagiri/Desktop/Major Project/FaceForensics++_C23/NeuralTextures/949_868.mp4,1,FAKE,NeuralTextures,949
950_836,/Users/nihaldastagiri/Desktop/Major Project/FaceForensics++_C23/NeuralTextures/950_836.mp4,1,FAKE,NeuralTextures,950
951_947,/Users/nihaldastagiri/Desktop/Major Project/FaceForensics++_C23/NeuralTextures/951_947.mp4,1,FAKE,NeuralTextures,951
952_882,/Users/nihaldastagiri/Desktop/Major Project/FaceForensics++_C23/NeuralTextures/952_882.mp4,1,FAKE,NeuralTextures,952
953_974,/Users/nihaldastagiri/Desktop/Major Project/FaceForensics++_C23/NeuralTextures/953_974.mp4,1,FAKE,NeuralTextures,953
954_976,/Users/nihaldastagiri/Desktop/Major Project/FaceForensics++_C23/NeuralTextures/954_976.mp4,1,FAKE,NeuralTextures,954
955_078,/Users/nihaldastagiri/Desktop/Major Project/FaceForensics++_C23/NeuralTextures/955_078.mp4,1,FAKE,NeuralTextures,955
956_958,/Users/nihaldastagiri/Desktop/Major Project/FaceForensics++_C23/NeuralTextures/956_958.mp4,1,FAKE,NeuralTextures,956
957_959,/Users/nihaldastagiri/Desktop/Major Project/FaceForensics++_C23/NeuralTextures/957_959.mp4,1,FAKE,NeuralTextures,957
958_956,/Users/nihaldastagiri/Desktop/Major Project/FaceForensics++_C23/NeuralTextures/958_956.mp4,1,FAKE,NeuralTextures,958
959_957,/Users/nihaldastagiri/Desktop/Major Project/FaceForensics++_C23/NeuralTextures/959_957.mp4,1,FAKE,NeuralTextures,959
960_999,/Users/nihaldastagiri/Desktop/Major Project/FaceForensics++_C23/NeuralTextures/960_999.mp4,1,FAKE,NeuralTextures,960
961_069,/Users/nihaldastagiri/Desktop/Major Project/FaceForensics++_C23/NeuralTextures/961_069.mp4,1,FAKE,NeuralTextures,961
962_929,/Users/nihaldastagiri/Desktop/Major Project/FaceForensics++_C23/NeuralTextures/962_929.mp4,1,FAKE,NeuralTextures,962
963_879,/Users/nihaldastagiri/Desktop/Major Project/FaceForensics++_C23/NeuralTextures/963_879.mp4,1,FAKE,NeuralTextures,963
964_174,/Users/nihaldastagiri/Desktop/Major Project/FaceForensics++_C23/NeuralTextures/964_174.mp4,1,FAKE,NeuralTextures,964
965_948,/Users/nihaldastagiri/Desktop/Major Project/FaceForensics++_C23/NeuralTextures/965_948.mp4,1,FAKE,NeuralTextures,965
966_988,/Users/nihaldastagiri/Desktop/Major Project/FaceForensics++_C23/NeuralTextures/966_988.mp4,1,FAKE,NeuralTextures,966
967_984,/Users/nihaldastagiri/Desktop/Major Project/FaceForensics++_C23/NeuralTextures/967_984.mp4,1,FAKE,NeuralTextures,967
968_884,/Users/nihaldastagiri/Desktop/Major Project/FaceForensics++_C23/NeuralTextures/968_884.mp4,1,FAKE,NeuralTextures,968
969_897,/Users/nihaldastagiri/Desktop/Major Project/FaceForensics++_C23/NeuralTextures/969_897.mp4,1,FAKE,NeuralTextures,969
970_973,/Users/nihaldastagiri/Desktop/Major Project/FaceForensics++_C23/NeuralTextures/970_973.mp4,1,FAKE,NeuralTextures,970
971_564,/Users/nihaldastagiri/Desktop/Major Project/FaceForensics++_C23/NeuralTextures/971_564.mp4,1,FAKE,NeuralTextures,971
972_718,/Users/nihaldastagiri/Desktop/Major Project/FaceForensics++_C23/NeuralTextures/972_718.mp4,1,FAKE,NeuralTextures,972
973_970,/Users/nihaldastagiri/Desktop/Major Project/FaceForensics++_C23/NeuralTextures/973_970.mp4,1,FAKE,NeuralTextures,973
974_953,/Users/nihaldastagiri/Desktop/Major Project/FaceForensics++_C23/NeuralTextures/974_953.mp4,1,FAKE,NeuralTextures,974
975_978,/Users/nihaldastagiri/Desktop/Major Project/FaceForensics++_C23/NeuralTextures/975_978.mp4,1,FAKE,NeuralTextures,975
976_954,/Users/nihaldastagiri/Desktop/Major Project/FaceForensics++_C23/NeuralTextures/976_954.mp4,1,FAKE,NeuralTextures,976
977_075,/Users/nihaldastagiri/Desktop/Major Project/FaceForensics++_C23/NeuralTextures/977_075.mp4,1,FAKE,NeuralTextures,977
978_975,/Users/nihaldastagiri/Desktop/Major Project/FaceForensics++_C23/NeuralTextures/978_975.mp4,1,FAKE,NeuralTextures,978
979_875,/Users/nihaldastagiri/Desktop/Major Project/FaceForensics++_C23/NeuralTextures/979_875.mp4,1,FAKE,NeuralTextures,979
980_992,/Users/nihaldastagiri/Desktop/Major Project/FaceForensics++_C23/NeuralTextures/980_992.mp4,1,FAKE,NeuralTextures,980
981_985,/Users/nihaldastagiri/Desktop/Major Project/FaceForensics++_C23/NeuralTextures/981_985.mp4,1,FAKE,NeuralTextures,981
982_004,/Users/nihaldastagiri/Desktop/Major Project/FaceForensics++_C23/NeuralTextures/982_004.mp4,1,FAKE,NeuralTextures,982
983_113,/Users/nihaldastagiri/Desktop/Major Project/FaceForensics++_C23/NeuralTextures/983_113.mp4,1,FAKE,NeuralTextures,983
984_967,/Users/nihaldastagiri/Desktop/Major Project/FaceForensics++_C23/NeuralTextures/984_967.mp4,1,FAKE,NeuralTextures,984
985_981,/Users/nihaldastagiri/Desktop/Major Project/FaceForensics++_C23/NeuralTextures/985_981.mp4,1,FAKE,NeuralTextures,985
986_994,/Users/nihaldastagiri/Desktop/Major Project/FaceForensics++_C23/NeuralTextures/986_994.mp4,1,FAKE,NeuralTextures,986
987_938,/Users/nihaldastagiri/Desktop/Major Project/FaceForensics++_C23/NeuralTextures/987_938.mp4,1,FAKE,NeuralTextures,987
988_966,/Users/nihaldastagiri/Desktop/Major Project/FaceForensics++_C23/NeuralTextures/988_966.mp4,1,FAKE,NeuralTextures,988
989_993,/Users/nihaldastagiri/Desktop/Major Project/FaceForensics++_C23/NeuralTextures/989_993.mp4,1,FAKE,NeuralTextures,989
990_008,/Users/nihaldastagiri/Desktop/Major Project/FaceForensics++_C23/NeuralTextures/990_008.mp4,1,FAKE,NeuralTextures,990
991_064,/Users/nihaldastagiri/Desktop/Major Project/FaceForensics++_C23/NeuralTextures/991_064.mp4,1,FAKE,NeuralTextures,991
992_980,/Users/nihaldastagiri/Desktop/Major Project/FaceForensics++_C23/NeuralTextures/992_980.mp4,1,FAKE,NeuralTextures,992
993_989,/Users/nihaldastagiri/Desktop/Major Project/FaceForensics++_C23/NeuralTextures/993_989.mp4,1,FAKE,NeuralTextures,993
994_986,/Users/nihaldastagiri/Desktop/Major Project/FaceForensics++_C23/NeuralTextures/994_986.mp4,1,FAKE,NeuralTextures,994
995_233,/Users/nihaldastagiri/Desktop/Major Project/FaceForensics++_C23/NeuralTextures/995_233.mp4,1,FAKE,NeuralTextures,995
996_056,/Users/nihaldastagiri/Desktop/Major Project/FaceForensics++_C23/NeuralTextures/996_056.mp4,1,FAKE,NeuralTextures,996
997_040,/Users/nihaldastagiri/Desktop/Major Project/FaceForensics++_C23/NeuralTextures/997_040.mp4,1,FAKE,NeuralTextures,997
998_561,/Users/nihaldastagiri/Desktop/Major Project/FaceForensics++_C23/NeuralTextures/998_561.mp4,1,FAKE,NeuralTextures,998
999_960,/Users/nihaldastagiri/Desktop/Major Project/FaceForensics++_C23/NeuralTextures/999_960.mp4,1,FAKE,NeuralTextures,999
