video_id,video_path,label,label_name,manipulation_type,source_video
521_517,/Users/nihaldastagiri/Desktop/Major Project/FaceForensics++_C23/Deepfakes/521_517.mp4,1,FAKE,Deepfakes,521
737_719,/Users/nihaldastagiri/Desktop/Major Project/FaceForensics++_C23/Deepfakes/737_719.mp4,1,FAKE,Deepfakes,737
740_796,/Users/nihaldastagiri/Desktop/Major Project/FaceForensics++_C23/Deepfakes/740_796.mp4,1,FAKE,Deepfakes,740
660_634,/Users/nihaldastagiri/Desktop/Major Project/FaceForensics++_C23/Deepfakes/660_634.mp4,1,FAKE,Deepfakes,660
411_410,/Users/nihaldastagiri/Desktop/Major Project/FaceForensics++_C23/Deepfakes/411_410.mp4,1,FAKE,Deepfakes,411
678_460,/Users/nihaldastagiri/Desktop/Major Project/FaceForensics++_C23/Deepfakes/678_460.mp4,1,FAKE,Deepfakes,678
626_562,/Users/nihaldastagiri/Desktop/Major Project/FaceForensics++_C23/Deepfakes/626_562.mp4,1,FAKE,Deepfakes,626
513_305,/Users/nihaldastagiri/Desktop/Major Project/FaceForensics++_C23/Deepfakes/513_305.mp4,1,FAKE,Deepfakes,513
859_843,/Users/nihaldastagiri/Desktop/Major Project/FaceForensics++_C23/Deepfakes/859_843.mp4,1,FAKE,Deepfakes,859
136_285,/Users/nihaldastagiri/Desktop/Major Project/FaceForensics++_C23/Deepfakes/136_285.mp4,1,FAKE,Deepfakes,136
811_920,/Users/nihaldastagiri/Desktop/Major Project/FaceForensics++_C23/Deepfakes/811_920.mp4,1,FAKE,Deepfakes,811
076_079,/Users/nihaldastagiri/Desktop/Major Project/FaceForensics++_C23/Deepfakes/076_079.mp4,1,FAKE,Deepfakes,076
636_578,/Users/nihaldastagiri/Desktop/Major Project/FaceForensics++_C23/Deepfakes/636_578.mp4,1,FAKE,Deepfakes,636
973_970,/Users/nihaldastagiri/Desktop/Major Project/FaceForensics++_C23/Deepfakes/973_970.mp4,1,FAKE,Deepfakes,973
938_987,/Users/nihaldastagiri/Desktop/Major Project/FaceForensics++_C23/Deepfakes/938_987.mp4,1,FAKE,Deepfakes,938
899_914,/Users/nihaldastagiri/Desktop/Major Project/FaceForensics++_C23/Deepfakes/899_914.mp4,1,FAKE,Deepfakes,899
280_249,/Users/nihaldastagiri/Desktop/Major Project/FaceForensics++_C23/Deepfakes/280_249.mp4,1,FAKE,Deepfakes,280
883_013,/Users/nihaldastagiri/Desktop/Major Project/FaceForensics++_C23/Deepfakes/883_013.mp4,1,FAKE,Deepfakes,883
761_766,/Users/nihaldastagiri/Desktop/Major Project/FaceForensics++_C23/Deepfakes/761_766.mp4,1,FAKE,Deepfakes,761
319_352,/Users/nihaldastagiri/Desktop/Major Project/FaceForensics++_C23/Deepfakes/319_352.mp4,1,FAKE,Deepfakes,319
549_531,/Users/nihaldastagiri/Desktop/Major Project/FaceForensics++_C23/Deepfakes/549_531.mp4,1,FAKE,Deepfakes,549
174_964,/Users/nihaldastagiri/Desktop/Major Project/FaceForensics++_C23/Deepfakes/174_964.mp4,1,FAKE,Deepfakes,174
371_367,/Users/nihaldastagiri/Desktop/Major Project/FaceForensics++_C23/Deepfakes/371_367.mp4,1,FAKE,Deepfakes,371
527_454,/Users/nihaldastagiri/Desktop/Major Project/FaceForensics++_C23/Deepfakes/527_454.mp4,1,FAKE,Deepfakes,527
210_241,/Users/nihaldastagiri/Desktop/Major Project/FaceForensics++_C23/Deepfakes/210_241.mp4,1,FAKE,Deepfakes,210
235_194,/Users/nihaldastagiri/Desktop/Major Project/FaceForensics++_C23/Deepfakes/235_194.mp4,1,FAKE,Deepfakes,235
101_096,/Users/nihaldastagiri/Desktop/Major Project/FaceForensics++_C23/Deepfakes/101_096.mp4,1,FAKE,Deepfakes,101
986_994,/Users/nihaldastagiri/Desktop/Major Project/FaceForensics++_C23/Deepfakes/986_994.mp4,1,FAKE,Deepfakes,986
902_901,/Users/nihaldastagiri/Desktop/Major Project/FaceForensics++_C23/Deepfakes/902_901.mp4,1,FAKE,Deepfakes,902
947_951,/Users/nihaldastagiri/Desktop/Major Project/FaceForensics++_C23/Deepfakes/947_951.mp4,1,FAKE,Deepfakes,947
346_351,/Users/nihaldastagiri/Desktop/Major Project/FaceForensics++_C23/Deepfakes/346_351.mp4,1,FAKE,Deepfakes,346
139_130,/Users/nihaldastagiri/Desktop/Major Project/FaceForensics++_C23/Deepfakes/139_130.mp4,1,FAKE,Deepfakes,139
621_546,/Users/nihaldastagiri/Desktop/Major Project/FaceForensics++_C23/Deepfakes/621_546.mp4,1,FAKE,Deepfakes,621
499_539,/Users/nihaldastagiri/Desktop/Major Project/FaceForensics++_C23/Deepfakes/499_539.mp4,1,FAKE,Deepfakes,499
370_483,/Users/nihaldastagiri/Desktop/Major Project/FaceForensics++_C23/Deepfakes/370_483.mp4,1,FAKE,Deepfakes,370
198_106,/Users/nihaldastagiri/Desktop/Major Project/FaceForensics++_C23/Deepfakes/198_106.mp4,1,FAKE,Deepfakes,198
687_615,/Users/nihaldastagiri/Desktop/Major Project/FaceForensics++_C23/Deepfakes/687_615.mp4,1,FAKE,Deepfakes,687
584_823,/Users/nihaldastagiri/Desktop/Major Project/FaceForensics++_C23/Deepfakes/584_823.mp4,1,FAKE,Deepfakes,584
901_902,/Users/nihaldastagiri/Desktop/Major Project/FaceForensics++_C23/Deepfakes/901_902.mp4,1,FAKE,Deepfakes,901
059_050,/Users/nihaldastagiri/Desktop/Major Project/FaceForensics++_C23/Deepfakes/059_050.mp4,1,FAKE,Deepfakes,059
328_320,/Users/nihaldastagiri/Desktop/Major Project/FaceForensics++_C23/Deepfakes/328_320.mp4,1,FAKE,Deepfakes,328
096_101,/Users/nihaldastagiri/Desktop/Major Project/FaceForensics++_C23/Deepfakes/096_101.mp4,1,FAKE,Deepfakes,096
312_021,/Users/nihaldastagiri/Desktop/Major Project/FaceForensics++_C23/Deepfakes/312_021.mp4,1,FAKE,Deepfakes,312
974_953,/Users/nihaldastagiri/Desktop/Major Project/FaceForensics++_C23/Deepfakes/974_953.mp4,1,FAKE,Deepfakes,974
299_145,/Users/nihaldastagiri/Desktop/Major Project/FaceForensics++_C23/Deepfakes/299_145.mp4,1,FAKE,Deepfakes,299
277_335,/Users/nihaldastagiri/Desktop/Major Project/FaceForensics++_C23/Deepfakes/277_335.mp4,1,FAKE,Deepfakes,277
924_917,/Users/nihaldastagiri/Desktop/Major Project/FaceForensics++_C23/Deepfakes/924_917.mp4,1,FAKE,Deepfakes,924
601_653,/Users/nihaldastagiri/Desktop/Major Project/FaceForensics++_C23/Deepfakes/601_653.mp4,1,FAKE,Deepfakes,601
439_441,/Users/nihaldastagiri/Desktop/Major Project/FaceForensics++_C23/Deepfakes/439_441.mp4,1,FAKE,Deepfakes,439
837_890,/Users/nihaldastagiri/Desktop/Major Project/FaceForensics++_C23/Deepfakes/837_890.mp4,1,FAKE,Deepfakes,837
570_624,/Users/nihaldastagiri/Desktop/Major Project/FaceForensics++_C23/Deepfakes/570_624.mp4,1,FAKE,Deepfakes,570
879_963,/Users/nihaldastagiri/Desktop/Major Project/FaceForensics++_C23/Deepfakes/879_963.mp4,1,FAKE,Deepfakes,879
261_254,/Users/nihaldastagiri/Desktop/Major Project/FaceForensics++_C23/Deepfakes/261_254.mp4,1,FAKE,Deepfakes,261
578_636,/Users/nihaldastagiri/Desktop/Major Project/FaceForensics++_C23/Deepfakes/578_636.mp4,1,FAKE,Deepfakes,578
023_923,/Users/nihaldastagiri/Desktop/Major Project/FaceForensics++_C23/Deepfakes/023_923.mp4,1,FAKE,Deepfakes,023
030_193,/Users/nihaldastagiri/Desktop/Major Project/FaceForensics++_C23/Deepfakes/030_193.mp4,1,FAKE,Deepfakes,030
617_566,/Users/nihaldastagiri/Desktop/Major Project/FaceForensics++_C23/Deepfakes/617_566.mp4,1,FAKE,Deepfakes,617
010_005,/Users/nihaldastagiri/Desktop/Major Project/FaceForensics++_C23/Deepfakes/010_005.mp4,1,FAKE,Deepfakes,010
221_206,/Users/nihaldastagiri/Desktop/Major Project/FaceForensics++_C23/Deepfakes/221_206.mp4,1,FAKE,Deepfakes,221
820_818,/Users/nihaldastagiri/Desktop/Major Project/FaceForensics++_C23/Deepfakes/820_818.mp4,1,FAKE,Deepfakes,820
296_293,/Users/nihaldastagiri/Desktop/Major Project/FaceForensics++_C23/Deepfakes/296_293.mp4,1,FAKE,Deepfakes,296
054_071,/Users/nihaldastagiri/Desktop/Major Project/FaceForensics++_C23/Deepfakes/054_071.mp4,1,FAKE,Deepfakes,054
542_520,/Users/nihaldastagiri/Desktop/Major Project/FaceForensics++_C23/Deepfakes/542_520.mp4,1,FAKE,Deepfakes,542
209_016,/Users/nihaldastagiri/Desktop/Major Project/FaceForensics++_C23/Deepfakes/209_016.mp4,1,FAKE,Deepfakes,209
604_703,/Users/nihaldastagiri/Desktop/Major Project/FaceForensics++_C23/Deepfakes/604_703.mp4,1,FAKE,Deepfakes,604
692_610,/Users/nihaldastagiri/Desktop/Major Project/FaceForensics++_C23/Deepfakes/692_610.mp4,1,FAKE,Deepfakes,692
662_641,/Users/nihaldastagiri/Desktop/Major Project/FaceForensics++_C23/Deepfakes/662_641.mp4,1,FAKE,Deepfakes,662
866_878,/Users/nihaldastagiri/Desktop/Major Project/FaceForensics++_C23/Deepfakes/866_878.mp4,1,FAKE,Deepfakes,866
070_057,/Users/nihaldastagiri/Desktop/Major Project/FaceForensics++_C23/Deepfakes/070_057.mp4,1,FAKE,Deepfakes,070
543_559,/Users/nihaldastagiri/Desktop/Major Project/FaceForensics++_C23/Deepfakes/543_559.mp4,1,FAKE,Deepfakes,543
107_109,/Users/nihaldastagiri/Desktop/Major Project/FaceForensics++_C23/Deepfakes/107_109.mp4,1,FAKE,Deepfakes,107
493_538,/Users/nihaldastagiri/Desktop/Major Project/FaceForensics++_C23/Deepfakes/493_538.mp4,1,FAKE,Deepfakes,493
590_034,/Users/nihaldastagiri/Desktop/Major Project/FaceForensics++_C23/Deepfakes/590_034.mp4,1,FAKE,Deepfakes,590
741_731,/Users/nihaldastagiri/Desktop/Major Project/FaceForensics++_C23/Deepfakes/741_731.mp4,1,FAKE,Deepfakes,741
292_294,/Users/nihaldastagiri/Desktop/Major Project/FaceForensics++_C23/Deepfakes/292_294.mp4,1,FAKE,Deepfakes,292
289_228,/Users/nihaldastagiri/Desktop/Major Project/FaceForensics++_C23/Deepfakes/289_228.mp4,1,FAKE,Deepfakes,289
652_773,/Users/nihaldastagiri/Desktop/Major Project/FaceForensics++_C23/Deepfakes/652_773.mp4,1,FAKE,Deepfakes,652
039_058,/Users/nihaldastagiri/Desktop/Major Project/FaceForensics++_C23/Deepfakes/039_058.mp4,1,FAKE,Deepfakes,039
589_565,/Users/nihaldastagiri/Desktop/Major Project/FaceForensics++_C23/Deepfakes/589_565.mp4,1,FAKE,Deepfakes,589
307_365,/Users/nihaldastagiri/Desktop/Major Project/FaceForensics++_C23/Deepfakes/307_365.mp4,1,FAKE,Deepfakes,307
679_665,/Users/nihaldastagiri/Desktop/Major Project/FaceForensics++_C23/Deepfakes/679_665.mp4,1,FAKE,Deepfakes,679
066_062,/Users/nihaldastagiri/Desktop/Major Project/FaceForensics++_C23/Deepfakes/066_062.mp4,1,FAKE,Deepfakes,066
275_887,/Users/nihaldastagiri/Desktop/Major Project/FaceForensics++_C23/Deepfakes/275_887.mp4,1,FAKE,Deepfakes,275
067_025,/Users/nihaldastagiri/Desktop/Major Project/FaceForensics++_C23/Deepfakes/067_025.mp4,1,FAKE,Deepfakes,067
318_334,/Users/nihaldastagiri/Desktop/Major Project/FaceForensics++_C23/Deepfakes/318_334.mp4,1,FAKE,Deepfakes,318
548_632,/Users/nihaldastagiri/Desktop/Major Project/FaceForensics++_C23/Deepfakes/548_632.mp4,1,FAKE,Deepfakes,548
998_561,/Users/nihaldastagiri/Desktop/Major Project/FaceForensics++_C23/Deepfakes/998_561.mp4,1,FAKE,Deepfakes,998
714_842,/Users/nihaldastagiri/Desktop/Major Project/FaceForensics++_C23/Deepfakes/714_842.mp4,1,FAKE,Deepfakes,714
753_789,/Users/nihaldastagiri/Desktop/Major Project/FaceForensics++_C23/Deepfakes/753_789.mp4,1,FAKE,Deepfakes,753
327_329,/Users/nihaldastagiri/Desktop/Major Project/FaceForensics++_C23/Deepfakes/327_329.mp4,1,FAKE,Deepfakes,327
382_409,/Users/nihaldastagiri/Desktop/Major Project/FaceForensics++_C23/Deepfakes/382_409.mp4,1,FAKE,Deepfakes,382
451_449,/Users/nihaldastagiri/Desktop/Major Project/FaceForensics++_C23/Deepfakes/451_449.mp4,1,FAKE,Deepfakes,451
522_337,/Users/nihaldastagiri/Desktop/Major Project/FaceForensics++_C23/Deepfakes/522_337.mp4,1,FAKE,Deepfakes,522
218_239,/Users/nihaldastagiri/Desktop/Major Project/FaceForensics++_C23/Deepfakes/218_239.mp4,1,FAKE,Deepfakes,218
787_782,/Users/nihaldastagiri/Desktop/Major Project/FaceForensics++_C23/Deepfakes/787_782.mp4,1,FAKE,Deepfakes,787
436_526,/Users/nihaldastagiri/Desktop/Major Project/FaceForensics++_C23/Deepfakes/436_526.mp4,1,FAKE,Deepfakes,436
764_850,/Users/nihaldastagiri/Desktop/Major Project/FaceForensics++_C23/Deepfakes/764_850.mp4,1,FAKE,Deepfakes,764
088_060,/Users/nihaldastagiri/Desktop/Major Project/FaceForensics++_C23/Deepfakes/088_060.mp4,1,FAKE,Deepfakes,088
063_041,/Users/nihaldastagiri/Desktop/Major Project/FaceForensics++_C23/Deepfakes/063_041.mp4,1,FAKE,Deepfakes,063
826_833,/Users/nihaldastagiri/Desktop/Major Project/FaceForensics++_C23/Deepfakes/826_833.mp4,1,FAKE,Deepfakes,826
716_712,/Users/nihaldastagiri/Desktop/Major Project/FaceForensics++_C23/Deepfakes/716_712.mp4,1,FAKE,Deepfakes,716
351_346,/Users/nihaldastagiri/Desktop/Major Project/FaceForensics++_C23/Deepfakes/351_346.mp4,1,FAKE,Deepfakes,351
936_931,/Users/nihaldastagiri/Desktop/Major Project/FaceForensics++_C23/Deepfakes/936_931.mp4,1,FAKE,Deepfakes,936
256_146,/Users/nihaldastagiri/Desktop/Major Project/FaceForensics++_C23/Deepfakes/256_146.mp4,1,FAKE,Deepfakes,256
635_642,/Users/nihaldastagiri/Desktop/Major Project/FaceForensics++_C23/Deepfakes/635_642.mp4,1,FAKE,Deepfakes,635
644_657,/Users/nihaldastagiri/Desktop/Major Project/FaceForensics++_C23/Deepfakes/644_657.mp4,1,FAKE,Deepfakes,644
554_572,/Users/nihaldastagiri/Desktop/Major Project/FaceForensics++_C23/Deepfakes/554_572.mp4,1,FAKE,Deepfakes,554
959_957,/Users/nihaldastagiri/Desktop/Major Project/FaceForensics++_C23/Deepfakes/959_957.mp4,1,FAKE,Deepfakes,959
168_222,/Users/nihaldastagiri/Desktop/Major Project/FaceForensics++_C23/Deepfakes/168_222.mp4,1,FAKE,Deepfakes,168
917_924,/Users/nihaldastagiri/Desktop/Major Project/FaceForensics++_C23/Deepfakes/917_924.mp4,1,FAKE,Deepfakes,917
528_510,/Users/nihaldastagiri/Desktop/Major Project/FaceForensics++_C23/Deepfakes/528_510.mp4,1,FAKE,Deepfakes,528
823_584,/Users/nihaldastagiri/Desktop/Major Project/FaceForensics++_C23/Deepfakes/823_584.mp4,1,FAKE,Deepfakes,823
985_981,/Users/nihaldastagiri/Desktop/Major Project/FaceForensics++_C23/Deepfakes/985_981.mp4,1,FAKE,Deepfakes,985
816_649,/Users/nihaldastagiri/Desktop/Major Project/FaceForensics++_C23/Deepfakes/816_649.mp4,1,FAKE,Deepfakes,816
086_090,/Users/nihaldastagiri/Desktop/Major Project/FaceForensics++_C23/Deepfakes/086_090.mp4,1,FAKE,Deepfakes,086
432_357,/Users/nihaldastagiri/Desktop/Major Project/FaceForensics++_C23/Deepfakes/432_357.mp4,1,FAKE,Deepfakes,432
184_205,/Users/nihaldastagiri/Desktop/Major Project/FaceForensics++_C23/Deepfakes/184_205.mp4,1,FAKE,Deepfakes,184
978_975,/Users/nihaldastagiri/Desktop/Major Project/FaceForensics++_C23/Deepfakes/978_975.mp4,1,FAKE,Deepfakes,978
534_490,/Users/nihaldastagiri/Desktop/Major Project/FaceForensics++_C23/Deepfakes/534_490.mp4,1,FAKE,Deepfakes,534
294_292,/Users/nihaldastagiri/Desktop/Major Project/FaceForensics++_C23/Deepfakes/294_292.mp4,1,FAKE,Deepfakes,294
892_112,/Users/nihaldastagiri/Desktop/Major Project/FaceForensics++_C23/Deepfakes/892_112.mp4,1,FAKE,Deepfakes,892
425_485,/Users/nihaldastagiri/Desktop/Major Project/FaceForensics++_C23/Deepfakes/425_485.mp4,1,FAKE,Deepfakes,425
713_726,/Users/nihaldastagiri/Desktop/Major Project/FaceForensics++_C23/Deepfakes/713_726.mp4,1,FAKE,Deepfakes,713
260_331,/Users/nihaldastagiri/Desktop/Major Project/FaceForensics++_C23/Deepfakes/260_331.mp4,1,FAKE,Deepfakes,260
237_236,/Users/nihaldastagiri/Desktop/Major Project/FaceForensics++_C23/Deepfakes/237_236.mp4,1,FAKE,Deepfakes,237
559_543,/Users/nihaldastagiri/Desktop/Major Project/FaceForensics++_C23/Deepfakes/559_543.mp4,1,FAKE,Deepfakes,559
583_558,/Users/nihaldastagiri/Desktop/Major Project/FaceForensics++_C23/Deepfakes/583_558.mp4,1,FAKE,Deepfakes,583
445_494,/Users/nihaldastagiri/Desktop/Major Project/FaceForensics++_C23/Deepfakes/445_494.mp4,1,FAKE,Deepfakes,445
867_765,/Users/nihaldastagiri/Desktop/Major Project/FaceForensics++_C23/Deepfakes/867_765.mp4,1,FAKE,Deepfakes,867
800_840,/Users/nihaldastagiri/Desktop/Major Project/FaceForensics++_C23/Deepfakes/800_840.mp4,1,FAKE,Deepfakes,800
599_585,/Users/nihaldastagiri/Desktop/Major Project/FaceForensics++_C23/Deepfakes/599_585.mp4,1,FAKE,Deepfakes,599
849_771,/Users/nihaldastagiri/Desktop/Major Project/FaceForensics++_C23/Deepfakes/849_771.mp4,1,FAKE,Deepfakes,849
265_475,/Users/nihaldastagiri/Desktop/Major Project/FaceForensics++_C23/Deepfakes/265_475.mp4,1,FAKE,Deepfakes,265
995_233,/Users/nihaldastagiri/Desktop/Major Project/FaceForensics++_C23/Deepfakes/995_233.mp4,1,FAKE,Deepfakes,995
529_633,/Users/nihaldastagiri/Desktop/Major Project/FaceForensics++_C23/Deepfakes/529_633.mp4,1,FAKE,Deepfakes,529
055_147,/Users/nihaldastagiri/Desktop/Major Project/FaceForensics++_C23/Deepfakes/055_147.mp4,1,FAKE,Deepfakes,055
120_118,/Users/nihaldastagiri/Desktop/Major Project/FaceForensics++_C23/Deepfakes/120_118.mp4,1,FAKE,Deepfakes,120
215_208,/Users/nihaldastagiri/Desktop/Major Project/FaceForensics++_C23/Deepfakes/215_208.mp4,1,FAKE,Deepfakes,215
025_067,/Users/nihaldastagiri/Desktop/Major Project/FaceForensics++_C23/Deepfakes/025_067.mp4,1,FAKE,Deepfakes,025
072_037,/Users/nihaldastagiri/Desktop/Major Project/FaceForensics++_C23/Deepfakes/072_037.mp4,1,FAKE,Deepfakes,072
044_945,/Users/nihaldastagiri/Desktop/Major Project/FaceForensics++_C23/Deepfakes/044_945.mp4,1,FAKE,Deepfakes,044
247_229,/Users/nihaldastagiri/Desktop/Major Project/FaceForensics++_C23/Deepfakes/247_229.mp4,1,FAKE,Deepfakes,247
721_715,/Users/nihaldastagiri/Desktop/Major Project/FaceForensics++_C23/Deepfakes/721_715.mp4,1,FAKE,Deepfakes,721
281_474,/Users/nihaldastagiri/Desktop/Major Project/FaceForensics++_C23/Deepfakes/281_474.mp4,1,FAKE,Deepfakes,281
893_913,/Users/nihaldastagiri/Desktop/Major Project/FaceForensics++_C23/Deepfakes/893_913.mp4,1,FAKE,Deepfakes,893
914_899,/Users/nihaldastagiri/Desktop/Major Project/FaceForensics++_C23/Deepfakes/914_899.mp4,1,FAKE,Deepfakes,914
810_838,/Users/nihaldastagiri/Desktop/Major Project/FaceForensics++_C23/Deepfakes/810_838.mp4,1,FAKE,Deepfakes,810
244_822,/Users/nihaldastagiri/Desktop/Major Project/FaceForensics++_C23/Deepfakes/244_822.mp4,1,FAKE,Deepfakes,244
822_244,/Users/nihaldastagiri/Desktop/Major Project/FaceForensics++_C23/Deepfakes/822_244.mp4,1,FAKE,Deepfakes,822
321_288,/Users/nihaldastagiri/Desktop/Major Project/FaceForensics++_C23/Deepfakes/321_288.mp4,1,FAKE,Deepfakes,321
643_646,/Users/nihaldastagiri/Desktop/Major Project/FaceForensics++_C23/Deepfakes/643_646.mp4,1,FAKE,Deepfakes,643
158_379,/Users/nihaldastagiri/Desktop/Major Project/FaceForensics++_C23/Deepfakes/158_379.mp4,1,FAKE,Deepfakes,158
977_075,/Users/nihaldastagiri/Desktop/Major Project/FaceForensics++_C23/Deepfakes/977_075.mp4,1,FAKE,Deepfakes,977
429_404,/Users/nihaldastagiri/Desktop/Major Project/FaceForensics++_C23/Deepfakes/429_404.mp4,1,FAKE,Deepfakes,429
941_940,/Users/nihaldastagiri/Desktop/Major Project/FaceForensics++_C23/Deepfakes/941_940.mp4,1,FAKE,Deepfakes,941
462_467,/Users/nihaldastagiri/Desktop/Major Project/FaceForensics++_C23/Deepfakes/462_467.mp4,1,FAKE,Deepfakes,462
309_303,/Users/nihaldastagiri/Desktop/Major Project/FaceForensics++_C23/Deepfakes/309_303.mp4,1,FAKE,Deepfakes,309
697_581,/Users/nihaldastagiri/Desktop/Major Project/FaceForensics++_C23/Deepfakes/697_581.mp4,1,FAKE,Deepfakes,697
060_088,/Users/nihaldastagiri/Desktop/Major Project/FaceForensics++_C23/Deepfakes/060_088.mp4,1,FAKE,Deepfakes,060
884_968,/Users/nihaldastagiri/Desktop/Major Project/FaceForensics++_C23/Deepfakes/884_968.mp4,1,FAKE,Deepfakes,884
595_597,/Users/nihaldastagiri/Desktop/Major Project/FaceForensics++_C23/Deepfakes/595_597.mp4,1,FAKE,Deepfakes,595
767_694,/Users/nihaldastagiri/Desktop/Major Project/FaceForensics++_C23/Deepfakes/767_694.mp4,1,FAKE,Deepfakes,767
649_816,/Users/nihaldastagiri/Desktop/Major Project/FaceForensics++_C23/Deepfakes/649_816.mp4,1,FAKE,Deepfakes,649
650_625,/Users/nihaldastagiri/Desktop/Major Project/FaceForensics++_C23/Deepfakes/650_625.mp4,1,FAKE,Deepfakes,650
865_739,/Users/nihaldastagiri/Desktop/Major Project/FaceForensics++_C23/Deepfakes/865_739.mp4,1,FAKE,Deepfakes,865
668_664,/Users/nihaldastagiri/Desktop/Major Project/FaceForensics++_C23/Deepfakes/668_664.mp4,1,FAKE,Deepfakes,668
298_279,/Users/nihaldastagiri/Desktop/Major Project/FaceForensics++_C23/Deepfakes/298_279.mp4,1,FAKE,Deepfakes,298
689_690,/Users/nihaldastagiri/Desktop/Major Project/FaceForensics++_C23/Deepfakes/689_690.mp4,1,FAKE,Deepfakes,689
314_347,/Users/nihaldastagiri/Desktop/Major Project/FaceForensics++_C23/Deepfakes/314_347.mp4,1,FAKE,Deepfakes,314
310_196,/Users/nihaldastagiri/Desktop/Major Project/FaceForensics++_C23/Deepfakes/310_196.mp4,1,FAKE,Deepfakes,310
361_448,/Users/nihaldastagiri/Desktop/Major Project/FaceForensics++_C23/Deepfakes/361_448.mp4,1,FAKE,Deepfakes,361
479_706,/Users/nihaldastagiri/Desktop/Major Project/FaceForensics++_C23/Deepfakes/479_706.mp4,1,FAKE,Deepfakes,479
110_043,/Users/nihaldastagiri/Desktop/Major Project/FaceForensics++_C23/Deepfakes/110_043.mp4,1,FAKE,Deepfakes,110
989_993,/Users/nihaldastagiri/Desktop/Major Project/FaceForensics++_C23/Deepfakes/989_993.mp4,1,FAKE,Deepfakes,989
486_680,/Users/nihaldastagiri/Desktop/Major Project/FaceForensics++_C23/Deepfakes/486_680.mp4,1,FAKE,Deepfakes,486
363_343,/Users/nihaldastagiri/Desktop/Major Project/FaceForensics++_C23/Deepfakes/363_343.mp4,1,FAKE,Deepfakes,363
254_261,/Users/nihaldastagiri/Desktop/Major Project/FaceForensics++_C23/Deepfakes/254_261.mp4,1,FAKE,Deepfakes,254
259_345,/Users/nihaldastagiri/Desktop/Major Project/FaceForensics++_C23/Deepfakes/259_345.mp4,1,FAKE,Deepfakes,259
802_885,/Users/nihaldastagiri/Desktop/Major Project/FaceForensics++_C23/Deepfakes/802_885.mp4,1,FAKE,Deepfakes,802
677_671,/Users/nihaldastagiri/Desktop/Major Project/FaceForensics++_C23/Deepfakes/677_671.mp4,1,FAKE,Deepfakes,677
494_445,/Users/nihaldastagiri/Desktop/Major Project/FaceForensics++_C23/Deepfakes/494_445.mp4,1,FAKE,Deepfakes,494
670_661,/Users/nihaldastagiri/Desktop/Major Project/FaceForensics++_C23/Deepfakes/670_661.mp4,1,FAKE,Deepfakes,670
377_333,/Users/nihaldastagiri/Desktop/Major Project/FaceForensics++_C23/Deepfakes/377_333.mp4,1,FAKE,Deepfakes,377
526_436,/Users/nihaldastagiri/Desktop/Major Project/FaceForensics++_C23/Deepfakes/526_436.mp4,1,FAKE,Deepfakes,526
845_846,/Users/nihaldastagiri/Desktop/Major Project/FaceForensics++_C23/Deepfakes/845_846.mp4,1,FAKE,Deepfakes,845
137_165,/Users/nihaldastagiri/Desktop/Major Project/FaceForensics++_C23/Deepfakes/137_165.mp4,1,FAKE,Deepfakes,137
355_748,/Users/nihaldastagiri/Desktop/Major Project/FaceForensics++_C23/Deepfakes/355_748.mp4,1,FAKE,Deepfakes,355
365_307,/Users/nihaldastagiri/Desktop/Major Project/FaceForensics++_C23/Deepfakes/365_307.mp4,1,FAKE,Deepfakes,365
942_943,/Users/nihaldastagiri/Desktop/Major Project/FaceForensics++_C23/Deepfakes/942_943.mp4,1,FAKE,Deepfakes,942
749_659,/Users/nihaldastagiri/Desktop/Major Project/FaceForensics++_C23/Deepfakes/749_659.mp4,1,FAKE,Deepfakes,749
948_965,/Users/nihaldastagiri/Desktop/Major Project/FaceForensics++_C23/Deepfakes/948_965.mp4,1,FAKE,Deepfakes,948
829_808,/Users/nihaldastagiri/Desktop/Major Project/FaceForensics++_C23/Deepfakes/829_808.mp4,1,FAKE,Deepfakes,829
656_666,/Users/nihaldastagiri/Desktop/Major Project/FaceForensics++_C23/Deepfakes/656_666.mp4,1,FAKE,Deepfakes,656
199_181,/Users/nihaldastagiri/Desktop/Major Project/FaceForensics++_C23/Deepfakes/199_181.mp4,1,FAKE,Deepfakes,199
213_083,/Users/nihaldastagiri/Desktop/Major Project/FaceForensics++_C23/Deepfakes/213_083.mp4,1,FAKE,Deepfakes,213
408_424,/Users/nihaldastagiri/Desktop/Major Project/FaceForensics++_C23/Deepfakes/408_424.mp4,1,FAKE,Deepfakes,408
332_051,/Users/nihaldastagiri/Desktop/Major Project/FaceForensics++_C23/Deepfakes/332_051.mp4,1,FAKE,Deepfakes,332
208_215,/Users/nihaldastagiri/Desktop/Major Project/FaceForensics++_C23/Deepfakes/208_215.mp4,1,FAKE,Deepfakes,208
613_685,/Users/nihaldastagiri/Desktop/Major Project/FaceForensics++_C23/Deepfakes/613_685.mp4,1,FAKE,Deepfakes,613
078_955,/Users/nihaldastagiri/Desktop/Major Project/FaceForensics++_C23/Deepfakes/078_955.mp4,1,FAKE,Deepfakes,078
029_048,/Users/nihaldastagiri/Desktop/Major Project/FaceForensics++_C23/Deepfakes/029_048.mp4,1,FAKE,Deepfakes,029
535_587,/Users/nihaldastagiri/Desktop/Major Project/FaceForensics++_C23/Deepfakes/535_587.mp4,1,FAKE,Deepfakes,535
695_422,/Users/nihaldastagiri/Desktop/Major Project/FaceForensics++_C23/Deepfakes/695_422.mp4,1,FAKE,Deepfakes,695
557_560,/Users/nihaldastagiri/Desktop/Major Project/FaceForensics++_C23/Deepfakes/557_560.mp4,1,FAKE,Deepfakes,557
836_950,/Users/nihaldastagiri/Desktop/Major Project/FaceForensics++_C23/Deepfakes/836_950.mp4,1,FAKE,Deepfakes,836
596_609,/Users/nihaldastagiri/Desktop/Major Project/FaceForensics++_C23/Deepfakes/596_609.mp4,1,FAKE,Deepfakes,596
165_137,/Users/nihaldastagiri/Desktop/Major Project/FaceForensics++_C23/Deepfakes/165_137.mp4,1,FAKE,Deepfakes,165
918_934,/Users/nihaldastagiri/Desktop/Major Project/FaceForensics++_C23/Deepfakes/918_934.mp4,1,FAKE,Deepfakes,918
495_512,/Users/nihaldastagiri/Desktop/Major Project/FaceForensics++_C23/Deepfakes/495_512.mp4,1,FAKE,Deepfakes,495
824_419,/Users/nihaldastagiri/Desktop/Major Project/FaceForensics++_C23/Deepfakes/824_419.mp4,1,FAKE,Deepfakes,824
065_089,/Users/nihaldastagiri/Desktop/Major Project/FaceForensics++_C23/Deepfakes/065_089.mp4,1,FAKE,Deepfakes,065
141_161,/Users/nihaldastagiri/Desktop/Major Project/FaceForensics++_C23/Deepfakes/141_161.mp4,1,FAKE,Deepfakes,141
925_933,/Users/nihaldastagiri/Desktop/Major Project/FaceForensics++_C23/Deepfakes/925_933.mp4,1,FAKE,Deepfakes,925
827_817,/Users/nihaldastagiri/Desktop/Major Project/FaceForensics++_C23/Deepfakes/827_817.mp4,1,FAKE,Deepfakes,827
655_444,/Users/nihaldastagiri/Desktop/Major Project/FaceForensics++_C23/Deepfakes/655_444.mp4,1,FAKE,Deepfakes,655
331_260,/Users/nihaldastagiri/Desktop/Major Project/FaceForensics++_C23/Deepfakes/331_260.mp4,1,FAKE,Deepfakes,331
664_668,/Users/nihaldastagiri/Desktop/Major Project/FaceForensics++_C23/Deepfakes/664_668.mp4,1,FAKE,Deepfakes,664
249_280,/Users/nihaldastagiri/Desktop/Major Project/FaceForensics++_C23/Deepfakes/249_280.mp4,1,FAKE,Deepfakes,249
907_795,/Users/nihaldastagiri/Desktop/Major Project/FaceForensics++_C23/Deepfakes/907_795.mp4,1,FAKE,Deepfakes,907
708_772,/Users/nihaldastagiri/Desktop/Major Project/FaceForensics++_C23/Deepfakes/708_772.mp4,1,FAKE,Deepfakes,708
305_513,/Users/nihaldastagiri/Desktop/Major Project/FaceForensics++_C23/Deepfakes/305_513.mp4,1,FAKE,Deepfakes,305
734_699,/Users/nihaldastagiri/Desktop/Major Project/FaceForensics++_C23/Deepfakes/734_699.mp4,1,FAKE,Deepfakes,734
975_978,/Users/nihaldastagiri/Desktop/Major Project/FaceForensics++_C23/Deepfakes/975_978.mp4,1,FAKE,Deepfakes,975
049_946,/Users/nihaldastagiri/Desktop/Major Project/FaceForensics++_C23/Deepfakes/049_946.mp4,1,FAKE,Deepfakes,049
896_128,/Users/nihaldastagiri/Desktop/Major Project/FaceForensics++_C23/Deepfakes/896_128.mp4,1,FAKE,Deepfakes,896
002_006,/Users/nihaldastagiri/Desktop/Major Project/FaceForensics++_C23/Deepfakes/002_006.mp4,1,FAKE,Deepfakes,002
544_532,/Users/nihaldastagiri/Desktop/Major Project/FaceForensics++_C23/Deepfakes/544_532.mp4,1,FAKE,Deepfakes,544
350_349,/Users/nihaldastagiri/Desktop/Major Project/FaceForensics++_C23/Deepfakes/350_349.mp4,1,FAKE,Deepfakes,350
904_046,/Users/nihaldastagiri/Desktop/Major Project/FaceForensics++_C23/Deepfakes/904_046.mp4,1,FAKE,Deepfakes,904
536_540,/Users/nihaldastagiri/Desktop/Major Project/FaceForensics++_C23/Deepfakes/536_540.mp4,1,FAKE,Deepfakes,536
344_020,/Users/nihaldastagiri/Desktop/Major Project/FaceForensics++_C23/Deepfakes/344_020.mp4,1,FAKE,Deepfakes,344
994_986,/Users/nihaldastagiri/Desktop/Major Project/FaceForensics++_C23/Deepfakes/994_986.mp4,1,FAKE,Deepfakes,994
481_469,/Users/nihaldastagiri/Desktop/Major Project/FaceForensics++_C23/Deepfakes/481_469.mp4,1,FAKE,Deepfakes,481
575_603,/Users/nihaldastagiri/Desktop/Major Project/FaceForensics++_C23/Deepfakes/575_603.mp4,1,FAKE,Deepfakes,575
033_097,/Users/nihaldastagiri/Desktop/Major Project/FaceForensics++_C23/Deepfakes/033_097.mp4,1,FAKE,Deepfakes,033
031_163,/Users/nihaldastagiri/Desktop/Major Project/FaceForensics++_C23/Deepfakes/031_163.mp4,1,FAKE,Deepfakes,031
231_663,/Users/nihaldastagiri/Desktop/Major Project/FaceForensics++_C23/Deepfakes/231_663.mp4,1,FAKE,Deepfakes,231
963_879,/Users/nihaldastagiri/Desktop/Major Project/FaceForensics++_C23/Deepfakes/963_879.mp4,1,FAKE,Deepfakes,963
192_134,/Users/nihaldastagiri/Desktop/Major Project/FaceForensics++_C23/Deepfakes/192_134.mp4,1,FAKE,Deepfakes,192
333_377,/Users/nihaldastagiri/Desktop/Major Project/FaceForensics++_C23/Deepfakes/333_377.mp4,1,FAKE,Deepfakes,333
003_000,/Users/nihaldastagiri/Desktop/Major Project/FaceForensics++_C23/Deepfakes/003_000.mp4,1,FAKE,Deepfakes,003
204_230,/Users/nihaldastagiri/Desktop/Major Project/FaceForensics++_C23/Deepfakes/204_230.mp4,1,FAKE,Deepfakes,204
514_443,/Users/nihaldastagiri/Desktop/Major Project/FaceForensics++_C23/Deepfakes/514_443.mp4,1,FAKE,Deepfakes,514
799_809,/Users/nihaldastagiri/Desktop/Major Project/FaceForensics++_C23/Deepfakes/799_809.mp4,1,FAKE,Deepfakes,799
306_278,/Users/nihaldastagiri/Desktop/Major Project/FaceForensics++_C23/Deepfakes/306_278.mp4,1,FAKE,Deepfakes,306
109_107,/Users/nihaldastagiri/Desktop/Major Project/FaceForensics++_C23/Deepfakes/109_107.mp4,1,FAKE,Deepfakes,109
430_459,/Users/nihaldastagiri/Desktop/Major Project/FaceForensics++_C23/Deepfakes/430_459.mp4,1,FAKE,Deepfakes,430
077_100,/Users/nihaldastagiri/Desktop/Major Project/FaceForensics++_C23/Deepfakes/077_100.mp4,1,FAKE,Deepfakes,077
084_042,/Users/nihaldastagiri/Desktop/Major Project/FaceForensics++_C23/Deepfakes/084_042.mp4,1,FAKE,Deepfakes,084
286_267,/Users/nihaldastagiri/Desktop/Major Project/FaceForensics++_C23/Deepfakes/286_267.mp4,1,FAKE,Deepfakes,286
082_103,/Users/nihaldastagiri/Desktop/Major Project/FaceForensics++_C23/Deepfakes/082_103.mp4,1,FAKE,Deepfakes,082
991_064,/Users/nihaldastagiri/Desktop/Major Project/FaceForensics++_C23/Deepfakes/991_064.mp4,1,FAKE,Deepfakes,991
789_753,/Users/nihaldastagiri/Desktop/Major Project/FaceForensics++_C23/Deepfakes/789_753.mp4,1,FAKE,Deepfakes,789
894_848,/Users/nihaldastagiri/Desktop/Major Project/FaceForensics++_C23/Deepfakes/894_848.mp4,1,FAKE,Deepfakes,894
398_457,/Users/nihaldastagiri/Desktop/Major Project/FaceForensics++_C23/Deepfakes/398_457.mp4,1,FAKE,Deepfakes,398
323_302,/Users/nihaldastagiri/Desktop/Major Project/FaceForensics++_C23/Deepfakes/323_302.mp4,1,FAKE,Deepfakes,323
519_515,/Users/nihaldastagiri/Desktop/Major Project/FaceForensics++_C23/Deepfakes/519_515.mp4,1,FAKE,Deepfakes,519
916_783,/Users/nihaldastagiri/Desktop/Major Project/FaceForensics++_C23/Deepfakes/916_783.mp4,1,FAKE,Deepfakes,916
922_898,/Users/nihaldastagiri/Desktop/Major Project/FaceForensics++_C23/Deepfakes/922_898.mp4,1,FAKE,Deepfakes,922
005_010,/Users/nihaldastagiri/Desktop/Major Project/FaceForensics++_C23/Deepfakes/005_010.mp4,1,FAKE,Deepfakes,005
731_741,/Users/nihaldastagiri/Desktop/Major Project/FaceForensics++_C23/Deepfakes/731_741.mp4,1,FAKE,Deepfakes,731
465_482,/Users/nihaldastagiri/Desktop/Major Project/FaceForensics++_C23/Deepfakes/465_482.mp4,1,FAKE,Deepfakes,465
097_033,/Users/nihaldastagiri/Desktop/Major Project/FaceForensics++_C23/Deepfakes/097_033.mp4,1,FAKE,Deepfakes,097
266_252,/Users/nihaldastagiri/Desktop/Major Project/FaceForensics++_C23/Deepfakes/266_252.mp4,1,FAKE,Deepfakes,266
357_432,/Users/nihaldastagiri/Desktop/Major Project/FaceForensics++_C23/Deepfakes/357_432.mp4,1,FAKE,Deepfakes,357
868_949,/Users/nihaldastagiri/Desktop/Major Project/FaceForensics++_C23/Deepfakes/868_949.mp4,1,FAKE,Deepfakes,868
798_778,/Users/nihaldastagiri/Desktop/Major Project/FaceForensics++_C23/Deepfakes/798_778.mp4,1,FAKE,Deepfakes,798
380_358,/Users/nihaldastagiri/Desktop/Major Project/FaceForensics++_C23/Deepfakes/380_358.mp4,1,FAKE,Deepfakes,380
631_551,/Users/nihaldastagiri/Desktop/Major Project/FaceForensics++_C23/Deepfakes/631_551.mp4,1,FAKE,Deepfakes,631
381_376,/Users/nihaldastagiri/Desktop/Major Project/FaceForensics++_C23/Deepfakes/381_376.mp4,1,FAKE,Deepfakes,381
490_534,/Users/nihaldastagiri/Desktop/Major Project/FaceForensics++_C23/Deepfakes/490_534.mp4,1,FAKE,Deepfakes,490
118_120,/Users/nihaldastagiri/Desktop/Major Project/FaceForensics++_C23/Deepfakes/118_120.mp4,1,FAKE,Deepfakes,118
900_926,/Users/nihaldastagiri/Desktop/Major Project/FaceForensics++_C23/Deepfakes/900_926.mp4,1,FAKE,Deepfakes,900
250_461,/Users/nihaldastagiri/Desktop/Major Project/FaceForensics++_C23/Deepfakes/250_461.mp4,1,FAKE,Deepfakes,250
523_541,/Users/nihaldastagiri/Desktop/Major Project/FaceForensics++_C23/Deepfakes/523_541.mp4,1,FAKE,Deepfakes,523
009_027,/Users/nihaldastagiri/Desktop/Major Project/FaceForensics++_C23/Deepfakes/009_027.mp4,1,FAKE,Deepfakes,009
196_310,/Users/nihaldastagiri/Desktop/Major Project/FaceForensics++_C23/Deepfakes/196_310.mp4,1,FAKE,Deepfakes,196
603_575,/Users/nihaldastagiri/Desktop/Major Project/FaceForensics++_C23/Deepfakes/603_575.mp4,1,FAKE,Deepfakes,603
081_087,/Users/nihaldastagiri/Desktop/Major Project/FaceForensics++_C23/Deepfakes/081_087.mp4,1,FAKE,Deepfakes,081
783_916,/Users/nihaldastagiri/Desktop/Major Project/FaceForensics++_C23/Deepfakes/783_916.mp4,1,FAKE,Deepfakes,783
587_535,/Users/nihaldastagiri/Desktop/Major Project/FaceForensics++_C23/Deepfakes/587_535.mp4,1,FAKE,Deepfakes,587
797_844,/Users/nihaldastagiri/Desktop/Major Project/FaceForensics++_C23/Deepfakes/797_844.mp4,1,FAKE,Deepfakes,797
239_218,/Users/nihaldastagiri/Desktop/Major Project/FaceForensics++_C23/Deepfakes/239_218.mp4,1,FAKE,Deepfakes,239
290_240,/Users/nihaldastagiri/Desktop/Major Project/FaceForensics++_C23/Deepfakes/290_240.mp4,1,FAKE,Deepfakes,290
211_177,/Users/nihaldastagiri/Desktop/Major Project/FaceForensics++_C23/Deepfakes/211_177.mp4,1,FAKE,Deepfakes,211
717_684,/Users/nihaldastagiri/Desktop/Major Project/FaceForensics++_C23/Deepfakes/717_684.mp4,1,FAKE,Deepfakes,717
359_317,/Users/nihaldastagiri/Desktop/Major Project/FaceForensics++_C23/Deepfakes/359_317.mp4,1,FAKE,Deepfakes,359
449_451,/Users/nihaldastagiri/Desktop/Major Project/FaceForensics++_C23/Deepfakes/449_451.mp4,1,FAKE,Deepfakes,449
227_169,/Users/nihaldastagiri/Desktop/Major Project/FaceForensics++_C23/Deepfakes/227_169.mp4,1,FAKE,Deepfakes,227
950_836,/Users/nihaldastagiri/Desktop/Major Project/FaceForensics++_C23/Deepfakes/950_836.mp4,1,FAKE,Deepfakes,950
946_049,/Users/nihaldastagiri/Desktop/Major Project/FaceForensics++_C23/Deepfakes/946_049.mp4,1,FAKE,Deepfakes,946
796_740,/Users/nihaldastagiri/Desktop/Major Project/FaceForensics++_C23/Deepfakes/796_740.mp4,1,FAKE,Deepfakes,796
501_326,/Users/nihaldastagiri/Desktop/Major Project/FaceForensics++_C23/Deepfakes/501_326.mp4,1,FAKE,Deepfakes,501
464_463,/Users/nihaldastagiri/Desktop/Major Project/FaceForensics++_C23/Deepfakes/464_463.mp4,1,FAKE,Deepfakes,464
362_354,/Users/nihaldastagiri/Desktop/Major Project/FaceForensics++_C23/Deepfakes/362_354.mp4,1,FAKE,Deepfakes,362
468_470,/Users/nihaldastagiri/Desktop/Major Project/FaceForensics++_C23/Deepfakes/468_470.mp4,1,FAKE,Deepfakes,468
935_733,/Users/nihaldastagiri/Desktop/Major Project/FaceForensics++_C23/Deepfakes/935_733.mp4,1,FAKE,Deepfakes,935
428_466,/Users/nihaldastagiri/Desktop/Major Project/FaceForensics++_C23/Deepfakes/428_466.mp4,1,FAKE,Deepfakes,428
007_132,/Users/nihaldastagiri/Desktop/Major Project/FaceForensics++_C23/Deepfakes/007_132.mp4,1,FAKE,Deepfakes,007
155_576,/Users/nihaldastagiri/Desktop/Major Project/FaceForensics++_C23/Deepfakes/155_576.mp4,1,FAKE,Deepfakes,155
541_523,/Users/nihaldastagiri/Desktop/Major Project/FaceForensics++_C23/Deepfakes/541_523.mp4,1,FAKE,Deepfakes,541
440_364,/Users/nihaldastagiri/Desktop/Major Project/FaceForensics++_C23/Deepfakes/440_364.mp4,1,FAKE,Deepfakes,440
482_465,/Users/nihaldastagiri/Desktop/Major Project/FaceForensics++_C23/Deepfakes/482_465.mp4,1,FAKE,Deepfakes,482
422_695,/Users/nihaldastagiri/Desktop/Major Project/FaceForensics++_C23/Deepfakes/422_695.mp4,1,FAKE,Deepfakes,422
778_798,/Users/nihaldastagiri/Desktop/Major Project/FaceForensics++_C23/Deepfakes/778_798.mp4,1,FAKE,Deepfakes,778
949_868,/Users/nihaldastagiri/Desktop/Major Project/FaceForensics++_C23/Deepfakes/949_868.mp4,1,FAKE,Deepfakes,949
334_318,/Users/nihaldastagiri/Desktop/Major Project/FaceForensics++_C23/Deepfakes/334_318.mp4,1,FAKE,Deepfakes,334
576_155,/Users/nihaldastagiri/Desktop/Major Project/FaceForensics++_C23/Deepfakes/576_155.mp4,1,FAKE,Deepfakes,576
934_918,/Users/nihaldastagiri/Desktop/Major Project/FaceForensics++_C23/Deepfakes/934_918.mp4,1,FAKE,Deepfakes,934
567_606,/Users/nihaldastagiri/Desktop/Major Project/FaceForensics++_C23/Deepfakes/567_606.mp4,1,FAKE,Deepfakes,567
594_530,/Users/nihaldastagiri/Desktop/Major Project/FaceForensics++_C23/Deepfakes/594_530.mp4,1,FAKE,Deepfakes,594
530_594,/Users/nihaldastagiri/Desktop/Major Project/FaceForensics++_C23/Deepfakes/530_594.mp4,1,FAKE,Deepfakes,530
581_697,/Users/nihaldastagiri/Desktop/Major Project/FaceForensics++_C23/Deepfakes/581_697.mp4,1,FAKE,Deepfakes,581
707_705,/Users/nihaldastagiri/Desktop/Major Project/FaceForensics++_C23/Deepfakes/707_705.mp4,1,FAKE,Deepfakes,707
448_361,/Users/nihaldastagiri/Desktop/Major Project/FaceForensics++_C23/Deepfakes/448_361.mp4,1,FAKE,Deepfakes,448
453_402,/Users/nihaldastagiri/Desktop/Major Project/FaceForensics++_C23/Deepfakes/453_402.mp4,1,FAKE,Deepfakes,453
228_289,/Users/nihaldastagiri/Desktop/Major Project/FaceForensics++_C23/Deepfakes/228_289.mp4,1,FAKE,Deepfakes,228
352_319,/Users/nihaldastagiri/Desktop/Major Project/FaceForensics++_C23/Deepfakes/352_319.mp4,1,FAKE,Deepfakes,352
728_673,/Users/nihaldastagiri/Desktop/Major Project/FaceForensics++_C23/Deepfakes/728_673.mp4,1,FAKE,Deepfakes,728
212_179,/Users/nihaldastagiri/Desktop/Major Project/FaceForensics++_C23/Deepfakes/212_179.mp4,1,FAKE,Deepfakes,212
079_076,/Users/nihaldastagiri/Desktop/Major Project/FaceForensics++_C23/Deepfakes/079_076.mp4,1,FAKE,Deepfakes,079
148_133,/Users/nihaldastagiri/Desktop/Major Project/FaceForensics++_C23/Deepfakes/148_133.mp4,1,FAKE,Deepfakes,148
302_323,/Users/nihaldastagiri/Desktop/Major Project/FaceForensics++_C23/Deepfakes/302_323.mp4,1,FAKE,Deepfakes,302
628_568,/Users/nihaldastagiri/Desktop/Major Project/FaceForensics++_C23/Deepfakes/628_568.mp4,1,FAKE,Deepfakes,628
777_745,/Users/nihaldastagiri/Desktop/Major Project/FaceForensics++_C23/Deepfakes/777_745.mp4,1,FAKE,Deepfakes,777
506_478,/Users/nihaldastagiri/Desktop/Major Project/FaceForensics++_C23/Deepfakes/506_478.mp4,1,FAKE,Deepfakes,506
342_416,/Users/nihaldastagiri/Desktop/Major Project/FaceForensics++_C23/Deepfakes/342_416.mp4,1,FAKE,Deepfakes,342
485_425,/Users/nihaldastagiri/Desktop/Major Project/FaceForensics++_C23/Deepfakes/485_425.mp4,1,FAKE,Deepfakes,485
711_681,/Users/nihaldastagiri/Desktop/Major Project/FaceForensics++_C23/Deepfakes/711_681.mp4,1,FAKE,Deepfakes,711
133_148,/Users/nihaldastagiri/Desktop/Major Project/FaceForensics++_C23/Deepfakes/133_148.mp4,1,FAKE,Deepfakes,133
703_604,/Users/nihaldastagiri/Desktop/Major Project/FaceForensics++_C23/Deepfakes/703_604.mp4,1,FAKE,Deepfakes,703
311_387,/Users/nihaldastagiri/Desktop/Major Project/FaceForensics++_C23/Deepfakes/311_387.mp4,1,FAKE,Deepfakes,311
722_458,/Users/nihaldastagiri/Desktop/Major Project/FaceForensics++_C23/Deepfakes/722_458.mp4,1,FAKE,Deepfakes,722
629_618,/Users/nihaldastagiri/Desktop/Major Project/FaceForensics++_C23/Deepfakes/629_618.mp4,1,FAKE,Deepfakes,629
000_003,/Users/nihaldastagiri/Desktop/Major Project/FaceForensics++_C23/Deepfakes/000_003.mp4,1,FAKE,Deepfakes,000
316_369,/Users/nihaldastagiri/Desktop/Major Project/FaceForensics++_C23/Deepfakes/316_369.mp4,1,FAKE,Deepfakes,316
706_479,/Users/nihaldastagiri/Desktop/Major Project/FaceForensics++_C23/Deepfakes/706_479.mp4,1,FAKE,Deepfakes,706
547_574,/Users/nihaldastagiri/Desktop/Major Project/FaceForensics++_C23/Deepfakes/547_574.mp4,1,FAKE,Deepfakes,547
872_873,/Users/nihaldastagiri/Desktop/Major Project/FaceForensics++_C23/Deepfakes/872_873.mp4,1,FAKE,Deepfakes,872
532_544,/Users/nihaldastagiri/Desktop/Major Project/FaceForensics++_C23/Deepfakes/532_544.mp4,1,FAKE,Deepfakes,532
477_487,/Users/nihaldastagiri/Desktop/Major Project/FaceForensics++_C23/Deepfakes/477_487.mp4,1,FAKE,Deepfakes,477
404_429,/Users/nihaldastagiri/Desktop/Major Project/FaceForensics++_C23/Deepfakes/404_429.mp4,1,FAKE,Deepfakes,404
172_582,/Users/nihaldastagiri/Desktop/Major Project/FaceForensics++_C23/Deepfakes/172_582.mp4,1,FAKE,Deepfakes,172
125_038,/Users/nihaldastagiri/Desktop/Major Project/FaceForensics++_C23/Deepfakes/125_038.mp4,1,FAKE,Deepfakes,125
394_373,/Users/nihaldastagiri/Desktop/Major Project/FaceForensics++_C23/Deepfakes/394_373.mp4,1,FAKE,Deepfakes,394
420_257,/Users/nihaldastagiri/Desktop/Major Project/FaceForensics++_C23/Deepfakes/420_257.mp4,1,FAKE,Deepfakes,420
552_851,/Users/nihaldastagiri/Desktop/Major Project/FaceForensics++_C23/Deepfakes/552_851.mp4,1,FAKE,Deepfakes,552
903_792,/Users/nihaldastagiri/Desktop/Major Project/FaceForensics++_C23/Deepfakes/903_792.mp4,1,FAKE,Deepfakes,903
090_086,/Users/nihaldastagiri/Desktop/Major Project/FaceForensics++_C23/Deepfakes/090_086.mp4,1,FAKE,Deepfakes,090
939_115,/Users/nihaldastagiri/Desktop/Major Project/FaceForensics++_C23/Deepfakes/939_115.mp4,1,FAKE,Deepfakes,939
181_199,/Users/nihaldastagiri/Desktop/Major Project/FaceForensics++_C23/Deepfakes/181_199.mp4,1,FAKE,Deepfakes,181
274_412,/Users/nihaldastagiri/Desktop/Major Project/FaceForensics++_C23/Deepfakes/274_412.mp4,1,FAKE,Deepfakes,274
895_915,/Users/nihaldastagiri/Desktop/Major Project/FaceForensics++_C23/Deepfakes/895_915.mp4,1,FAKE,Deepfakes,895
069_961,/Users/nihaldastagiri/Desktop/Major Project/FaceForensics++_C23/Deepfakes/069_961.mp4,1,FAKE,Deepfakes,069
291_874,/Users/nihaldastagiri/Desktop/Major Project/FaceForensics++_C23/Deepfakes/291_874.mp4,1,FAKE,Deepfakes,291
131_518,/Users/nihaldastagiri/Desktop/Major Project/FaceForensics++_C23/Deepfakes/131_518.mp4,1,FAKE,Deepfakes,131
300_304,/Users/nihaldastagiri/Desktop/Major Project/FaceForensics++_C23/Deepfakes/300_304.mp4,1,FAKE,Deepfakes,300
424_408,/Users/nihaldastagiri/Desktop/Major Project/FaceForensics++_C23/Deepfakes/424_408.mp4,1,FAKE,Deepfakes,424
326_501,/Users/nihaldastagiri/Desktop/Major Project/FaceForensics++_C23/Deepfakes/326_501.mp4,1,FAKE,Deepfakes,326
144_122,/Users/nihaldastagiri/Desktop/Major Project/FaceForensics++_C23/Deepfakes/144_122.mp4,1,FAKE,Deepfakes,144
423_421,/Users/nihaldastagiri/Desktop/Major Project/FaceForensics++_C23/Deepfakes/423_421.mp4,1,FAKE,Deepfakes,423
580_524,/Users/nihaldastagiri/Desktop/Major Project/FaceForensics++_C23/Deepfakes/580_524.mp4,1,FAKE,Deepfakes,580
135_880,/Users/nihaldastagiri/Desktop/Major Project/FaceForensics++_C23/Deepfakes/135_880.mp4,1,FAKE,Deepfakes,135
450_533,/Users/nihaldastagiri/Desktop/Major Project/FaceForensics++_C23/Deepfakes/450_533.mp4,1,FAKE,Deepfakes,450
164_216,/Users/nihaldastagiri/Desktop/Major Project/FaceForensics++_C23/Deepfakes/164_216.mp4,1,FAKE,Deepfakes,164
028_068,/Users/nihaldastagiri/Desktop/Major Project/FaceForensics++_C23/Deepfakes/028_068.mp4,1,FAKE,Deepfakes,028
773_652,/Users/nihaldastagiri/Desktop/Major Project/FaceForensics++_C23/Deepfakes/773_652.mp4,1,FAKE,Deepfakes,773
193_030,/Users/nihaldastagiri/Desktop/Major Project/FaceForensics++_C23/Deepfakes/193_030.mp4,1,FAKE,Deepfakes,193
388_308,/Users/nihaldastagiri/Desktop/Major Project/FaceForensics++_C23/Deepfakes/388_308.mp4,1,FAKE,Deepfakes,388
852_834,/Users/nihaldastagiri/Desktop/Major Project/FaceForensics++_C23/Deepfakes/852_834.mp4,1,FAKE,Deepfakes,852
169_227,/Users/nihaldastagiri/Desktop/Major Project/FaceForensics++_C23/Deepfakes/169_227.mp4,1,FAKE,Deepfakes,169
705_707,/Users/nihaldastagiri/Desktop/Major Project/FaceForensics++_C23/Deepfakes/705_707.mp4,1,FAKE,Deepfakes,705
140_143,/Users/nihaldastagiri/Desktop/Major Project/FaceForensics++_C23/Deepfakes/140_143.mp4,1,FAKE,Deepfakes,140
173_171,/Users/nihaldastagiri/Desktop/Major Project/FaceForensics++_C23/Deepfakes/173_171.mp4,1,FAKE,Deepfakes,173
006_002,/Users/nihaldastagiri/Desktop/Major Project/FaceForensics++_C23/Deepfakes/006_002.mp4,1,FAKE,Deepfakes,006
745_777,/Users/nihaldastagiri/Desktop/Major Project/FaceForensics++_C23/Deepfakes/745_777.mp4,1,FAKE,Deepfakes,745
478_506,/Users/nihaldastagiri/Desktop/Major Project/FaceForensics++_C23/Deepfakes/478_506.mp4,1,FAKE,Deepfakes,478
073_024,/Users/nihaldastagiri/Desktop/Major Project/FaceForensics++_C23/Deepfakes/073_024.mp4,1,FAKE,Deepfakes,073
910_911,/Users/nihaldastagiri/Desktop/Major Project/FaceForensics++_C23/Deepfakes/910_911.mp4,1,FAKE,Deepfakes,910
813_700,/Users/nihaldastagiri/Desktop/Major Project/FaceForensics++_C23/Deepfakes/813_700.mp4,1,FAKE,Deepfakes,813
238_282,/Users/nihaldastagiri/Desktop/Major Project/FaceForensics++_C23/Deepfakes/238_282.mp4,1,FAKE,Deepfakes,238
145_299,/Users/nihaldastagiri/Desktop/Major Project/FaceForensics++_C23/Deepfakes/145_299.mp4,1,FAKE,Deepfakes,145
792_903,/Users/nihaldastagiri/Desktop/Major Project/FaceForensics++_C23/Deepfakes/792_903.mp4,1,FAKE,Deepfakes,792
234_187,/Users/nihaldastagiri/Desktop/Major Project/FaceForensics++_C23/Deepfakes/234_187.mp4,1,FAKE,Deepfakes,234
220_219,/Users/nihaldastagiri/Desktop/Major Project/FaceForensics++_C23/Deepfakes/220_219.mp4,1,FAKE,Deepfakes,220
923_023,/Users/nihaldastagiri/Desktop/Major Project/FaceForensics++_C23/Deepfakes/923_023.mp4,1,FAKE,Deepfakes,923
500_592,/Users/nihaldastagiri/Desktop/Major Project/FaceForensics++_C23/Deepfakes/500_592.mp4,1,FAKE,Deepfakes,500
132_007,/Users/nihaldastagiri/Desktop/Major Project/FaceForensics++_C23/Deepfakes/132_007.mp4,1,FAKE,Deepfakes,132
990_008,/Users/nihaldastagiri/Desktop/Major Project/FaceForensics++_C23/Deepfakes/990_008.mp4,1,FAKE,Deepfakes,990
774_735,/Users/nihaldastagiri/Desktop/Major Project/FaceForensics++_C23/Deepfakes/774_735.mp4,1,FAKE,Deepfakes,774
185_276,/Users/nihaldastagiri/Desktop/Major Project/FaceForensics++_C23/Deepfakes/185_276.mp4,1,FAKE,Deepfakes,185
041_063,/Users/nihaldastagiri/Desktop/Major Project/FaceForensics++_C23/Deepfakes/041_063.mp4,1,FAKE,Deepfakes,041
696_686,/Users/nihaldastagiri/Desktop/Major Project/FaceForensics++_C23/Deepfakes/696_686.mp4,1,FAKE,Deepfakes,696
108_052,/Users/nihaldastagiri/Desktop/Major Project/FaceForensics++_C23/Deepfakes/108_052.mp4,1,FAKE,Deepfakes,108
588_556,/Users/nihaldastagiri/Desktop/Major Project/FaceForensics++_C23/Deepfakes/588_556.mp4,1,FAKE,Deepfakes,588
056_996,/Users/nihaldastagiri/Desktop/Major Project/FaceForensics++_C23/Deepfakes/056_996.mp4,1,FAKE,Deepfakes,056
405_393,/Users/nihaldastagiri/Desktop/Major Project/FaceForensics++_C23/Deepfakes/405_393.mp4,1,FAKE,Deepfakes,405
442_195,/Users/nihaldastagiri/Desktop/Major Project/FaceForensics++_C23/Deepfakes/442_195.mp4,1,FAKE,Deepfakes,442
757_573,/Users/nihaldastagiri/Desktop/Major Project/FaceForensics++_C23/Deepfakes/757_573.mp4,1,FAKE,Deepfakes,757
997_040,/Users/nihaldastagiri/Desktop/Major Project/FaceForensics++_C23/Deepfakes/997_040.mp4,1,FAKE,Deepfakes,997
024_073,/Users/nihaldastagiri/Desktop/Major Project/FaceForensics++_C23/Deepfakes/024_073.mp4,1,FAKE,Deepfakes,024
467_462,/Users/nihaldastagiri/Desktop/Major Project/FaceForensics++_C23/Deepfakes/467_462.mp4,1,FAKE,Deepfakes,467
539_499,/Users/nihaldastagiri/Desktop/Major Project/FaceForensics++_C23/Deepfakes/539_499.mp4,1,FAKE,Deepfakes,539
531_549,/Users/nihaldastagiri/Desktop/Major Project/FaceForensics++_C23/Deepfakes/531_549.mp4,1,FAKE,Deepfakes,531
618_629,/Users/nihaldastagiri/Desktop/Major Project/FaceForensics++_C23/Deepfakes/618_629.mp4,1,FAKE,Deepfakes,618
694_767,/Users/nihaldastagiri/Desktop/Major Project/FaceForensics++_C23/Deepfakes/694_767.mp4,1,FAKE,Deepfakes,694
926_900,/Users/nihaldastagiri/Desktop/Major Project/FaceForensics++_C23/Deepfakes/926_900.mp4,1,FAKE,Deepfakes,926
338_336,/Users/nihaldastagiri/Desktop/Major Project/FaceForensics++_C23/Deepfakes/338_336.mp4,1,FAKE,Deepfakes,338
051_332,/Users/nihaldastagiri/Desktop/Major Project/FaceForensics++_C23/Deepfakes/051_332.mp4,1,FAKE,Deepfakes,051
507_418,/Users/nihaldastagiri/Desktop/Major Project/FaceForensics++_C23/Deepfakes/507_418.mp4,1,FAKE,Deepfakes,507
516_555,/Users/nihaldastagiri/Desktop/Major Project/FaceForensics++_C23/Deepfakes/516_555.mp4,1,FAKE,Deepfakes,516
920_811,/Users/nihaldastagiri/Desktop/Major Project/FaceForensics++_C23/Deepfakes/920_811.mp4,1,FAKE,Deepfakes,920
781_806,/Users/nihaldastagiri/Desktop/Major Project/FaceForensics++_C23/Deepfakes/781_806.mp4,1,FAKE,Deepfakes,781
264_271,/Users/nihaldastagiri/Desktop/Major Project/FaceForensics++_C23/Deepfakes/264_271.mp4,1,FAKE,Deepfakes,264
817_827,/Users/nihaldastagiri/Desktop/Major Project/FaceForensics++_C23/Deepfakes/817_827.mp4,1,FAKE,Deepfakes,817
710_788,/Users/nihaldastagiri/Desktop/Major Project/FaceForensics++_C23/Deepfakes/710_788.mp4,1,FAKE,Deepfakes,710
682_669,/Users/nihaldastagiri/Desktop/Major Project/FaceForensics++_C23/Deepfakes/682_669.mp4,1,FAKE,Deepfakes,682
832_762,/Users/nihaldastagiri/Desktop/Major Project/FaceForensics++_C23/Deepfakes/832_762.mp4,1,FAKE,Deepfakes,832
518_131,/Users/nihaldastagiri/Desktop/Major Project/FaceForensics++_C23/Deepfakes/518_131.mp4,1,FAKE,Deepfakes,518
447_431,/Users/nihaldastagiri/Desktop/Major Project/FaceForensics++_C23/Deepfakes/447_431.mp4,1,FAKE,Deepfakes,447
018_019,/Users/nihaldastagiri/Desktop/Major Project/FaceForensics++_C23/Deepfakes/018_019.mp4,1,FAKE,Deepfakes,018
715_721,/Users/nihaldastagiri/Desktop/Major Project/FaceForensics++_C23/Deepfakes/715_721.mp4,1,FAKE,Deepfakes,715
483_370,/Users/nihaldastagiri/Desktop/Major Project/FaceForensics++_C23/Deepfakes/483_370.mp4,1,FAKE,Deepfakes,483
568_628,/Users/nihaldastagiri/Desktop/Major Project/FaceForensics++_C23/Deepfakes/568_628.mp4,1,FAKE,Deepfakes,568
433_498,/Users/nihaldastagiri/Desktop/Major Project/FaceForensics++_C23/Deepfakes/433_498.mp4,1,FAKE,Deepfakes,433
367_371,/Users/nihaldastagiri/Desktop/Major Project/FaceForensics++_C23/Deepfakes/367_371.mp4,1,FAKE,Deepfakes,367
083_213,/Users/nihaldastagiri/Desktop/Major Project/FaceForensics++_C23/Deepfakes/083_213.mp4,1,FAKE,Deepfakes,083
061_080,/Users/nihaldastagiri/Desktop/Major Project/FaceForensics++_C23/Deepfakes/061_080.mp4,1,FAKE,Deepfakes,061
638_640,/Users/nihaldastagiri/Desktop/Major Project/FaceForensics++_C23/Deepfakes/638_640.mp4,1,FAKE,Deepfakes,638
272_396,/Users/nihaldastagiri/Desktop/Major Project/FaceForensics++_C23/Deepfakes/272_396.mp4,1,FAKE,Deepfakes,272
285_136,/Users/nihaldastagiri/Desktop/Major Project/FaceForensics++_C23/Deepfakes/285_136.mp4,1,FAKE,Deepfakes,285
360_437,/Users/nihaldastagiri/Desktop/Major Project/FaceForensics++_C23/Deepfakes/360_437.mp4,1,FAKE,Deepfakes,360
354_362,/Users/nihaldastagiri/Desktop/Major Project/FaceForensics++_C23/Deepfakes/354_362.mp4,1,FAKE,Deepfakes,354
456_435,/Users/nihaldastagiri/Desktop/Major Project/FaceForensics++_C23/Deepfakes/456_435.mp4,1,FAKE,Deepfakes,456
278_306,/Users/nihaldastagiri/Desktop/Major Project/FaceForensics++_C23/Deepfakes/278_306.mp4,1,FAKE,Deepfakes,278
012_026,/Users/nihaldastagiri/Desktop/Major Project/FaceForensics++_C23/Deepfakes/012_026.mp4,1,FAKE,Deepfakes,012
182_242,/Users/nihaldastagiri/Desktop/Major Project/FaceForensics++_C23/Deepfakes/182_242.mp4,1,FAKE,Deepfakes,182
368_378,/Users/nihaldastagiri/Desktop/Major Project/FaceForensics++_C23/Deepfakes/368_378.mp4,1,FAKE,Deepfakes,368
881_856,/Users/nihaldastagiri/Desktop/Major Project/FaceForensics++_C23/Deepfakes/881_856.mp4,1,FAKE,Deepfakes,881
615_687,/Users/nihaldastagiri/Desktop/Major Project/FaceForensics++_C23/Deepfakes/615_687.mp4,1,FAKE,Deepfakes,615
223_586,/Users/nihaldastagiri/Desktop/Major Project/FaceForensics++_C23/Deepfakes/223_586.mp4,1,FAKE,Deepfakes,223
572_554,/Users/nihaldastagiri/Desktop/Major Project/FaceForensics++_C23/Deepfakes/572_554.mp4,1,FAKE,Deepfakes,572
970_973,/Users/nihaldastagiri/Desktop/Major Project/FaceForensics++_C23/Deepfakes/970_973.mp4,1,FAKE,Deepfakes,970
653_601,/Users/nihaldastagiri/Desktop/Major Project/FaceForensics++_C23/Deepfakes/653_601.mp4,1,FAKE,Deepfakes,653
545_553,/Users/nihaldastagiri/Desktop/Major Project/FaceForensics++_C23/Deepfakes/545_553.mp4,1,FAKE,Deepfakes,545
582_172,/Users/nihaldastagiri/Desktop/Major Project/FaceForensics++_C23/Deepfakes/582_172.mp4,1,FAKE,Deepfakes,582
633_529,/Users/nihaldastagiri/Desktop/Major Project/FaceForensics++_C23/Deepfakes/633_529.mp4,1,FAKE,Deepfakes,633
176_190,/Users/nihaldastagiri/Desktop/Major Project/FaceForensics++_C23/Deepfakes/176_190.mp4,1,FAKE,Deepfakes,176
665_679,/Users/nihaldastagiri/Desktop/Major Project/FaceForensics++_C23/Deepfakes/665_679.mp4,1,FAKE,Deepfakes,665
673_728,/Users/nihaldastagiri/Desktop/Major Project/FaceForensics++_C23/Deepfakes/673_728.mp4,1,FAKE,Deepfakes,673
585_599,/Users/nihaldastagiri/Desktop/Major Project/FaceForensics++_C23/Deepfakes/585_599.mp4,1,FAKE,Deepfakes,585
873_872,/Users/nihaldastagiri/Desktop/Major Project/FaceForensics++_C23/Deepfakes/873_872.mp4,1,FAKE,Deepfakes,873
393_405,/Users/nihaldastagiri/Desktop/Major Project/FaceForensics++_C23/Deepfakes/393_405.mp4,1,FAKE,Deepfakes,393
163_031,/Users/nihaldastagiri/Desktop/Major Project/FaceForensics++_C23/Deepfakes/163_031.mp4,1,FAKE,Deepfakes,163
248_232,/Users/nihaldastagiri/Desktop/Major Project/FaceForensics++_C23/Deepfakes/248_232.mp4,1,FAKE,Deepfakes,248
634_660,/Users/nihaldastagiri/Desktop/Major Project/FaceForensics++_C23/Deepfakes/634_660.mp4,1,FAKE,Deepfakes,634
885_802,/Users/nihaldastagiri/Desktop/Major Project/FaceForensics++_C23/Deepfakes/885_802.mp4,1,FAKE,Deepfakes,885
669_682,/Users/nihaldastagiri/Desktop/Major Project/FaceForensics++_C23/Deepfakes/669_682.mp4,1,FAKE,Deepfakes,669
375_251,/Users/nihaldastagiri/Desktop/Major Project/FaceForensics++_C23/Deepfakes/375_251.mp4,1,FAKE,Deepfakes,375
412_274,/Users/nihaldastagiri/Desktop/Major Project/FaceForensics++_C23/Deepfakes/412_274.mp4,1,FAKE,Deepfakes,412
074_825,/Users/nihaldastagiri/Desktop/Major Project/FaceForensics++_C23/Deepfakes/074_825.mp4,1,FAKE,Deepfakes,074
113_983,/Users/nihaldastagiri/Desktop/Major Project/FaceForensics++_C23/Deepfakes/113_983.mp4,1,FAKE,Deepfakes,113
598_178,/Users/nihaldastagiri/Desktop/Major Project/FaceForensics++_C23/Deepfakes/598_178.mp4,1,FAKE,Deepfakes,598
961_069,/Users/nihaldastagiri/Desktop/Major Project/FaceForensics++_C23/Deepfakes/961_069.mp4,1,FAKE,Deepfakes,961
390_709,/Users/nihaldastagiri/Desktop/Major Project/FaceForensics++_C23/Deepfakes/390_709.mp4,1,FAKE,Deepfakes,390
104_126,/Users/nihaldastagiri/Desktop/Major Project/FaceForensics++_C23/Deepfakes/104_126.mp4,1,FAKE,Deepfakes,104
114_102,/Users/nihaldastagiri/Desktop/Major Project/FaceForensics++_C23/Deepfakes/114_102.mp4,1,FAKE,Deepfakes,114
417_496,/Users/nihaldastagiri/Desktop/Major Project/FaceForensics++_C23/Deepfakes/417_496.mp4,1,FAKE,Deepfakes,417
525_509,/Users/nihaldastagiri/Desktop/Major Project/FaceForensics++_C23/Deepfakes/525_509.mp4,1,FAKE,Deepfakes,525
457_398,/Users/nihaldastagiri/Desktop/Major Project/FaceForensics++_C23/Deepfakes/457_398.mp4,1,FAKE,Deepfakes,457
409_382,/Users/nihaldastagiri/Desktop/Major Project/FaceForensics++_C23/Deepfakes/409_382.mp4,1,FAKE,Deepfakes,409
092_098,/Users/nihaldastagiri/Desktop/Major Project/FaceForensics++_C23/Deepfakes/092_098.mp4,1,FAKE,Deepfakes,092
930_763,/Users/nihaldastagiri/Desktop/Major Project/FaceForensics++_C23/Deepfakes/930_763.mp4,1,FAKE,Deepfakes,930
089_065,/Users/nihaldastagiri/Desktop/Major Project/FaceForensics++_C23/Deepfakes/089_065.mp4,1,FAKE,Deepfakes,089
336_338,/Users/nihaldastagiri/Desktop/Major Project/FaceForensics++_C23/Deepfakes/336_338.mp4,1,FAKE,Deepfakes,336
988_966,/Users/nihaldastagiri/Desktop/Major Project/FaceForensics++_C23/Deepfakes/988_966.mp4,1,FAKE,Deepfakes,988
921_569,/Users/nihaldastagiri/Desktop/Major Project/FaceForensics++_C23/Deepfakes/921_569.mp4,1,FAKE,Deepfakes,921
933_925,/Users/nihaldastagiri/Desktop/Major Project/FaceForensics++_C23/Deepfakes/933_925.mp4,1,FAKE,Deepfakes,933
605_591,/Users/nihaldastagiri/Desktop/Major Project/FaceForensics++_C23/Deepfakes/605_591.mp4,1,FAKE,Deepfakes,605
593_577,/Users/nihaldastagiri/Desktop/Major Project/FaceForensics++_C23/Deepfakes/593_577.mp4,1,FAKE,Deepfakes,593
611_760,/Users/nihaldastagiri/Desktop/Major Project/FaceForensics++_C23/Deepfakes/611_760.mp4,1,FAKE,Deepfakes,611
094_111,/Users/nihaldastagiri/Desktop/Major Project/FaceForensics++_C23/Deepfakes/094_111.mp4,1,FAKE,Deepfakes,094
011_805,/Users/nihaldastagiri/Desktop/Major Project/FaceForensics++_C23/Deepfakes/011_805.mp4,1,FAKE,Deepfakes,011
396_272,/Users/nihaldastagiri/Desktop/Major Project/FaceForensics++_C23/Deepfakes/396_272.mp4,1,FAKE,Deepfakes,396
533_450,/Users/nihaldastagiri/Desktop/Major Project/FaceForensics++_C23/Deepfakes/533_450.mp4,1,FAKE,Deepfakes,533
043_110,/Users/nihaldastagiri/Desktop/Major Project/FaceForensics++_C23/Deepfakes/043_110.mp4,1,FAKE,Deepfakes,043
042_084,/Users/nihaldastagiri/Desktop/Major Project/FaceForensics++_C23/Deepfakes/042_084.mp4,1,FAKE,Deepfakes,042
329_327,/Users/nihaldastagiri/Desktop/Major Project/FaceForensics++_C23/Deepfakes/329_327.mp4,1,FAKE,Deepfakes,329
167_166,/Users/nihaldastagiri/Desktop/Major Project/FaceForensics++_C23/Deepfakes/167_166.mp4,1,FAKE,Deepfakes,167
497_403,/Users/nihaldastagiri/Desktop/Major Project/FaceForensics++_C23/Deepfakes/497_403.mp4,1,FAKE,Deepfakes,497
876_891,/Users/nihaldastagiri/Desktop/Major Project/FaceForensics++_C23/Deepfakes/876_891.mp4,1,FAKE,Deepfakes,876
597_595,/Users/nihaldastagiri/Desktop/Major Project/FaceForensics++_C23/Deepfakes/597_595.mp4,1,FAKE,Deepfakes,597
756_503,/Users/nihaldastagiri/Desktop/Major Project/FaceForensics++_C23/Deepfakes/756_503.mp4,1,FAKE,Deepfakes,756
100_077,/Users/nihaldastagiri/Desktop/Major Project/FaceForensics++_C23/Deepfakes/100_077.mp4,1,FAKE,Deepfakes,100
426_287,/Users/nihaldastagiri/Desktop/Major Project/FaceForensics++_C23/Deepfakes/426_287.mp4,1,FAKE,Deepfakes,426
178_598,/Users/nihaldastagiri/Desktop/Major Project/FaceForensics++_C23/Deepfakes/178_598.mp4,1,FAKE,Deepfakes,178
444_655,/Users/nihaldastagiri/Desktop/Major Project/FaceForensics++_C23/Deepfakes/444_655.mp4,1,FAKE,Deepfakes,444
416_342,/Users/nihaldastagiri/Desktop/Major Project/FaceForensics++_C23/Deepfakes/416_342.mp4,1,FAKE,Deepfakes,416
870_001,/Users/nihaldastagiri/Desktop/Major Project/FaceForensics++_C23/Deepfakes/870_001.mp4,1,FAKE,Deepfakes,870
882_952,/Users/nihaldastagiri/Desktop/Major Project/FaceForensics++_C23/Deepfakes/882_952.mp4,1,FAKE,Deepfakes,882
680_486,/Users/nihaldastagiri/Desktop/Major Project/FaceForensics++_C23/Deepfakes/680_486.mp4,1,FAKE,Deepfakes,680
177_211,/Users/nihaldastagiri/Desktop/Major Project/FaceForensics++_C23/Deepfakes/177_211.mp4,1,FAKE,Deepfakes,177
395_401,/Users/nihaldastagiri/Desktop/Major Project/FaceForensics++_C23/Deepfakes/395_401.mp4,1,FAKE,Deepfakes,395
911_910,/Users/nihaldastagiri/Desktop/Major Project/FaceForensics++_C23/Deepfakes/911_910.mp4,1,FAKE,Deepfakes,911
793_768,/Users/nihaldastagiri/Desktop/Major Project/FaceForensics++_C23/Deepfakes/793_768.mp4,1,FAKE,Deepfakes,793
960_999,/Users/nihaldastagiri/Desktop/Major Project/FaceForensics++_C23/Deepfakes/960_999.mp4,1,FAKE,Deepfakes,960
684_717,/Users/nihaldastagiri/Desktop/Major Project/FaceForensics++_C23/Deepfakes/684_717.mp4,1,FAKE,Deepfakes,684
383_353,/Users/nihaldastagiri/Desktop/Major Project/FaceForensics++_C23/Deepfakes/383_353.mp4,1,FAKE,Deepfakes,383
956_958,/Users/nihaldastagiri/Desktop/Major Project/FaceForensics++_C23/Deepfakes/956_958.mp4,1,FAKE,Deepfakes,956
751_752,/Users/nihaldastagiri/Desktop/Major Project/FaceForensics++_C23/Deepfakes/751_752.mp4,1,FAKE,Deepfakes,751
257_420,/Users/nihaldastagiri/Desktop/Major Project/FaceForensics++_C23/Deepfakes/257_420.mp4,1,FAKE,Deepfakes,257
538_493,/Users/nihaldastagiri/Desktop/Major Project/FaceForensics++_C23/Deepfakes/538_493.mp4,1,FAKE,Deepfakes,538
335_277,/Users/nihaldastagiri/Desktop/Major Project/FaceForensics++_C23/Deepfakes/335_277.mp4,1,FAKE,Deepfakes,335
015_919,/Users/nihaldastagiri/Desktop/Major Project/FaceForensics++_C23/Deepfakes/015_919.mp4,1,FAKE,Deepfakes,015
324_356,/Users/nihaldastagiri/Desktop/Major Project/FaceForensics++_C23/Deepfakes/324_356.mp4,1,FAKE,Deepfakes,324
758_754,/Users/nihaldastagiri/Desktop/Major Project/FaceForensics++_C23/Deepfakes/758_754.mp4,1,FAKE,Deepfakes,758
222_168,/Users/nihaldastagiri/Desktop/Major Project/FaceForensics++_C23/Deepfakes/222_168.mp4,1,FAKE,Deepfakes,222
179_212,/Users/nihaldastagiri/Desktop/Major Project/FaceForensics++_C23/Deepfakes/179_212.mp4,1,FAKE,Deepfakes,179
983_113,/Users/nihaldastagiri/Desktop/Major Project/FaceForensics++_C23/Deepfakes/983_113.mp4,1,FAKE,Deepfakes,983
022_489,/Users/nihaldastagiri/Desktop/Major Project/FaceForensics++_C23/Deepfakes/022_489.mp4,1,FAKE,Deepfakes,022
356_324,/Users/nihaldastagiri/Desktop/Major Project/FaceForensics++_C23/Deepfakes/356_324.mp4,1,FAKE,Deepfakes,356
666_656,/Users/nihaldastagiri/Desktop/Major Project/FaceForensics++_C23/Deepfakes/666_656.mp4,1,FAKE,Deepfakes,666
861_858,/Users/nihaldastagiri/Desktop/Major Project/FaceForensics++_C23/Deepfakes/861_858.mp4,1,FAKE,Deepfakes,861
340_341,/Users/nihaldastagiri/Desktop/Major Project/FaceForensics++_C23/Deepfakes/340_341.mp4,1,FAKE,Deepfakes,340
431_447,/Users/nihaldastagiri/Desktop/Major Project/FaceForensics++_C23/Deepfakes/431_447.mp4,1,FAKE,Deepfakes,431
551_631,/Users/nihaldastagiri/Desktop/Major Project/FaceForensics++_C23/Deepfakes/551_631.mp4,1,FAKE,Deepfakes,551
833_826,/Users/nihaldastagiri/Desktop/Major Project/FaceForensics++_C23/Deepfakes/833_826.mp4,1,FAKE,Deepfakes,833
203_201,/Users/nihaldastagiri/Desktop/Major Project/FaceForensics++_C23/Deepfakes/203_201.mp4,1,FAKE,Deepfakes,203
630_623,/Users/nihaldastagiri/Desktop/Major Project/FaceForensics++_C23/Deepfakes/630_623.mp4,1,FAKE,Deepfakes,630
093_121,/Users/nihaldastagiri/Desktop/Major Project/FaceForensics++_C23/Deepfakes/093_121.mp4,1,FAKE,Deepfakes,093
558_583,/Users/nihaldastagiri/Desktop/Major Project/FaceForensics++_C23/Deepfakes/558_583.mp4,1,FAKE,Deepfakes,558
068_028,/Users/nihaldastagiri/Desktop/Major Project/FaceForensics++_C23/Deepfakes/068_028.mp4,1,FAKE,Deepfakes,068
622_647,/Users/nihaldastagiri/Desktop/Major Project/FaceForensics++_C23/Deepfakes/622_647.mp4,1,FAKE,Deepfakes,622
284_263,/Users/nihaldastagiri/Desktop/Major Project/FaceForensics++_C23/Deepfakes/284_263.mp4,1,FAKE,Deepfakes,284
844_797,/Users/nihaldastagiri/Desktop/Major Project/FaceForensics++_C23/Deepfakes/844_797.mp4,1,FAKE,Deepfakes,844
434_438,/Users/nihaldastagiri/Desktop/Major Project/FaceForensics++_C23/Deepfakes/434_438.mp4,1,FAKE,Deepfakes,434
153_150,/Users/nihaldastagiri/Desktop/Major Project/FaceForensics++_C23/Deepfakes/153_150.mp4,1,FAKE,Deepfakes,153
075_977,/Users/nihaldastagiri/Desktop/Major Project/FaceForensics++_C23/Deepfakes/075_977.mp4,1,FAKE,Deepfakes,075
730_815,/Users/nihaldastagiri/Desktop/Major Project/FaceForensics++_C23/Deepfakes/730_815.mp4,1,FAKE,Deepfakes,730
446_667,/Users/nihaldastagiri/Desktop/Major Project/FaceForensics++_C23/Deepfakes/446_667.mp4,1,FAKE,Deepfakes,446
188_191,/Users/nihaldastagiri/Desktop/Major Project/FaceForensics++_C23/Deepfakes/188_191.mp4,1,FAKE,Deepfakes,188
271_264,/Users/nihaldastagiri/Desktop/Major Project/FaceForensics++_C23/Deepfakes/271_264.mp4,1,FAKE,Deepfakes,271
236_237,/Users/nihaldastagiri/Desktop/Major Project/FaceForensics++_C23/Deepfakes/236_237.mp4,1,FAKE,Deepfakes,236
487_477,/Users/nihaldastagiri/Desktop/Major Project/FaceForensics++_C23/Deepfakes/487_477.mp4,1,FAKE,Deepfakes,487
117_217,/Users/nihaldastagiri/Desktop/Major Project/FaceForensics++_C23/Deepfakes/117_217.mp4,1,FAKE,Deepfakes,117
943_942,/Users/nihaldastagiri/Desktop/Major Project/FaceForensics++_C23/Deepfakes/943_942.mp4,1,FAKE,Deepfakes,943
512_495,/Users/nihaldastagiri/Desktop/Major Project/FaceForensics++_C23/Deepfakes/512_495.mp4,1,FAKE,Deepfakes,512
825_074,/Users/nihaldastagiri/Desktop/Major Project/FaceForensics++_C23/Deepfakes/825_074.mp4,1,FAKE,Deepfakes,825
591_605,/Users/nihaldastagiri/Desktop/Major Project/FaceForensics++_C23/Deepfakes/591_605.mp4,1,FAKE,Deepfakes,591
126_104,/Users/nihaldastagiri/Desktop/Major Project/FaceForensics++_C23/Deepfakes/126_104.mp4,1,FAKE,Deepfakes,126
116_091,/Users/nihaldastagiri/Desktop/Major Project/FaceForensics++_C23/Deepfakes/116_091.mp4,1,FAKE,Deepfakes,116
473_366,/Users/nihaldastagiri/Desktop/Major Project/FaceForensics++_C23/Deepfakes/473_366.mp4,1,FAKE,Deepfakes,473
693_698,/Users/nihaldastagiri/Desktop/Major Project/FaceForensics++_C23/Deepfakes/693_698.mp4,1,FAKE,Deepfakes,693
057_070,/Users/nihaldastagiri/Desktop/Major Project/FaceForensics++_C23/Deepfakes/057_070.mp4,1,FAKE,Deepfakes,057
863_853,/Users/nihaldastagiri/Desktop/Major Project/FaceForensics++_C23/Deepfakes/863_853.mp4,1,FAKE,Deepfakes,863
912_927,/Users/nihaldastagiri/Desktop/Major Project/FaceForensics++_C23/Deepfakes/912_927.mp4,1,FAKE,Deepfakes,912
369_316,/Users/nihaldastagiri/Desktop/Major Project/FaceForensics++_C23/Deepfakes/369_316.mp4,1,FAKE,Deepfakes,369
268_269,/Users/nihaldastagiri/Desktop/Major Project/FaceForensics++_C23/Deepfakes/268_269.mp4,1,FAKE,Deepfakes,268
046_904,/Users/nihaldastagiri/Desktop/Major Project/FaceForensics++_C23/Deepfakes/046_904.mp4,1,FAKE,Deepfakes,046
349_350,/Users/nihaldastagiri/Desktop/Major Project/FaceForensics++_C23/Deepfakes/349_350.mp4,1,FAKE,Deepfakes,349
195_442,/Users/nihaldastagiri/Desktop/Major Project/FaceForensics++_C23/Deepfakes/195_442.mp4,1,FAKE,Deepfakes,195
999_960,/Users/nihaldastagiri/Desktop/Major Project/FaceForensics++_C23/Deepfakes/999_960.mp4,1,FAKE,Deepfakes,999
834_852,/Users/nihaldastagiri/Desktop/Major Project/FaceForensics++_C23/Deepfakes/834_852.mp4,1,FAKE,Deepfakes,834
736_785,/Users/nihaldastagiri/Desktop/Major Project/FaceForensics++_C23/Deepfakes/736_785.mp4,1,FAKE,Deepfakes,736
263_284,/Users/nihaldastagiri/Desktop/Major Project/FaceForensics++_C23/Deepfakes/263_284.mp4,1,FAKE,Deepfakes,263
443_514,/Users/nihaldastagiri/Desktop/Major Project/FaceForensics++_C23/Deepfakes/443_514.mp4,1,FAKE,Deepfakes,443
675_608,/Users/nihaldastagiri/Desktop/Major Project/FaceForensics++_C23/Deepfakes/675_608.mp4,1,FAKE,Deepfakes,675
304_300,/Users/nihaldastagiri/Desktop/Major Project/FaceForensics++_C23/Deepfakes/304_300.mp4,1,FAKE,Deepfakes,304
341_340,/Users/nihaldastagiri/Desktop/Major Project/FaceForensics++_C23/Deepfakes/341_340.mp4,1,FAKE,Deepfakes,341
966_988,/Users/nihaldastagiri/Desktop/Major Project/FaceForensics++_C23/Deepfakes/966_988.mp4,1,FAKE,Deepfakes,966
149_152,/Users/nihaldastagiri/Desktop/Major Project/FaceForensics++_C23/Deepfakes/149_152.mp4,1,FAKE,Deepfakes,149
124_085,/Users/nihaldastagiri/Desktop/Major Project/FaceForensics++_C23/Deepfakes/124_085.mp4,1,FAKE,Deepfakes,124
786_819,/Users/nihaldastagiri/Desktop/Major Project/FaceForensics++_C23/Deepfakes/786_819.mp4,1,FAKE,Deepfakes,786
050_059,/Users/nihaldastagiri/Desktop/Major Project/FaceForensics++_C23/Deepfakes/050_059.mp4,1,FAKE,Deepfakes,050
353_383,/Users/nihaldastagiri/Desktop/Major Project/FaceForensics++_C23/Deepfakes/353_383.mp4,1,FAKE,Deepfakes,353
927_912,/Users/nihaldastagiri/Desktop/Major Project/FaceForensics++_C23/Deepfakes/927_912.mp4,1,FAKE,Deepfakes,927
142_138,/Users/nihaldastagiri/Desktop/Major Project/FaceForensics++_C23/Deepfakes/142_138.mp4,1,FAKE,Deepfakes,142
470_468,/Users/nihaldastagiri/Desktop/Major Project/FaceForensics++_C23/Deepfakes/470_468.mp4,1,FAKE,Deepfakes,470
399_488,/Users/nihaldastagiri/Desktop/Major Project/FaceForensics++_C23/Deepfakes/399_488.mp4,1,FAKE,Deepfakes,399
625_650,/Users/nihaldastagiri/Desktop/Major Project/FaceForensics++_C23/Deepfakes/625_650.mp4,1,FAKE,Deepfakes,625
320_328,/Users/nihaldastagiri/Desktop/Major Project/FaceForensics++_C23/Deepfakes/320_328.mp4,1,FAKE,Deepfakes,320
019_018,/Users/nihaldastagiri/Desktop/Major Project/FaceForensics++_C23/Deepfakes/019_018.mp4,1,FAKE,Deepfakes,019
809_799,/Users/nihaldastagiri/Desktop/Major Project/FaceForensics++_C23/Deepfakes/809_799.mp4,1,FAKE,Deepfakes,809
790_014,/Users/nihaldastagiri/Desktop/Major Project/FaceForensics++_C23/Deepfakes/790_014.mp4,1,FAKE,Deepfakes,790
808_829,/Users/nihaldastagiri/Desktop/Major Project/FaceForensics++_C23/Deepfakes/808_829.mp4,1,FAKE,Deepfakes,808
407_374,/Users/nihaldastagiri/Desktop/Major Project/FaceForensics++_C23/Deepfakes/407_374.mp4,1,FAKE,Deepfakes,407
537_563,/Users/nihaldastagiri/Desktop/Major Project/FaceForensics++_C23/Deepfakes/537_563.mp4,1,FAKE,Deepfakes,537
620_619,/Users/nihaldastagiri/Desktop/Major Project/FaceForensics++_C23/Deepfakes/620_619.mp4,1,FAKE,Deepfakes,620
038_125,/Users/nihaldastagiri/Desktop/Major Project/FaceForensics++_C23/Deepfakes/038_125.mp4,1,FAKE,Deepfakes,038
175_159,/Users/nihaldastagiri/Desktop/Major Project/FaceForensics++_C23/Deepfakes/175_159.mp4,1,FAKE,Deepfakes,175
245_157,/Users/nihaldastagiri/Desktop/Major Project/FaceForensics++_C23/Deepfakes/245_157.mp4,1,FAKE,Deepfakes,245
828_830,/Users/nihaldastagiri/Desktop/Major Project/FaceForensics++_C23/Deepfakes/828_830.mp4,1,FAKE,Deepfakes,828
667_446,/Users/nihaldastagiri/Desktop/Major Project/FaceForensics++_C23/Deepfakes/667_446.mp4,1,FAKE,Deepfakes,667
754_758,/Users/nihaldastagiri/Desktop/Major Project/FaceForensics++_C23/Deepfakes/754_758.mp4,1,FAKE,Deepfakes,754
858_861,/Users/nihaldastagiri/Desktop/Major Project/FaceForensics++_C23/Deepfakes/858_861.mp4,1,FAKE,Deepfakes,858
154_386,/Users/nihaldastagiri/Desktop/Major Project/FaceForensics++_C23/Deepfakes/154_386.mp4,1,FAKE,Deepfakes,154
287_426,/Users/nihaldastagiri/Desktop/Major Project/FaceForensics++_C23/Deepfakes/287_426.mp4,1,FAKE,Deepfakes,287
602_397,/Users/nihaldastagiri/Desktop/Major Project/FaceForensics++_C23/Deepfakes/602_397.mp4,1,FAKE,Deepfakes,602
569_921,/Users/nihaldastagiri/Desktop/Major Project/FaceForensics++_C23/Deepfakes/569_921.mp4,1,FAKE,Deepfakes,569
743_750,/Users/nihaldastagiri/Desktop/Major Project/FaceForensics++_C23/Deepfakes/743_750.mp4,1,FAKE,Deepfakes,743
017_803,/Users/nihaldastagiri/Desktop/Major Project/FaceForensics++_C23/Deepfakes/017_803.mp4,1,FAKE,Deepfakes,017
127_129,/Users/nihaldastagiri/Desktop/Major Project/FaceForensics++_C23/Deepfakes/127_129.mp4,1,FAKE,Deepfakes,127
322_315,/Users/nihaldastagiri/Desktop/Major Project/FaceForensics++_C23/Deepfakes/322_315.mp4,1,FAKE,Deepfakes,322
255_214,/Users/nihaldastagiri/Desktop/Major Project/FaceForensics++_C23/Deepfakes/255_214.mp4,1,FAKE,Deepfakes,255
657_644,/Users/nihaldastagiri/Desktop/Major Project/FaceForensics++_C23/Deepfakes/657_644.mp4,1,FAKE,Deepfakes,657
964_174,/Users/nihaldastagiri/Desktop/Major Project/FaceForensics++_C23/Deepfakes/964_174.mp4,1,FAKE,Deepfakes,964
190_176,/Users/nihaldastagiri/Desktop/Major Project/FaceForensics++_C23/Deepfakes/190_176.mp4,1,FAKE,Deepfakes,190
115_939,/Users/nihaldastagiri/Desktop/Major Project/FaceForensics++_C23/Deepfakes/115_939.mp4,1,FAKE,Deepfakes,115
616_614,/Users/nihaldastagiri/Desktop/Major Project/FaceForensics++_C23/Deepfakes/616_614.mp4,1,FAKE,Deepfakes,616
606_567,/Users/nihaldastagiri/Desktop/Major Project/FaceForensics++_C23/Deepfakes/606_567.mp4,1,FAKE,Deepfakes,606
180_105,/Users/nihaldastagiri/Desktop/Major Project/FaceForensics++_C23/Deepfakes/180_105.mp4,1,FAKE,Deepfakes,180
301_262,/Users/nihaldastagiri/Desktop/Major Project/FaceForensics++_C23/Deepfakes/301_262.mp4,1,FAKE,Deepfakes,301
759_755,/Users/nihaldastagiri/Desktop/Major Project/FaceForensics++_C23/Deepfakes/759_755.mp4,1,FAKE,Deepfakes,759
712_716,/Users/nihaldastagiri/Desktop/Major Project/FaceForensics++_C23/Deepfakes/712_716.mp4,1,FAKE,Deepfakes,712
723_704,/Users/nihaldastagiri/Desktop/Major Project/FaceForensics++_C23/Deepfakes/723_704.mp4,1,FAKE,Deepfakes,723
685_613,/Users/nihaldastagiri/Desktop/Major Project/FaceForensics++_C23/Deepfakes/685_613.mp4,1,FAKE,Deepfakes,685
979_875,/Users/nihaldastagiri/Desktop/Major Project/FaceForensics++_C23/Deepfakes/979_875.mp4,1,FAKE,Deepfakes,979
517_521,/Users/nihaldastagiri/Desktop/Major Project/FaceForensics++_C23/Deepfakes/517_521.mp4,1,FAKE,Deepfakes,517
984_967,/Users/nihaldastagiri/Desktop/Major Project/FaceForensics++_C23/Deepfakes/984_967.mp4,1,FAKE,Deepfakes,984
045_889,/Users/nihaldastagiri/Desktop/Major Project/FaceForensics++_C23/Deepfakes/045_889.mp4,1,FAKE,Deepfakes,045
909_857,/Users/nihaldastagiri/Desktop/Major Project/FaceForensics++_C23/Deepfakes/909_857.mp4,1,FAKE,Deepfakes,909
157_245,/Users/nihaldastagiri/Desktop/Major Project/FaceForensics++_C23/Deepfakes/157_245.mp4,1,FAKE,Deepfakes,157
851_552,/Users/nihaldastagiri/Desktop/Major Project/FaceForensics++_C23/Deepfakes/851_552.mp4,1,FAKE,Deepfakes,851
171_173,/Users/nihaldastagiri/Desktop/Major Project/FaceForensics++_C23/Deepfakes/171_173.mp4,1,FAKE,Deepfakes,171
016_209,/Users/nihaldastagiri/Desktop/Major Project/FaceForensics++_C23/Deepfakes/016_209.mp4,1,FAKE,Deepfakes,016
511_472,/Users/nihaldastagiri/Desktop/Major Project/FaceForensics++_C23/Deepfakes/511_472.mp4,1,FAKE,Deepfakes,511
048_029,/Users/nihaldastagiri/Desktop/Major Project/FaceForensics++_C23/Deepfakes/048_029.mp4,1,FAKE,Deepfakes,048
971_564,/Users/nihaldastagiri/Desktop/Major Project/FaceForensics++_C23/Deepfakes/971_564.mp4,1,FAKE,Deepfakes,971
940_941,/Users/nihaldastagiri/Desktop/Major Project/FaceForensics++_C23/Deepfakes/940_941.mp4,1,FAKE,Deepfakes,940
515_519,/Users/nihaldastagiri/Desktop/Major Project/FaceForensics++_C23/Deepfakes/515_519.mp4,1,FAKE,Deepfakes,515
952_882,/Users/nihaldastagiri/Desktop/Major Project/FaceForensics++_C23/Deepfakes/952_882.mp4,1,FAKE,Deepfakes,952
480_389,/Users/nihaldastagiri/Desktop/Major Project/FaceForensics++_C23/Deepfakes/480_389.mp4,1,FAKE,Deepfakes,480
283_313,/Users/nihaldastagiri/Desktop/Major Project/FaceForensics++_C23/Deepfakes/283_313.mp4,1,FAKE,Deepfakes,283
718_972,/Users/nihaldastagiri/Desktop/Major Project/FaceForensics++_C23/Deepfakes/718_972.mp4,1,FAKE,Deepfakes,718
877_886,/Users/nihaldastagiri/Desktop/Major Project/FaceForensics++_C23/Deepfakes/877_886.mp4,1,FAKE,Deepfakes,877
225_151,/Users/nihaldastagiri/Desktop/Major Project/FaceForensics++_C23/Deepfakes/225_151.mp4,1,FAKE,Deepfakes,225
026_012,/Users/nihaldastagiri/Desktop/Major Project/FaceForensics++_C23/Deepfakes/026_012.mp4,1,FAKE,Deepfakes,026
954_976,/Users/nihaldastagiri/Desktop/Major Project/FaceForensics++_C23/Deepfakes/954_976.mp4,1,FAKE,Deepfakes,954
437_360,/Users/nihaldastagiri/Desktop/Major Project/FaceForensics++_C23/Deepfakes/437_360.mp4,1,FAKE,Deepfakes,437
951_947,/Users/nihaldastagiri/Desktop/Major Project/FaceForensics++_C23/Deepfakes/951_947.mp4,1,FAKE,Deepfakes,951
364_440,/Users/nihaldastagiri/Desktop/Major Project/FaceForensics++_C23/Deepfakes/364_440.mp4,1,FAKE,Deepfakes,364
229_247,/Users/nihaldastagiri/Desktop/Major Project/FaceForensics++_C23/Deepfakes/229_247.mp4,1,FAKE,Deepfakes,229
037_072,/Users/nihaldastagiri/Desktop/Major Project/FaceForensics++_C23/Deepfakes/037_072.mp4,1,FAKE,Deepfakes,037
965_948,/Users/nihaldastagiri/Desktop/Major Project/FaceForensics++_C23/Deepfakes/965_948.mp4,1,FAKE,Deepfakes,965
374_407,/Users/nihaldastagiri/Desktop/Major Project/FaceForensics++_C23/Deepfakes/374_407.mp4,1,FAKE,Deepfakes,374
469_481,/Users/nihaldastagiri/Desktop/Major Project/FaceForensics++_C23/Deepfakes/469_481.mp4,1,FAKE,Deepfakes,469
967_984,/Users/nihaldastagiri/Desktop/Major Project/FaceForensics++_C23/Deepfakes/967_984.mp4,1,FAKE,Deepfakes,967
850_764,/Users/nihaldastagiri/Desktop/Major Project/FaceForensics++_C23/Deepfakes/850_764.mp4,1,FAKE,Deepfakes,850
704_723,/Users/nihaldastagiri/Desktop/Major Project/FaceForensics++_C23/Deepfakes/704_723.mp4,1,FAKE,Deepfakes,704
841_639,/Users/nihaldastagiri/Desktop/Major Project/FaceForensics++_C23/Deepfakes/841_639.mp4,1,FAKE,Deepfakes,841
194_235,/Users/nihaldastagiri/Desktop/Major Project/FaceForensics++_C23/Deepfakes/194_235.mp4,1,FAKE,Deepfakes,194
854_747,/Users/nihaldastagiri/Desktop/Major Project/FaceForensics++_C23/Deepfakes/854_747.mp4,1,FAKE,Deepfakes,854
864_839,/Users/nihaldastagiri/Desktop/Major Project/FaceForensics++_C23/Deepfakes/864_839.mp4,1,FAKE,Deepfakes,864
503_756,/Users/nihaldastagiri/Desktop/Major Project/FaceForensics++_C23/Deepfakes/503_756.mp4,1,FAKE,Deepfakes,503
969_897,/Users/nihaldastagiri/Desktop/Major Project/FaceForensics++_C23/Deepfakes/969_897.mp4,1,FAKE,Deepfakes,969
830_828,/Users/nihaldastagiri/Desktop/Major Project/FaceForensics++_C23/Deepfakes/830_828.mp4,1,FAKE,Deepfakes,830
579_701,/Users/nihaldastagiri/Desktop/Major Project/FaceForensics++_C23/Deepfakes/579_701.mp4,1,FAKE,Deepfakes,579
968_884,/Users/nihaldastagiri/Desktop/Major Project/FaceForensics++_C23/Deepfakes/968_884.mp4,1,FAKE,Deepfakes,968
162_330,/Users/nihaldastagiri/Desktop/Major Project/FaceForensics++_C23/Deepfakes/162_330.mp4,1,FAKE,Deepfakes,162
908_207,/Users/nihaldastagiri/Desktop/Major Project/FaceForensics++_C23/Deepfakes/908_207.mp4,1,FAKE,Deepfakes,908
152_149,/Users/nihaldastagiri/Desktop/Major Project/FaceForensics++_C23/Deepfakes/152_149.mp4,1,FAKE,Deepfakes,152
801_855,/Users/nihaldastagiri/Desktop/Major Project/FaceForensics++_C23/Deepfakes/801_855.mp4,1,FAKE,Deepfakes,801
993_989,/Users/nihaldastagiri/Desktop/Major Project/FaceForensics++_C23/Deepfakes/993_989.mp4,1,FAKE,Deepfakes,993
755_759,/Users/nihaldastagiri/Desktop/Major Project/FaceForensics++_C23/Deepfakes/755_759.mp4,1,FAKE,Deepfakes,755
111_094,/Users/nihaldastagiri/Desktop/Major Project/FaceForensics++_C23/Deepfakes/111_094.mp4,1,FAKE,Deepfakes,111
226_491,/Users/nihaldastagiri/Desktop/Major Project/FaceForensics++_C23/Deepfakes/226_491.mp4,1,FAKE,Deepfakes,226
688_645,/Users/nihaldastagiri/Desktop/Major Project/FaceForensics++_C23/Deepfakes/688_645.mp4,1,FAKE,Deepfakes,688
103_082,/Users/nihaldastagiri/Desktop/Major Project/FaceForensics++_C23/Deepfakes/103_082.mp4,1,FAKE,Deepfakes,103
421_423,/Users/nihaldastagiri/Desktop/Major Project/FaceForensics++_C23/Deepfakes/421_423.mp4,1,FAKE,Deepfakes,421
419_824,/Users/nihaldastagiri/Desktop/Major Project/FaceForensics++_C23/Deepfakes/419_824.mp4,1,FAKE,Deepfakes,419
750_743,/Users/nihaldastagiri/Desktop/Major Project/FaceForensics++_C23/Deepfakes/750_743.mp4,1,FAKE,Deepfakes,750
586_223,/Users/nihaldastagiri/Desktop/Major Project/FaceForensics++_C23/Deepfakes/586_223.mp4,1,FAKE,Deepfakes,586
780_869,/Users/nihaldastagiri/Desktop/Major Project/FaceForensics++_C23/Deepfakes/780_869.mp4,1,FAKE,Deepfakes,780
672_720,/Users/nihaldastagiri/Desktop/Major Project/FaceForensics++_C23/Deepfakes/672_720.mp4,1,FAKE,Deepfakes,672
119_123,/Users/nihaldastagiri/Desktop/Major Project/FaceForensics++_C23/Deepfakes/119_123.mp4,1,FAKE,Deepfakes,119
053_095,/Users/nihaldastagiri/Desktop/Major Project/FaceForensics++_C23/Deepfakes/053_095.mp4,1,FAKE,Deepfakes,053
151_225,/Users/nihaldastagiri/Desktop/Major Project/FaceForensics++_C23/Deepfakes/151_225.mp4,1,FAKE,Deepfakes,151
403_497,/Users/nihaldastagiri/Desktop/Major Project/FaceForensics++_C23/Deepfakes/403_497.mp4,1,FAKE,Deepfakes,403
945_044,/Users/nihaldastagiri/Desktop/Major Project/FaceForensics++_C23/Deepfakes/945_044.mp4,1,FAKE,Deepfakes,945
207_908,/Users/nihaldastagiri/Desktop/Major Project/FaceForensics++_C23/Deepfakes/207_908.mp4,1,FAKE,Deepfakes,207
658_627,/Users/nihaldastagiri/Desktop/Major Project/FaceForensics++_C23/Deepfakes/658_627.mp4,1,FAKE,Deepfakes,658
843_859,/Users/nihaldastagiri/Desktop/Major Project/FaceForensics++_C23/Deepfakes/843_859.mp4,1,FAKE,Deepfakes,843
762_832,/Users/nihaldastagiri/Desktop/Major Project/FaceForensics++_C23/Deepfakes/762_832.mp4,1,FAKE,Deepfakes,762
008_990,/Users/nihaldastagiri/Desktop/Major Project/FaceForensics++_C23/Deepfakes/008_990.mp4,1,FAKE,Deepfakes,008
807_273,/Users/nihaldastagiri/Desktop/Major Project/FaceForensics++_C23/Deepfakes/807_273.mp4,1,FAKE,Deepfakes,807
036_035,/Users/nihaldastagiri/Desktop/Major Project/FaceForensics++_C23/Deepfakes/036_035.mp4,1,FAKE,Deepfakes,036
452_550,/Users/nihaldastagiri/Desktop/Major Project/FaceForensics++_C23/Deepfakes/452_550.mp4,1,FAKE,Deepfakes,452
651_835,/Users/nihaldastagiri/Desktop/Major Project/FaceForensics++_C23/Deepfakes/651_835.mp4,1,FAKE,Deepfakes,651
253_183,/Users/nihaldastagiri/Desktop/Major Project/FaceForensics++_C23/Deepfakes/253_183.mp4,1,FAKE,Deepfakes,253
303_309,/Users/nihaldastagiri/Desktop/Major Project/FaceForensics++_C23/Deepfakes/303_309.mp4,1,FAKE,Deepfakes,303
746_571,/Users/nihaldastagiri/Desktop/Major Project/FaceForensics++_C23/Deepfakes/746_571.mp4,1,FAKE,Deepfakes,746
571_746,/Users/nihaldastagiri/Desktop/Major Project/FaceForensics++_C23/Deepfakes/571_746.mp4,1,FAKE,Deepfakes,571
623_630,/Users/nihaldastagiri/Desktop/Major Project/FaceForensics++_C23/Deepfakes/623_630.mp4,1,FAKE,Deepfakes,623
732_691,/Users/nihaldastagiri/Desktop/Major Project/FaceForensics++_C23/Deepfakes/732_691.mp4,1,FAKE,Deepfakes,732
891_876,/Users/nihaldastagiri/Desktop/Major Project/FaceForensics++_C23/Deepfakes/891_876.mp4,1,FAKE,Deepfakes,891
262_301,/Users/nihaldastagiri/Desktop/Major Project/FaceForensics++_C23/Deepfakes/262_301.mp4,1,FAKE,Deepfakes,262
610_692,/Users/nihaldastagiri/Desktop/Major Project/FaceForensics++_C23/Deepfakes/610_692.mp4,1,FAKE,Deepfakes,610
297_270,/Users/nihaldastagiri/Desktop/Major Project/FaceForensics++_C23/Deepfakes/297_270.mp4,1,FAKE,Deepfakes,297
414_385,/Users/nihaldastagiri/Desktop/Major Project/FaceForensics++_C23/Deepfakes/414_385.mp4,1,FAKE,Deepfakes,414
150_153,/Users/nihaldastagiri/Desktop/Major Project/FaceForensics++_C23/Deepfakes/150_153.mp4,1,FAKE,Deepfakes,150
521_517,/Users/nihaldastagiri/Desktop/Major Project/FaceForensics++_C23/Face2Face/521_517.mp4,1,FAKE,Face2Face,521
737_719,/Users/nihaldastagiri/Desktop/Major Project/FaceForensics++_C23/Face2Face/737_719.mp4,1,FAKE,Face2Face,737
740_796,/Users/nihaldastagiri/Desktop/Major Project/FaceForensics++_C23/Face2Face/740_796.mp4,1,FAKE,Face2Face,740
660_634,/Users/nihaldastagiri/Desktop/Major Project/FaceForensics++_C23/Face2Face/660_634.mp4,1,FAKE,Face2Face,660
411_410,/Users/nihaldastagiri/Desktop/Major Project/FaceForensics++_C23/Face2Face/411_410.mp4,1,FAKE,Face2Face,411
678_460,/Users/nihaldastagiri/Desktop/Major Project/FaceForensics++_C23/Face2Face/678_460.mp4,1,FAKE,Face2Face,678
626_562,/Users/nihaldastagiri/Desktop/Major Project/FaceForensics++_C23/Face2Face/626_562.mp4,1,FAKE,Face2Face,626
513_305,/Users/nihaldastagiri/Desktop/Major Project/FaceForensics++_C23/Face2Face/513_305.mp4,1,FAKE,Face2Face,513
859_843,/Users/nihaldastagiri/Desktop/Major Project/FaceForensics++_C23/Face2Face/859_843.mp4,1,FAKE,Face2Face,859
136_285,/Users/nihaldastagiri/Desktop/Major Project/FaceForensics++_C23/Face2Face/136_285.mp4,1,FAKE,Face2Face,136
811_920,/Users/nihaldastagiri/Desktop/Major Project/FaceForensics++_C23/Face2Face/811_920.mp4,1,FAKE,Face2Face,811
076_079,/Users/nihaldastagiri/Desktop/Major Project/FaceForensics++_C23/Face2Face/076_079.mp4,1,FAKE,Face2Face,076
636_578,/Users/nihaldastagiri/Desktop/Major Project/FaceForensics++_C23/Face2Face/636_578.mp4,1,FAKE,Face2Face,636
973_970,/Users/nihaldastagiri/Desktop/Major Project/FaceForensics++_C23/Face2Face/973_970.mp4,1,FAKE,Face2Face,973
938_987,/Users/nihaldastagiri/Desktop/Major Project/FaceForensics++_C23/Face2Face/938_987.mp4,1,FAKE,Face2Face,938
899_914,/Users/nihaldastagiri/Desktop/Major Project/FaceForensics++_C23/Face2Face/899_914.mp4,1,FAKE,Face2Face,899
280_249,/Users/nihaldastagiri/Desktop/Major Project/FaceForensics++_C23/Face2Face/280_249.mp4,1,FAKE,Face2Face,280
883_013,/Users/nihaldastagiri/Desktop/Major Project/FaceForensics++_C23/Face2Face/883_013.mp4,1,FAKE,Face2Face,883
761_766,/Users/nihaldastagiri/Desktop/Major Project/FaceForensics++_C23/Face2Face/761_766.mp4,1,FAKE,Face2Face,761
319_352,/Users/nihaldastagiri/Desktop/Major Project/FaceForensics++_C23/Face2Face/319_352.mp4,1,FAKE,Face2Face,319
549_531,/Users/nihaldastagiri/Desktop/Major Project/FaceForensics++_C23/Face2Face/549_531.mp4,1,FAKE,Face2Face,549
174_964,/Users/nihaldastagiri/Desktop/Major Project/FaceForensics++_C23/Face2Face/174_964.mp4,1,FAKE,Face2Face,174
371_367,/Users/nihaldastagiri/Desktop/Major Project/FaceForensics++_C23/Face2Face/371_367.mp4,1,FAKE,Face2Face,371
527_454,/Users/nihaldastagiri/Desktop/Major Project/FaceForensics++_C23/Face2Face/527_454.mp4,1,FAKE,Face2Face,527
210_241,/Users/nihaldastagiri/Desktop/Major Project/FaceForensics++_C23/Face2Face/210_241.mp4,1,FAKE,Face2Face,210
235_194,/Users/nihaldastagiri/Desktop/Major Project/FaceForensics++_C23/Face2Face/235_194.mp4,1,FAKE,Face2Face,235
101_096,/Users/nihaldastagiri/Desktop/Major Project/FaceForensics++_C23/Face2Face/101_096.mp4,1,FAKE,Face2Face,101
986_994,/Users/nihaldastagiri/Desktop/Major Project/FaceForensics++_C23/Face2Face/986_994.mp4,1,FAKE,Face2Face,986
902_901,/Users/nihaldastagiri/Desktop/Major Project/FaceForensics++_C23/Face2Face/902_901.mp4,1,FAKE,Face2Face,902
947_951,/Users/nihaldastagiri/Desktop/Major Project/FaceForensics++_C23/Face2Face/947_951.mp4,1,FAKE,Face2Face,947
346_351,/Users/nihaldastagiri/Desktop/Major Project/FaceForensics++_C23/Face2Face/346_351.mp4,1,FAKE,Face2Face,346
139_130,/Users/nihaldastagiri/Desktop/Major Project/FaceForensics++_C23/Face2Face/139_130.mp4,1,FAKE,Face2Face,139
621_546,/Users/nihaldastagiri/Desktop/Major Project/FaceForensics++_C23/Face2Face/621_546.mp4,1,FAKE,Face2Face,621
499_539,/Users/nihaldastagiri/Desktop/Major Project/FaceForensics++_C23/Face2Face/499_539.mp4,1,FAKE,Face2Face,499
370_483,/Users/nihaldastagiri/Desktop/Major Project/FaceForensics++_C23/Face2Face/370_483.mp4,1,FAKE,Face2Face,370
198_106,/Users/nihaldastagiri/Desktop/Major Project/FaceForensics++_C23/Face2Face/198_106.mp4,1,FAKE,Face2Face,198
687_615,/Users/nihaldastagiri/Desktop/Major Project/FaceForensics++_C23/Face2Face/687_615.mp4,1,FAKE,Face2Face,687
584_823,/Users/nihaldastagiri/Desktop/Major Project/FaceForensics++_C23/Face2Face/584_823.mp4,1,FAKE,Face2Face,584
901_902,/Users/nihaldastagiri/Desktop/Major Project/FaceForensics++_C23/Face2Face/901_902.mp4,1,FAKE,Face2Face,901
059_050,/Users/nihaldastagiri/Desktop/Major Project/FaceForensics++_C23/Face2Face/059_050.mp4,1,FAKE,Face2Face,059
328_320,/Users/nihaldastagiri/Desktop/Major Project/FaceForensics++_C23/Face2Face/328_320.mp4,1,FAKE,Face2Face,328
096_101,/Users/nihaldastagiri/Desktop/Major Project/FaceForensics++_C23/Face2Face/096_101.mp4,1,FAKE,Face2Face,096
312_021,/Users/nihaldastagiri/Desktop/Major Project/FaceForensics++_C23/Face2Face/312_021.mp4,1,FAKE,Face2Face,312
974_953,/Users/nihaldastagiri/Desktop/Major Project/FaceForensics++_C23/Face2Face/974_953.mp4,1,FAKE,Face2Face,974
299_145,/Users/nihaldastagiri/Desktop/Major Project/FaceForensics++_C23/Face2Face/299_145.mp4,1,FAKE,Face2Face,299
277_335,/Users/nihaldastagiri/Desktop/Major Project/FaceForensics++_C23/Face2Face/277_335.mp4,1,FAKE,Face2Face,277
924_917,/Users/nihaldastagiri/Desktop/Major Project/FaceForensics++_C23/Face2Face/924_917.mp4,1,FAKE,Face2Face,924
601_653,/Users/nihaldastagiri/Desktop/Major Project/FaceForensics++_C23/Face2Face/601_653.mp4,1,FAKE,Face2Face,601
439_441,/Users/nihaldastagiri/Desktop/Major Project/FaceForensics++_C23/Face2Face/439_441.mp4,1,FAKE,Face2Face,439
837_890,/Users/nihaldastagiri/Desktop/Major Project/FaceForensics++_C23/Face2Face/837_890.mp4,1,FAKE,Face2Face,837
570_624,/Users/nihaldastagiri/Desktop/Major Project/FaceForensics++_C23/Face2Face/570_624.mp4,1,FAKE,Face2Face,570
879_963,/Users/nihaldastagiri/Desktop/Major Project/FaceForensics++_C23/Face2Face/879_963.mp4,1,FAKE,Face2Face,879
261_254,/Users/nihaldastagiri/Desktop/Major Project/FaceForensics++_C23/Face2Face/261_254.mp4,1,FAKE,Face2Face,261
578_636,/Users/nihaldastagiri/Desktop/Major Project/FaceForensics++_C23/Face2Face/578_636.mp4,1,FAKE,Face2Face,578
023_923,/Users/nihaldastagiri/Desktop/Major Project/FaceForensics++_C23/Face2Face/023_923.mp4,1,FAKE,Face2Face,023
030_193,/Users/nihaldastagiri/Desktop/Major Project/FaceForensics++_C23/Face2Face/030_193.mp4,1,FAKE,Face2Face,030
617_566,/Users/nihaldastagiri/Desktop/Major Project/FaceForensics++_C23/Face2Face/617_566.mp4,1,FAKE,Face2Face,617
010_005,/Users/nihaldastagiri/Desktop/Major Project/FaceForensics++_C23/Face2Face/010_005.mp4,1,FAKE,Face2Face,010
221_206,/Users/nihaldastagiri/Desktop/Major Project/FaceForensics++_C23/Face2Face/221_206.mp4,1,FAKE,Face2Face,221
820_818,/Users/nihaldastagiri/Desktop/Major Project/FaceForensics++_C23/Face2Face/820_818.mp4,1,FAKE,Face2Face,820
296_293,/Users/nihaldastagiri/Desktop/Major Project/FaceForensics++_C23/Face2Face/296_293.mp4,1,FAKE,Face2Face,296
054_071,/Users/nihaldastagiri/Desktop/Major Project/FaceForensics++_C23/Face2Face/054_071.mp4,1,FAKE,Face2Face,054
542_520,/Users/nihaldastagiri/Desktop/Major Project/FaceForensics++_C23/Face2Face/542_520.mp4,1,FAKE,Face2Face,542
209_016,/Users/nihaldastagiri/Desktop/Major Project/FaceForensics++_C23/Face2Face/209_016.mp4,1,FAKE,Face2Face,209
604_703,/Users/nihaldastagiri/Desktop/Major Project/FaceForensics++_C23/Face2Face/604_703.mp4,1,FAKE,Face2Face,604
692_610,/Users/nihaldastagiri/Desktop/Major Project/FaceForensics++_C23/Face2Face/692_610.mp4,1,FAKE,Face2Face,692
662_641,/Users/nihaldastagiri/Desktop/Major Project/FaceForensics++_C23/Face2Face/662_641.mp4,1,FAKE,Face2Face,662
866_878,/Users/nihaldastagiri/Desktop/Major Project/FaceForensics++_C23/Face2Face/866_878.mp4,1,FAKE,Face2Face,866
070_057,/Users/nihaldastagiri/Desktop/Major Project/FaceForensics++_C23/Face2Face/070_057.mp4,1,FAKE,Face2Face,070
543_559,/Users/nihaldastagiri/Desktop/Major Project/FaceForensics++_C23/Face2Face/543_559.mp4,1,FAKE,Face2Face,543
107_109,/Users/nihaldastagiri/Desktop/Major Project/FaceForensics++_C23/Face2Face/107_109.mp4,1,FAKE,Face2Face,107
493_538,/Users/nihaldastagiri/Desktop/Major Project/FaceForensics++_C23/Face2Face/493_538.mp4,1,FAKE,Face2Face,493
590_034,/Users/nihaldastagiri/Desktop/Major Project/FaceForensics++_C23/Face2Face/590_034.mp4,1,FAKE,Face2Face,590
741_731,/Users/nihaldastagiri/Desktop/Major Project/FaceForensics++_C23/Face2Face/741_731.mp4,1,FAKE,Face2Face,741
292_294,/Users/nihaldastagiri/Desktop/Major Project/FaceForensics++_C23/Face2Face/292_294.mp4,1,FAKE,Face2Face,292
289_228,/Users/nihaldastagiri/Desktop/Major Project/FaceForensics++_C23/Face2Face/289_228.mp4,1,FAKE,Face2Face,289
652_773,/Users/nihaldastagiri/Desktop/Major Project/FaceForensics++_C23/Face2Face/652_773.mp4,1,FAKE,Face2Face,652
039_058,/Users/nihaldastagiri/Desktop/Major Project/FaceForensics++_C23/Face2Face/039_058.mp4,1,FAKE,Face2Face,039
589_565,/Users/nihaldastagiri/Desktop/Major Project/FaceForensics++_C23/Face2Face/589_565.mp4,1,FAKE,Face2Face,589
307_365,/Users/nihaldastagiri/Desktop/Major Project/FaceForensics++_C23/Face2Face/307_365.mp4,1,FAKE,Face2Face,307
679_665,/Users/nihaldastagiri/Desktop/Major Project/FaceForensics++_C23/Face2Face/679_665.mp4,1,FAKE,Face2Face,679
066_062,/Users/nihaldastagiri/Desktop/Major Project/FaceForensics++_C23/Face2Face/066_062.mp4,1,FAKE,Face2Face,066
275_887,/Users/nihaldastagiri/Desktop/Major Project/FaceForensics++_C23/Face2Face/275_887.mp4,1,FAKE,Face2Face,275
067_025,/Users/nihaldastagiri/Desktop/Major Project/FaceForensics++_C23/Face2Face/067_025.mp4,1,FAKE,Face2Face,067
318_334,/Users/nihaldastagiri/Desktop/Major Project/FaceForensics++_C23/Face2Face/318_334.mp4,1,FAKE,Face2Face,318
548_632,/Users/nihaldastagiri/Desktop/Major Project/FaceForensics++_C23/Face2Face/548_632.mp4,1,FAKE,Face2Face,548
998_561,/Users/nihaldastagiri/Desktop/Major Project/FaceForensics++_C23/Face2Face/998_561.mp4,1,FAKE,Face2Face,998
714_842,/Users/nihaldastagiri/Desktop/Major Project/FaceForensics++_C23/Face2Face/714_842.mp4,1,FAKE,Face2Face,714
753_789,/Users/nihaldastagiri/Desktop/Major Project/FaceForensics++_C23/Face2Face/753_789.mp4,1,FAKE,Face2Face,753
327_329,/Users/nihaldastagiri/Desktop/Major Project/FaceForensics++_C23/Face2Face/327_329.mp4,1,FAKE,Face2Face,327
382_409,/Users/nihaldastagiri/Desktop/Major Project/FaceForensics++_C23/Face2Face/382_409.mp4,1,FAKE,Face2Face,382
451_449,/Users/nihaldastagiri/Desktop/Major Project/FaceForensics++_C23/Face2Face/451_449.mp4,1,FAKE,Face2Face,451
522_337,/Users/nihaldastagiri/Desktop/Major Project/FaceForensics++_C23/Face2Face/522_337.mp4,1,FAKE,Face2Face,522
218_239,/Users/nihaldastagiri/Desktop/Major Project/FaceForensics++_C23/Face2Face/218_239.mp4,1,FAKE,Face2Face,218
787_782,/Users/nihaldastagiri/Desktop/Major Project/FaceForensics++_C23/Face2Face/787_782.mp4,1,FAKE,Face2Face,787
436_526,/Users/nihaldastagiri/Desktop/Major Project/FaceForensics++_C23/Face2Face/436_526.mp4,1,FAKE,Face2Face,436
764_850,/Users/nihaldastagiri/Desktop/Major Project/FaceForensics++_C23/Face2Face/764_850.mp4,1,FAKE,Face2Face,764
088_060,/Users/nihaldastagiri/Desktop/Major Project/FaceForensics++_C23/Face2Face/088_060.mp4,1,FAKE,Face2Face,088
063_041,/Users/nihaldastagiri/Desktop/Major Project/FaceForensics++_C23/Face2Face/063_041.mp4,1,FAKE,Face2Face,063
826_833,/Users/nihaldastagiri/Desktop/Major Project/FaceForensics++_C23/Face2Face/826_833.mp4,1,FAKE,Face2Face,826
716_712,/Users/nihaldastagiri/Desktop/Major Project/FaceForensics++_C23/Face2Face/716_712.mp4,1,FAKE,Face2Face,716
351_346,/Users/nihaldastagiri/Desktop/Major Project/FaceForensics++_C23/Face2Face/351_346.mp4,1,FAKE,Face2Face,351
936_931,/Users/nihaldastagiri/Desktop/Major Project/FaceForensics++_C23/Face2Face/936_931.mp4,1,FAKE,Face2Face,936
256_146,/Users/nihaldastagiri/Desktop/Major Project/FaceForensics++_C23/Face2Face/256_146.mp4,1,FAKE,Face2Face,256
635_642,/Users/nihaldastagiri/Desktop/Major Project/FaceForensics++_C23/Face2Face/635_642.mp4,1,FAKE,Face2Face,635
644_657,/Users/nihaldastagiri/Desktop/Major Project/FaceForensics++_C23/Face2Face/644_657.mp4,1,FAKE,Face2Face,644
554_572,/Users/nihaldastagiri/Desktop/Major Project/FaceForensics++_C23/Face2Face/554_572.mp4,1,FAKE,Face2Face,554
959_957,/Users/nihaldastagiri/Desktop/Major Project/FaceForensics++_C23/Face2Face/959_957.mp4,1,FAKE,Face2Face,959
168_222,/Users/nihaldastagiri/Desktop/Major Project/FaceForensics++_C23/Face2Face/168_222.mp4,1,FAKE,Face2Face,168
917_924,/Users/nihaldastagiri/Desktop/Major Project/FaceForensics++_C23/Face2Face/917_924.mp4,1,FAKE,Face2Face,917
528_510,/Users/nihaldastagiri/Desktop/Major Project/FaceForensics++_C23/Face2Face/528_510.mp4,1,FAKE,Face2Face,528
823_584,/Users/nihaldastagiri/Desktop/Major Project/FaceForensics++_C23/Face2Face/823_584.mp4,1,FAKE,Face2Face,823
985_981,/Users/nihaldastagiri/Desktop/Major Project/FaceForensics++_C23/Face2Face/985_981.mp4,1,FAKE,Face2Face,985
816_649,/Users/nihaldastagiri/Desktop/Major Project/FaceForensics++_C23/Face2Face/816_649.mp4,1,FAKE,Face2Face,816
086_090,/Users/nihaldastagiri/Desktop/Major Project/FaceForensics++_C23/Face2Face/086_090.mp4,1,FAKE,Face2Face,086
432_357,/Users/nihaldastagiri/Desktop/Major Project/FaceForensics++_C23/Face2Face/432_357.mp4,1,FAKE,Face2Face,432
184_205,/Users/nihaldastagiri/Desktop/Major Project/FaceForensics++_C23/Face2Face/184_205.mp4,1,FAKE,Face2Face,184
978_975,/Users/nihaldastagiri/Desktop/Major Project/FaceForensics++_C23/Face2Face/978_975.mp4,1,FAKE,Face2Face,978
534_490,/Users/nihaldastagiri/Desktop/Major Project/FaceForensics++_C23/Face2Face/534_490.mp4,1,FAKE,Face2Face,534
294_292,/Users/nihaldastagiri/Desktop/Major Project/FaceForensics++_C23/Face2Face/294_292.mp4,1,FAKE,Face2Face,294
892_112,/Users/nihaldastagiri/Desktop/Major Project/FaceForensics++_C23/Face2Face/892_112.mp4,1,FAKE,Face2Face,892
425_485,/Users/nihaldastagiri/Desktop/Major Project/FaceForensics++_C23/Face2Face/425_485.mp4,1,FAKE,Face2Face,425
713_726,/Users/nihaldastagiri/Desktop/Major Project/FaceForensics++_C23/Face2Face/713_726.mp4,1,FAKE,Face2Face,713
260_331,/Users/nihaldastagiri/Desktop/Major Project/FaceForensics++_C23/Face2Face/260_331.mp4,1,FAKE,Face2Face,260
237_236,/Users/nihaldastagiri/Desktop/Major Project/FaceForensics++_C23/Face2Face/237_236.mp4,1,FAKE,Face2Face,237
559_543,/Users/nihaldastagiri/Desktop/Major Project/FaceForensics++_C23/Face2Face/559_543.mp4,1,FAKE,Face2Face,559
583_558,/Users/nihaldastagiri/Desktop/Major Project/FaceForensics++_C23/Face2Face/583_558.mp4,1,FAKE,Face2Face,583
445_494,/Users/nihaldastagiri/Desktop/Major Project/FaceForensics++_C23/Face2Face/445_494.mp4,1,FAKE,Face2Face,445
867_765,/Users/nihaldastagiri/Desktop/Major Project/FaceForensics++_C23/Face2Face/867_765.mp4,1,FAKE,Face2Face,867
800_840,/Users/nihaldastagiri/Desktop/Major Project/FaceForensics++_C23/Face2Face/800_840.mp4,1,FAKE,Face2Face,800
599_585,/Users/nihaldastagiri/Desktop/Major Project/FaceForensics++_C23/Face2Face/599_585.mp4,1,FAKE,Face2Face,599
849_771,/Users/nihaldastagiri/Desktop/Major Project/FaceForensics++_C23/Face2Face/849_771.mp4,1,FAKE,Face2Face,849
265_475,/Users/nihaldastagiri/Desktop/Major Project/FaceForensics++_C23/Face2Face/265_475.mp4,1,FAKE,Face2Face,265
995_233,/Users/nihaldastagiri/Desktop/Major Project/FaceForensics++_C23/Face2Face/995_233.mp4,1,FAKE,Face2Face,995
529_633,/Users/nihaldastagiri/Desktop/Major Project/FaceForensics++_C23/Face2Face/529_633.mp4,1,FAKE,Face2Face,529
055_147,/Users/nihaldastagiri/Desktop/Major Project/FaceForensics++_C23/Face2Face/055_147.mp4,1,FAKE,Face2Face,055
120_118,/Users/nihaldastagiri/Desktop/Major Project/FaceForensics++_C23/Face2Face/120_118.mp4,1,FAKE,Face2Face,120
215_208,/Users/nihaldastagiri/Desktop/Major Project/FaceForensics++_C23/Face2Face/215_208.mp4,1,FAKE,Face2Face,215
025_067,/Users/nihaldastagiri/Desktop/Major Project/FaceForensics++_C23/Face2Face/025_067.mp4,1,FAKE,Face2Face,025
072_037,/Users/nihaldastagiri/Desktop/Major Project/FaceForensics++_C23/Face2Face/072_037.mp4,1,FAKE,Face2Face,072
044_945,/Users/nihaldastagiri/Desktop/Major Project/FaceForensics++_C23/Face2Face/044_945.mp4,1,FAKE,Face2Face,044
247_229,/Users/nihaldastagiri/Desktop/Major Project/FaceForensics++_C23/Face2Face/247_229.mp4,1,FAKE,Face2Face,247
721_715,/Users/nihaldastagiri/Desktop/Major Project/FaceForensics++_C23/Face2Face/721_715.mp4,1,FAKE,Face2Face,721
281_474,/Users/nihaldastagiri/Desktop/Major Project/FaceForensics++_C23/Face2Face/281_474.mp4,1,FAKE,Face2Face,281
893_913,/Users/nihaldastagiri/Desktop/Major Project/FaceForensics++_C23/Face2Face/893_913.mp4,1,FAKE,Face2Face,893
914_899,/Users/nihaldastagiri/Desktop/Major Project/FaceForensics++_C23/Face2Face/914_899.mp4,1,FAKE,Face2Face,914
810_838,/Users/nihaldastagiri/Desktop/Major Project/FaceForensics++_C23/Face2Face/810_838.mp4,1,FAKE,Face2Face,810
244_822,/Users/nihaldastagiri/Desktop/Major Project/FaceForensics++_C23/Face2Face/244_822.mp4,1,FAKE,Face2Face,244
822_244,/Users/nihaldastagiri/Desktop/Major Project/FaceForensics++_C23/Face2Face/822_244.mp4,1,FAKE,Face2Face,822
321_288,/Users/nihaldastagiri/Desktop/Major Project/FaceForensics++_C23/Face2Face/321_288.mp4,1,FAKE,Face2Face,321
643_646,/Users/nihaldastagiri/Desktop/Major Project/FaceForensics++_C23/Face2Face/643_646.mp4,1,FAKE,Face2Face,643
158_379,/Users/nihaldastagiri/Desktop/Major Project/FaceForensics++_C23/Face2Face/158_379.mp4,1,FAKE,Face2Face,158
977_075,/Users/nihaldastagiri/Desktop/Major Project/FaceForensics++_C23/Face2Face/977_075.mp4,1,FAKE,Face2Face,977
429_404,/Users/nihaldastagiri/Desktop/Major Project/FaceForensics++_C23/Face2Face/429_404.mp4,1,FAKE,Face2Face,429
941_940,/Users/nihaldastagiri/Desktop/Major Project/FaceForensics++_C23/Face2Face/941_940.mp4,1,FAKE,Face2Face,941
462_467,/Users/nihaldastagiri/Desktop/Major Project/FaceForensics++_C23/Face2Face/462_467.mp4,1,FAKE,Face2Face,462
309_303,/Users/nihaldastagiri/Desktop/Major Project/FaceForensics++_C23/Face2Face/309_303.mp4,1,FAKE,Face2Face,309
697_581,/Users/nihaldastagiri/Desktop/Major Project/FaceForensics++_C23/Face2Face/697_581.mp4,1,FAKE,Face2Face,697
060_088,/Users/nihaldastagiri/Desktop/Major Project/FaceForensics++_C23/Face2Face/060_088.mp4,1,FAKE,Face2Face,060
884_968,/Users/nihaldastagiri/Desktop/Major Project/FaceForensics++_C23/Face2Face/884_968.mp4,1,FAKE,Face2Face,884
595_597,/Users/nihaldastagiri/Desktop/Major Project/FaceForensics++_C23/Face2Face/595_597.mp4,1,FAKE,Face2Face,595
767_694,/Users/nihaldastagiri/Desktop/Major Project/FaceForensics++_C23/Face2Face/767_694.mp4,1,FAKE,Face2Face,767
649_816,/Users/nihaldastagiri/Desktop/Major Project/FaceForensics++_C23/Face2Face/649_816.mp4,1,FAKE,Face2Face,649
650_625,/Users/nihaldastagiri/Desktop/Major Project/FaceForensics++_C23/Face2Face/650_625.mp4,1,FAKE,Face2Face,650
865_739,/Users/nihaldastagiri/Desktop/Major Project/FaceForensics++_C23/Face2Face/865_739.mp4,1,FAKE,Face2Face,865
668_664,/Users/nihaldastagiri/Desktop/Major Project/FaceForensics++_C23/Face2Face/668_664.mp4,1,FAKE,Face2Face,668
298_279,/Users/nihaldastagiri/Desktop/Major Project/FaceForensics++_C23/Face2Face/298_279.mp4,1,FAKE,Face2Face,298
689_690,/Users/nihaldastagiri/Desktop/Major Project/FaceForensics++_C23/Face2Face/689_690.mp4,1,FAKE,Face2Face,689
314_347,/Users/nihaldastagiri/Desktop/Major Project/FaceForensics++_C23/Face2Face/314_347.mp4,1,FAKE,Face2Face,314
310_196,/Users/nihaldastagiri/Desktop/Major Project/FaceForensics++_C23/Face2Face/310_196.mp4,1,FAKE,Face2Face,310
361_448,/Users/nihaldastagiri/Desktop/Major Project/FaceForensics++_C23/Face2Face/361_448.mp4,1,FAKE,Face2Face,361
479_706,/Users/nihaldastagiri/Desktop/Major Project/FaceForensics++_C23/Face2Face/479_706.mp4,1,FAKE,Face2Face,479
110_043,/Users/nihaldastagiri/Desktop/Major Project/FaceForensics++_C23/Face2Face/110_043.mp4,1,FAKE,Face2Face,110
989_993,/Users/nihaldastagiri/Desktop/Major Project/FaceForensics++_C23/Face2Face/989_993.mp4,1,FAKE,Face2Face,989
486_680,/Users/nihaldastagiri/Desktop/Major Project/FaceForensics++_C23/Face2Face/486_680.mp4,1,FAKE,Face2Face,486
363_343,/Users/nihaldastagiri/Desktop/Major Project/FaceForensics++_C23/Face2Face/363_343.mp4,1,FAKE,Face2Face,363
254_261,/Users/nihaldastagiri/Desktop/Major Project/FaceForensics++_C23/Face2Face/254_261.mp4,1,FAKE,Face2Face,254
259_345,/Users/nihaldastagiri/Desktop/Major Project/FaceForensics++_C23/Face2Face/259_345.mp4,1,FAKE,Face2Face,259
802_885,/Users/nihaldastagiri/Desktop/Major Project/FaceForensics++_C23/Face2Face/802_885.mp4,1,FAKE,Face2Face,802
677_671,/Users/nihaldastagiri/Desktop/Major Project/FaceForensics++_C23/Face2Face/677_671.mp4,1,FAKE,Face2Face,677
494_445,/Users/nihaldastagiri/Desktop/Major Project/FaceForensics++_C23/Face2Face/494_445.mp4,1,FAKE,Face2Face,494
670_661,/Users/nihaldastagiri/Desktop/Major Project/FaceForensics++_C23/Face2Face/670_661.mp4,1,FAKE,Face2Face,670
377_333,/Users/nihaldastagiri/Desktop/Major Project/FaceForensics++_C23/Face2Face/377_333.mp4,1,FAKE,Face2Face,377
526_436,/Users/nihaldastagiri/Desktop/Major Project/FaceForensics++_C23/Face2Face/526_436.mp4,1,FAKE,Face2Face,526
845_846,/Users/nihaldastagiri/Desktop/Major Project/FaceForensics++_C23/Face2Face/845_846.mp4,1,FAKE,Face2Face,845
137_165,/Users/nihaldastagiri/Desktop/Major Project/FaceForensics++_C23/Face2Face/137_165.mp4,1,FAKE,Face2Face,137
355_748,/Users/nihaldastagiri/Desktop/Major Project/FaceForensics++_C23/Face2Face/355_748.mp4,1,FAKE,Face2Face,355
365_307,/Users/nihaldastagiri/Desktop/Major Project/FaceForensics++_C23/Face2Face/365_307.mp4,1,FAKE,Face2Face,365
942_943,/Users/nihaldastagiri/Desktop/Major Project/FaceForensics++_C23/Face2Face/942_943.mp4,1,FAKE,Face2Face,942
749_659,/Users/nihaldastagiri/Desktop/Major Project/FaceForensics++_C23/Face2Face/749_659.mp4,1,FAKE,Face2Face,749
948_965,/Users/nihaldastagiri/Desktop/Major Project/FaceForensics++_C23/Face2Face/948_965.mp4,1,FAKE,Face2Face,948
829_808,/Users/nihaldastagiri/Desktop/Major Project/FaceForensics++_C23/Face2Face/829_808.mp4,1,FAKE,Face2Face,829
656_666,/Users/nihaldastagiri/Desktop/Major Project/FaceForensics++_C23/Face2Face/656_666.mp4,1,FAKE,Face2Face,656
199_181,/Users/nihaldastagiri/Desktop/Major Project/FaceForensics++_C23/Face2Face/199_181.mp4,1,FAKE,Face2Face,199
213_083,/Users/nihaldastagiri/Desktop/Major Project/FaceForensics++_C23/Face2Face/213_083.mp4,1,FAKE,Face2Face,213
408_424,/Users/nihaldastagiri/Desktop/Major Project/FaceForensics++_C23/Face2Face/408_424.mp4,1,FAKE,Face2Face,408
332_051,/Users/nihaldastagiri/Desktop/Major Project/FaceForensics++_C23/Face2Face/332_051.mp4,1,FAKE,Face2Face,332
208_215,/Users/nihaldastagiri/Desktop/Major Project/FaceForensics++_C23/Face2Face/208_215.mp4,1,FAKE,Face2Face,208
613_685,/Users/nihaldastagiri/Desktop/Major Project/FaceForensics++_C23/Face2Face/613_685.mp4,1,FAKE,Face2Face,613
078_955,/Users/nihaldastagiri/Desktop/Major Project/FaceForensics++_C23/Face2Face/078_955.mp4,1,FAKE,Face2Face,078
029_048,/Users/nihaldastagiri/Desktop/Major Project/FaceForensics++_C23/Face2Face/029_048.mp4,1,FAKE,Face2Face,029
535_587,/Users/nihaldastagiri/Desktop/Major Project/FaceForensics++_C23/Face2Face/535_587.mp4,1,FAKE,Face2Face,535
695_422,/Users/nihaldastagiri/Desktop/Major Project/FaceForensics++_C23/Face2Face/695_422.mp4,1,FAKE,Face2Face,695
557_560,/Users/nihaldastagiri/Desktop/Major Project/FaceForensics++_C23/Face2Face/557_560.mp4,1,FAKE,Face2Face,557
836_950,/Users/nihaldastagiri/Desktop/Major Project/FaceForensics++_C23/Face2Face/836_950.mp4,1,FAKE,Face2Face,836
596_609,/Users/nihaldastagiri/Desktop/Major Project/FaceForensics++_C23/Face2Face/596_609.mp4,1,FAKE,Face2Face,596
165_137,/Users/nihaldastagiri/Desktop/Major Project/FaceForensics++_C23/Face2Face/165_137.mp4,1,FAKE,Face2Face,165
918_934,/Users/nihaldastagiri/Desktop/Major Project/FaceForensics++_C23/Face2Face/918_934.mp4,1,FAKE,Face2Face,918
495_512,/Users/nihaldastagiri/Desktop/Major Project/FaceForensics++_C23/Face2Face/495_512.mp4,1,FAKE,Face2Face,495
824_419,/Users/nihaldastagiri/Desktop/Major Project/FaceForensics++_C23/Face2Face/824_419.mp4,1,FAKE,Face2Face,824
065_089,/Users/nihaldastagiri/Desktop/Major Project/FaceForensics++_C23/Face2Face/065_089.mp4,1,FAKE,Face2Face,065
141_161,/Users/nihaldastagiri/Desktop/Major Project/FaceForensics++_C23/Face2Face/141_161.mp4,1,FAKE,Face2Face,141
925_933,/Users/nihaldastagiri/Desktop/Major Project/FaceForensics++_C23/Face2Face/925_933.mp4,1,FAKE,Face2Face,925
827_817,/Users/nihaldastagiri/Desktop/Major Project/FaceForensics++_C23/Face2Face/827_817.mp4,1,FAKE,Face2Face,827
655_444,/Users/nihaldastagiri/Desktop/Major Project/FaceForensics++_C23/Face2Face/655_444.mp4,1,FAKE,Face2Face,655
331_260,/Users/nihaldastagiri/Desktop/Major Project/FaceForensics++_C23/Face2Face/331_260.mp4,1,FAKE,Face2Face,331
664_668,/Users/nihaldastagiri/Desktop/Major Project/FaceForensics++_C23/Face2Face/664_668.mp4,1,FAKE,Face2Face,664
249_280,/Users/nihaldastagiri/Desktop/Major Project/FaceForensics++_C23/Face2Face/249_280.mp4,1,FAKE,Face2Face,249
907_795,/Users/nihaldastagiri/Desktop/Major Project/FaceForensics++_C23/Face2Face/907_795.mp4,1,FAKE,Face2Face,907
708_772,/Users/nihaldastagiri/Desktop/Major Project/FaceForensics++_C23/Face2Face/708_772.mp4,1,FAKE,Face2Face,708
305_513,/Users/nihaldastagiri/Desktop/Major Project/FaceForensics++_C23/Face2Face/305_513.mp4,1,FAKE,Face2Face,305
734_699,/Users/nihaldastagiri/Desktop/Major Project/FaceForensics++_C23/Face2Face/734_699.mp4,1,FAKE,Face2Face,734
975_978,/Users/nihaldastagiri/Desktop/Major Project/FaceForensics++_C23/Face2Face/975_978.mp4,1,FAKE,Face2Face,975
049_946,/Users/nihaldastagiri/Desktop/Major Project/FaceForensics++_C23/Face2Face/049_946.mp4,1,FAKE,Face2Face,049
896_128,/Users/nihaldastagiri/Desktop/Major Project/FaceForensics++_C23/Face2Face/896_128.mp4,1,FAKE,Face2Face,896
002_006,/Users/nihaldastagiri/Desktop/Major Project/FaceForensics++_C23/Face2Face/002_006.mp4,1,FAKE,Face2Face,002
544_532,/Users/nihaldastagiri/Desktop/Major Project/FaceForensics++_C23/Face2Face/544_532.mp4,1,FAKE,Face2Face,544
350_349,/Users/nihaldastagiri/Desktop/Major Project/FaceForensics++_C23/Face2Face/350_349.mp4,1,FAKE,Face2Face,350
904_046,/Users/nihaldastagiri/Desktop/Major Project/FaceForensics++_C23/Face2Face/904_046.mp4,1,FAKE,Face2Face,904
536_540,/Users/nihaldastagiri/Desktop/Major Project/FaceForensics++_C23/Face2Face/536_540.mp4,1,FAKE,Face2Face,536
344_020,/Users/nihaldastagiri/Desktop/Major Project/FaceForensics++_C23/Face2Face/344_020.mp4,1,FAKE,Face2Face,344
994_986,/Users/nihaldastagiri/Desktop/Major Project/FaceForensics++_C23/Face2Face/994_986.mp4,1,FAKE,Face2Face,994
481_469,/Users/nihaldastagiri/Desktop/Major Project/FaceForensics++_C23/Face2Face/481_469.mp4,1,FAKE,Face2Face,481
575_603,/Users/nihaldastagiri/Desktop/Major Project/FaceForensics++_C23/Face2Face/575_603.mp4,1,FAKE,Face2Face,575
033_097,/Users/nihaldastagiri/Desktop/Major Project/FaceForensics++_C23/Face2Face/033_097.mp4,1,FAKE,Face2Face,033
031_163,/Users/nihaldastagiri/Desktop/Major Project/FaceForensics++_C23/Face2Face/031_163.mp4,1,FAKE,Face2Face,031
231_663,/Users/nihaldastagiri/Desktop/Major Project/FaceForensics++_C23/Face2Face/231_663.mp4,1,FAKE,Face2Face,231
963_879,/Users/nihaldastagiri/Desktop/Major Project/FaceForensics++_C23/Face2Face/963_879.mp4,1,FAKE,Face2Face,963
192_134,/Users/nihaldastagiri/Desktop/Major Project/FaceForensics++_C23/Face2Face/192_134.mp4,1,FAKE,Face2Face,192
333_377,/Users/nihaldastagiri/Desktop/Major Project/FaceForensics++_C23/Face2Face/333_377.mp4,1,FAKE,Face2Face,333
003_000,/Users/nihaldastagiri/Desktop/Major Project/FaceForensics++_C23/Face2Face/003_000.mp4,1,FAKE,Face2Face,003
204_230,/Users/nihaldastagiri/Desktop/Major Project/FaceForensics++_C23/Face2Face/204_230.mp4,1,FAKE,Face2Face,204
514_443,/Users/nihaldastagiri/Desktop/Major Project/FaceForensics++_C23/Face2Face/514_443.mp4,1,FAKE,Face2Face,514
799_809,/Users/nihaldastagiri/Desktop/Major Project/FaceForensics++_C23/Face2Face/799_809.mp4,1,FAKE,Face2Face,799
306_278,/Users/nihaldastagiri/Desktop/Major Project/FaceForensics++_C23/Face2Face/306_278.mp4,1,FAKE,Face2Face,306
109_107,/Users/nihaldastagiri/Desktop/Major Project/FaceForensics++_C23/Face2Face/109_107.mp4,1,FAKE,Face2Face,109
430_459,/Users/nihaldastagiri/Desktop/Major Project/FaceForensics++_C23/Face2Face/430_459.mp4,1,FAKE,Face2Face,430
077_100,/Users/nihaldastagiri/Desktop/Major Project/FaceForensics++_C23/Face2Face/077_100.mp4,1,FAKE,Face2Face,077
084_042,/Users/nihaldastagiri/Desktop/Major Project/FaceForensics++_C23/Face2Face/084_042.mp4,1,FAKE,Face2Face,084
286_267,/Users/nihaldastagiri/Desktop/Major Project/FaceForensics++_C23/Face2Face/286_267.mp4,1,FAKE,Face2Face,286
082_103,/Users/nihaldastagiri/Desktop/Major Project/FaceForensics++_C23/Face2Face/082_103.mp4,1,FAKE,Face2Face,082
991_064,/Users/nihaldastagiri/Desktop/Major Project/FaceForensics++_C23/Face2Face/991_064.mp4,1,FAKE,Face2Face,991
789_753,/Users/nihaldastagiri/Desktop/Major Project/FaceForensics++_C23/Face2Face/789_753.mp4,1,FAKE,Face2Face,789
894_848,/Users/nihaldastagiri/Desktop/Major Project/FaceForensics++_C23/Face2Face/894_848.mp4,1,FAKE,Face2Face,894
398_457,/Users/nihaldastagiri/Desktop/Major Project/FaceForensics++_C23/Face2Face/398_457.mp4,1,FAKE,Face2Face,398
323_302,/Users/nihaldastagiri/Desktop/Major Project/FaceForensics++_C23/Face2Face/323_302.mp4,1,FAKE,Face2Face,323
519_515,/Users/nihaldastagiri/Desktop/Major Project/FaceForensics++_C23/Face2Face/519_515.mp4,1,FAKE,Face2Face,519
916_783,/Users/nihaldastagiri/Desktop/Major Project/FaceForensics++_C23/Face2Face/916_783.mp4,1,FAKE,Face2Face,916
922_898,/Users/nihaldastagiri/Desktop/Major Project/FaceForensics++_C23/Face2Face/922_898.mp4,1,FAKE,Face2Face,922
005_010,/Users/nihaldastagiri/Desktop/Major Project/FaceForensics++_C23/Face2Face/005_010.mp4,1,FAKE,Face2Face,005
731_741,/Users/nihaldastagiri/Desktop/Major Project/FaceForensics++_C23/Face2Face/731_741.mp4,1,FAKE,Face2Face,731
465_482,/Users/nihaldastagiri/Desktop/Major Project/FaceForensics++_C23/Face2Face/465_482.mp4,1,FAKE,Face2Face,465
097_033,/Users/nihaldastagiri/Desktop/Major Project/FaceForensics++_C23/Face2Face/097_033.mp4,1,FAKE,Face2Face,097
266_252,/Users/nihaldastagiri/Desktop/Major Project/FaceForensics++_C23/Face2Face/266_252.mp4,1,FAKE,Face2Face,266
357_432,/Users/nihaldastagiri/Desktop/Major Project/FaceForensics++_C23/Face2Face/357_432.mp4,1,FAKE,Face2Face,357
868_949,/Users/nihaldastagiri/Desktop/Major Project/FaceForensics++_C23/Face2Face/868_949.mp4,1,FAKE,Face2Face,868
798_778,/Users/nihaldastagiri/Desktop/Major Project/FaceForensics++_C23/Face2Face/798_778.mp4,1,FAKE,Face2Face,798
380_358,/Users/nihaldastagiri/Desktop/Major Project/FaceForensics++_C23/Face2Face/380_358.mp4,1,FAKE,Face2Face,380
631_551,/Users/nihaldastagiri/Desktop/Major Project/FaceForensics++_C23/Face2Face/631_551.mp4,1,FAKE,Face2Face,631
381_376,/Users/nihaldastagiri/Desktop/Major Project/FaceForensics++_C23/Face2Face/381_376.mp4,1,FAKE,Face2Face,381
490_534,/Users/nihaldastagiri/Desktop/Major Project/FaceForensics++_C23/Face2Face/490_534.mp4,1,FAKE,Face2Face,490
118_120,/Users/nihaldastagiri/Desktop/Major Project/FaceForensics++_C23/Face2Face/118_120.mp4,1,FAKE,Face2Face,118
900_926,/Users/nihaldastagiri/Desktop/Major Project/FaceForensics++_C23/Face2Face/900_926.mp4,1,FAKE,Face2Face,900
250_461,/Users/nihaldastagiri/Desktop/Major Project/FaceForensics++_C23/Face2Face/250_461.mp4,1,FAKE,Face2Face,250
523_541,/Users/nihaldastagiri/Desktop/Major Project/FaceForensics++_C23/Face2Face/523_541.mp4,1,FAKE,Face2Face,523
009_027,/Users/nihaldastagiri/Desktop/Major Project/FaceForensics++_C23/Face2Face/009_027.mp4,1,FAKE,Face2Face,009
196_310,/Users/nihaldastagiri/Desktop/Major Project/FaceForensics++_C23/Face2Face/196_310.mp4,1,FAKE,Face2Face,196
603_575,/Users/nihaldastagiri/Desktop/Major Project/FaceForensics++_C23/Face2Face/603_575.mp4,1,FAKE,Face2Face,603
081_087,/Users/nihaldastagiri/Desktop/Major Project/FaceForensics++_C23/Face2Face/081_087.mp4,1,FAKE,Face2Face,081
783_916,/Users/nihaldastagiri/Desktop/Major Project/FaceForensics++_C23/Face2Face/783_916.mp4,1,FAKE,Face2Face,783
587_535,/Users/nihaldastagiri/Desktop/Major Project/FaceForensics++_C23/Face2Face/587_535.mp4,1,FAKE,Face2Face,587
797_844,/Users/nihaldastagiri/Desktop/Major Project/FaceForensics++_C23/Face2Face/797_844.mp4,1,FAKE,Face2Face,797
239_218,/Users/nihaldastagiri/Desktop/Major Project/FaceForensics++_C23/Face2Face/239_218.mp4,1,FAKE,Face2Face,239
290_240,/Users/nihaldastagiri/Desktop/Major Project/FaceForensics++_C23/Face2Face/290_240.mp4,1,FAKE,Face2Face,290
211_177,/Users/nihaldastagiri/Desktop/Major Project/FaceForensics++_C23/Face2Face/211_177.mp4,1,FAKE,Face2Face,211
717_684,/Users/nihaldastagiri/Desktop/Major Project/FaceForensics++_C23/Face2Face/717_684.mp4,1,FAKE,Face2Face,717
359_317,/Users/nihaldastagiri/Desktop/Major Project/FaceForensics++_C23/Face2Face/359_317.mp4,1,FAKE,Face2Face,359
449_451,/Users/nihaldastagiri/Desktop/Major Project/FaceForensics++_C23/Face2Face/449_451.mp4,1,FAKE,Face2Face,449
227_169,/Users/nihaldastagiri/Desktop/Major Project/FaceForensics++_C23/Face2Face/227_169.mp4,1,FAKE,Face2Face,227
950_836,/Users/nihaldastagiri/Desktop/Major Project/FaceForensics++_C23/Face2Face/950_836.mp4,1,FAKE,Face2Face,950
946_049,/Users/nihaldastagiri/Desktop/Major Project/FaceForensics++_C23/Face2Face/946_049.mp4,1,FAKE,Face2Face,946
796_740,/Users/nihaldastagiri/Desktop/Major Project/FaceForensics++_C23/Face2Face/796_740.mp4,1,FAKE,Face2Face,796
501_326,/Users/nihaldastagiri/Desktop/Major Project/FaceForensics++_C23/Face2Face/501_326.mp4,1,FAKE,Face2Face,501
464_463,/Users/nihaldastagiri/Desktop/Major Project/FaceForensics++_C23/Face2Face/464_463.mp4,1,FAKE,Face2Face,464
362_354,/Users/nihaldastagiri/Desktop/Major Project/FaceForensics++_C23/Face2Face/362_354.mp4,1,FAKE,Face2Face,362
468_470,/Users/nihaldastagiri/Desktop/Major Project/FaceForensics++_C23/Face2Face/468_470.mp4,1,FAKE,Face2Face,468
935_733,/Users/nihaldastagiri/Desktop/Major Project/FaceForensics++_C23/Face2Face/935_733.mp4,1,FAKE,Face2Face,935
428_466,/Users/nihaldastagiri/Desktop/Major Project/FaceForensics++_C23/Face2Face/428_466.mp4,1,FAKE,Face2Face,428
007_132,/Users/nihaldastagiri/Desktop/Major Project/FaceForensics++_C23/Face2Face/007_132.mp4,1,FAKE,Face2Face,007
155_576,/Users/nihaldastagiri/Desktop/Major Project/FaceForensics++_C23/Face2Face/155_576.mp4,1,FAKE,Face2Face,155
541_523,/Users/nihaldastagiri/Desktop/Major Project/FaceForensics++_C23/Face2Face/541_523.mp4,1,FAKE,Face2Face,541
440_364,/Users/nihaldastagiri/Desktop/Major Project/FaceForensics++_C23/Face2Face/440_364.mp4,1,FAKE,Face2Face,440
482_465,/Users/nihaldastagiri/Desktop/Major Project/FaceForensics++_C23/Face2Face/482_465.mp4,1,FAKE,Face2Face,482
422_695,/Users/nihaldastagiri/Desktop/Major Project/FaceForensics++_C23/Face2Face/422_695.mp4,1,FAKE,Face2Face,422
778_798,/Users/nihaldastagiri/Desktop/Major Project/FaceForensics++_C23/Face2Face/778_798.mp4,1,FAKE,Face2Face,778
949_868,/Users/nihaldastagiri/Desktop/Major Project/FaceForensics++_C23/Face2Face/949_868.mp4,1,FAKE,Face2Face,949
334_318,/Users/nihaldastagiri/Desktop/Major Project/FaceForensics++_C23/Face2Face/334_318.mp4,1,FAKE,Face2Face,334
576_155,/Users/nihaldastagiri/Desktop/Major Project/FaceForensics++_C23/Face2Face/576_155.mp4,1,FAKE,Face2Face,576
934_918,/Users/nihaldastagiri/Desktop/Major Project/FaceForensics++_C23/Face2Face/934_918.mp4,1,FAKE,Face2Face,934
567_606,/Users/nihaldastagiri/Desktop/Major Project/FaceForensics++_C23/Face2Face/567_606.mp4,1,FAKE,Face2Face,567
594_530,/Users/nihaldastagiri/Desktop/Major Project/FaceForensics++_C23/Face2Face/594_530.mp4,1,FAKE,Face2Face,594
530_594,/Users/nihaldastagiri/Desktop/Major Project/FaceForensics++_C23/Face2Face/530_594.mp4,1,FAKE,Face2Face,530
581_697,/Users/nihaldastagiri/Desktop/Major Project/FaceForensics++_C23/Face2Face/581_697.mp4,1,FAKE,Face2Face,581
707_705,/Users/nihaldastagiri/Desktop/Major Project/FaceForensics++_C23/Face2Face/707_705.mp4,1,FAKE,Face2Face,707
448_361,/Users/nihaldastagiri/Desktop/Major Project/FaceForensics++_C23/Face2Face/448_361.mp4,1,FAKE,Face2Face,448
453_402,/Users/nihaldastagiri/Desktop/Major Project/FaceForensics++_C23/Face2Face/453_402.mp4,1,FAKE,Face2Face,453
228_289,/Users/nihaldastagiri/Desktop/Major Project/FaceForensics++_C23/Face2Face/228_289.mp4,1,FAKE,Face2Face,228
352_319,/Users/nihaldastagiri/Desktop/Major Project/FaceForensics++_C23/Face2Face/352_319.mp4,1,FAKE,Face2Face,352
728_673,/Users/nihaldastagiri/Desktop/Major Project/FaceForensics++_C23/Face2Face/728_673.mp4,1,FAKE,Face2Face,728
212_179,/Users/nihaldastagiri/Desktop/Major Project/FaceForensics++_C23/Face2Face/212_179.mp4,1,FAKE,Face2Face,212
079_076,/Users/nihaldastagiri/Desktop/Major Project/FaceForensics++_C23/Face2Face/079_076.mp4,1,FAKE,Face2Face,079
148_133,/Users/nihaldastagiri/Desktop/Major Project/FaceForensics++_C23/Face2Face/148_133.mp4,1,FAKE,Face2Face,148
302_323,/Users/nihaldastagiri/Desktop/Major Project/FaceForensics++_C23/Face2Face/302_323.mp4,1,FAKE,Face2Face,302
628_568,/Users/nihaldastagiri/Desktop/Major Project/FaceForensics++_C23/Face2Face/628_568.mp4,1,FAKE,Face2Face,628
777_745,/Users/nihaldastagiri/Desktop/Major Project/FaceForensics++_C23/Face2Face/777_745.mp4,1,FAKE,Face2Face,777
506_478,/Users/nihaldastagiri/Desktop/Major Project/FaceForensics++_C23/Face2Face/506_478.mp4,1,FAKE,Face2Face,506
342_416,/Users/nihaldastagiri/Desktop/Major Project/FaceForensics++_C23/Face2Face/342_416.mp4,1,FAKE,Face2Face,342
485_425,/Users/nihaldastagiri/Desktop/Major Project/FaceForensics++_C23/Face2Face/485_425.mp4,1,FAKE,Face2Face,485
711_681,/Users/nihaldastagiri/Desktop/Major Project/FaceForensics++_C23/Face2Face/711_681.mp4,1,FAKE,Face2Face,711
133_148,/Users/nihaldastagiri/Desktop/Major Project/FaceForensics++_C23/Face2Face/133_148.mp4,1,FAKE,Face2Face,133
703_604,/Users/nihaldastagiri/Desktop/Major Project/FaceForensics++_C23/Face2Face/703_604.mp4,1,FAKE,Face2Face,703
311_387,/Users/nihaldastagiri/Desktop/Major Project/FaceForensics++_C23/Face2Face/311_387.mp4,1,FAKE,Face2Face,311
722_458,/Users/nihaldastagiri/Desktop/Major Project/FaceForensics++_C23/Face2Face/722_458.mp4,1,FAKE,Face2Face,722
629_618,/Users/nihaldastagiri/Desktop/Major Project/FaceForensics++_C23/Face2Face/629_618.mp4,1,FAKE,Face2Face,629
000_003,/Users/nihaldastagiri/Desktop/Major Project/FaceForensics++_C23/Face2Face/000_003.mp4,1,FAKE,Face2Face,000
316_369,/Users/nihaldastagiri/Desktop/Major Project/FaceForensics++_C23/Face2Face/316_369.mp4,1,FAKE,Face2Face,316
706_479,/Users/nihaldastagiri/Desktop/Major Project/FaceForensics++_C23/Face2Face/706_479.mp4,1,FAKE,Face2Face,706
547_574,/Users/nihaldastagiri/Desktop/Major Project/FaceForensics++_C23/Face2Face/547_574.mp4,1,FAKE,Face2Face,547
872_873,/Users/nihaldastagiri/Desktop/Major Project/FaceForensics++_C23/Face2Face/872_873.mp4,1,FAKE,Face2Face,872
532_544,/Users/nihaldastagiri/Desktop/Major Project/FaceForensics++_C23/Face2Face/532_544.mp4,1,FAKE,Face2Face,532
477_487,/Users/nihaldastagiri/Desktop/Major Project/FaceForensics++_C23/Face2Face/477_487.mp4,1,FAKE,Face2Face,477
404_429,/Users/nihaldastagiri/Desktop/Major Project/FaceForensics++_C23/Face2Face/404_429.mp4,1,FAKE,Face2Face,404
172_582,/Users/nihaldastagiri/Desktop/Major Project/FaceForensics++_C23/Face2Face/172_582.mp4,1,FAKE,Face2Face,172
125_038,/Users/nihaldastagiri/Desktop/Major Project/FaceForensics++_C23/Face2Face/125_038.mp4,1,FAKE,Face2Face,125
394_373,/Users/nihaldastagiri/Desktop/Major Project/FaceForensics++_C23/Face2Face/394_373.mp4,1,FAKE,Face2Face,394
420_257,/Users/nihaldastagiri/Desktop/Major Project/FaceForensics++_C23/Face2Face/420_257.mp4,1,FAKE,Face2Face,420
552_851,/Users/nihaldastagiri/Desktop/Major Project/FaceForensics++_C23/Face2Face/552_851.mp4,1,FAKE,Face2Face,552
903_792,/Users/nihaldastagiri/Desktop/Major Project/FaceForensics++_C23/Face2Face/903_792.mp4,1,FAKE,Face2Face,903
090_086,/Users/nihaldastagiri/Desktop/Major Project/FaceForensics++_C23/Face2Face/090_086.mp4,1,FAKE,Face2Face,090
939_115,/Users/nihaldastagiri/Desktop/Major Project/FaceForensics++_C23/Face2Face/939_115.mp4,1,FAKE,Face2Face,939
181_199,/Users/nihaldastagiri/Desktop/Major Project/FaceForensics++_C23/Face2Face/181_199.mp4,1,FAKE,Face2Face,181
274_412,/Users/nihaldastagiri/Desktop/Major Project/FaceForensics++_C23/Face2Face/274_412.mp4,1,FAKE,Face2Face,274
895_915,/Users/nihaldastagiri/Desktop/Major Project/FaceForensics++_C23/Face2Face/895_915.mp4,1,FAKE,Face2Face,895
069_961,/Users/nihaldastagiri/Desktop/Major Project/FaceForensics++_C23/Face2Face/069_961.mp4,1,FAKE,Face2Face,069
291_874,/Users/nihaldastagiri/Desktop/Major Project/FaceForensics++_C23/Face2Face/291_874.mp4,1,FAKE,Face2Face,291
131_518,/Users/nihaldastagiri/Desktop/Major Project/FaceForensics++_C23/Face2Face/131_518.mp4,1,FAKE,Face2Face,131
300_304,/Users/nihaldastagiri/Desktop/Major Project/FaceForensics++_C23/Face2Face/300_304.mp4,1,FAKE,Face2Face,300
424_408,/Users/nihaldastagiri/Desktop/Major Project/FaceForensics++_C23/Face2Face/424_408.mp4,1,FAKE,Face2Face,424
326_501,/Users/nihaldastagiri/Desktop/Major Project/FaceForensics++_C23/Face2Face/326_501.mp4,1,FAKE,Face2Face,326
144_122,/Users/nihaldastagiri/Desktop/Major Project/FaceForensics++_C23/Face2Face/144_122.mp4,1,FAKE,Face2Face,144
423_421,/Users/nihaldastagiri/Desktop/Major Project/FaceForensics++_C23/Face2Face/423_421.mp4,1,FAKE,Face2Face,423
580_524,/Users/nihaldastagiri/Desktop/Major Project/FaceForensics++_C23/Face2Face/580_524.mp4,1,FAKE,Face2Face,580
135_880,/Users/nihaldastagiri/Desktop/Major Project/FaceForensics++_C23/Face2Face/135_880.mp4,1,FAKE,Face2Face,135
450_533,/Users/nihaldastagiri/Desktop/Major Project/FaceForensics++_C23/Face2Face/450_533.mp4,1,FAKE,Face2Face,450
164_216,/Users/nihaldastagiri/Desktop/Major Project/FaceForensics++_C23/Face2Face/164_216.mp4,1,FAKE,Face2Face,164
028_068,/Users/nihaldastagiri/Desktop/Major Project/FaceForensics++_C23/Face2Face/028_068.mp4,1,FAKE,Face2Face,028
773_652,/Users/nihaldastagiri/Desktop/Major Project/FaceForensics++_C23/Face2Face/773_652.mp4,1,FAKE,Face2Face,773
193_030,/Users/nihaldastagiri/Desktop/Major Project/FaceForensics++_C23/Face2Face/193_030.mp4,1,FAKE,Face2Face,193
388_308,/Users/nihaldastagiri/Desktop/Major Project/FaceForensics++_C23/Face2Face/388_308.mp4,1,FAKE,Face2Face,388
852_834,/Users/nihaldastagiri/Desktop/Major Project/FaceForensics++_C23/Face2Face/852_834.mp4,1,FAKE,Face2Face,852
169_227,/Users/nihaldastagiri/Desktop/Major Project/FaceForensics++_C23/Face2Face/169_227.mp4,1,FAKE,Face2Face,169
705_707,/Users/nihaldastagiri/Desktop/Major Project/FaceForensics++_C23/Face2Face/705_707.mp4,1,FAKE,Face2Face,705
140_143,/Users/nihaldastagiri/Desktop/Major Project/FaceForensics++_C23/Face2Face/140_143.mp4,1,FAKE,Face2Face,140
173_171,/Users/nihaldastagiri/Desktop/Major Project/FaceForensics++_C23/Face2Face/173_171.mp4,1,FAKE,Face2Face,173
006_002,/Users/nihaldastagiri/Desktop/Major Project/FaceForensics++_C23/Face2Face/006_002.mp4,1,FAKE,Face2Face,006
745_777,/Users/nihaldastagiri/Desktop/Major Project/FaceForensics++_C23/Face2Face/745_777.mp4,1,FAKE,Face2Face,745
478_506,/Users/nihaldastagiri/Desktop/Major Project/FaceForensics++_C23/Face2Face/478_506.mp4,1,FAKE,Face2Face,478
073_024,/Users/nihaldastagiri/Desktop/Major Project/FaceForensics++_C23/Face2Face/073_024.mp4,1,FAKE,Face2Face,073
910_911,/Users/nihaldastagiri/Desktop/Major Project/FaceForensics++_C23/Face2Face/910_911.mp4,1,FAKE,Face2Face,910
813_700,/Users/nihaldastagiri/Desktop/Major Project/FaceForensics++_C23/Face2Face/813_700.mp4,1,FAKE,Face2Face,813
238_282,/Users/nihaldastagiri/Desktop/Major Project/FaceForensics++_C23/Face2Face/238_282.mp4,1,FAKE,Face2Face,238
145_299,/Users/nihaldastagiri/Desktop/Major Project/FaceForensics++_C23/Face2Face/145_299.mp4,1,FAKE,Face2Face,145
792_903,/Users/nihaldastagiri/Desktop/Major Project/FaceForensics++_C23/Face2Face/792_903.mp4,1,FAKE,Face2Face,792
234_187,/Users/nihaldastagiri/Desktop/Major Project/FaceForensics++_C23/Face2Face/234_187.mp4,1,FAKE,Face2Face,234
220_219,/Users/nihaldastagiri/Desktop/Major Project/FaceForensics++_C23/Face2Face/220_219.mp4,1,FAKE,Face2Face,220
923_023,/Users/nihaldastagiri/Desktop/Major Project/FaceForensics++_C23/Face2Face/923_023.mp4,1,FAKE,Face2Face,923
500_592,/Users/nihaldastagiri/Desktop/Major Project/FaceForensics++_C23/Face2Face/500_592.mp4,1,FAKE,Face2Face,500
132_007,/Users/nihaldastagiri/Desktop/Major Project/FaceForensics++_C23/Face2Face/132_007.mp4,1,FAKE,Face2Face,132
990_008,/Users/nihaldastagiri/Desktop/Major Project/FaceForensics++_C23/Face2Face/990_008.mp4,1,FAKE,Face2Face,990
774_735,/Users/nihaldastagiri/Desktop/Major Project/FaceForensics++_C23/Face2Face/774_735.mp4,1,FAKE,Face2Face,774
185_276,/Users/nihaldastagiri/Desktop/Major Project/FaceForensics++_C23/Face2Face/185_276.mp4,1,FAKE,Face2Face,185
041_063,/Users/nihaldastagiri/Desktop/Major Project/FaceForensics++_C23/Face2Face/041_063.mp4,1,FAKE,Face2Face,041
696_686,/Users/nihaldastagiri/Desktop/Major Project/FaceForensics++_C23/Face2Face/696_686.mp4,1,FAKE,Face2Face,696
108_052,/Users/nihaldastagiri/Desktop/Major Project/FaceForensics++_C23/Face2Face/108_052.mp4,1,FAKE,Face2Face,108
588_556,/Users/nihaldastagiri/Desktop/Major Project/FaceForensics++_C23/Face2Face/588_556.mp4,1,FAKE,Face2Face,588
056_996,/Users/nihaldastagiri/Desktop/Major Project/FaceForensics++_C23/Face2Face/056_996.mp4,1,FAKE,Face2Face,056
405_393,/Users/nihaldastagiri/Desktop/Major Project/FaceForensics++_C23/Face2Face/405_393.mp4,1,FAKE,Face2Face,405
442_195,/Users/nihaldastagiri/Desktop/Major Project/FaceForensics++_C23/Face2Face/442_195.mp4,1,FAKE,Face2Face,442
757_573,/Users/nihaldastagiri/Desktop/Major Project/FaceForensics++_C23/Face2Face/757_573.mp4,1,FAKE,Face2Face,757
997_040,/Users/nihaldastagiri/Desktop/Major Project/FaceForensics++_C23/Face2Face/997_040.mp4,1,FAKE,Face2Face,997
024_073,/Users/nihaldastagiri/Desktop/Major Project/FaceForensics++_C23/Face2Face/024_073.mp4,1,FAKE,Face2Face,024
467_462,/Users/nihaldastagiri/Desktop/Major Project/FaceForensics++_C23/Face2Face/467_462.mp4,1,FAKE,Face2Face,467
539_499,/Users/nihaldastagiri/Desktop/Major Project/FaceForensics++_C23/Face2Face/539_499.mp4,1,FAKE,Face2Face,539
531_549,/Users/nihaldastagiri/Desktop/Major Project/FaceForensics++_C23/Face2Face/531_549.mp4,1,FAKE,Face2Face,531
618_629,/Users/nihaldastagiri/Desktop/Major Project/FaceForensics++_C23/Face2Face/618_629.mp4,1,FAKE,Face2Face,618
694_767,/Users/nihaldastagiri/Desktop/Major Project/FaceForensics++_C23/Face2Face/694_767.mp4,1,FAKE,Face2Face,694
926_900,/Users/nihaldastagiri/Desktop/Major Project/FaceForensics++_C23/Face2Face/926_900.mp4,1,FAKE,Face2Face,926
338_336,/Users/nihaldastagiri/Desktop/Major Project/FaceForensics++_C23/Face2Face/338_336.mp4,1,FAKE,Face2Face,338
051_332,/Users/nihaldastagiri/Desktop/Major Project/FaceForensics++_C23/Face2Face/051_332.mp4,1,FAKE,Face2Face,051
507_418,/Users/nihaldastagiri/Desktop/Major Project/FaceForensics++_C23/Face2Face/507_418.mp4,1,FAKE,Face2Face,507
516_555,/Users/nihaldastagiri/Desktop/Major Project/FaceForensics++_C23/Face2Face/516_555.mp4,1,FAKE,Face2Face,516
920_811,/Users/nihaldastagiri/Desktop/Major Project/FaceForensics++_C23/Face2Face/920_811.mp4,1,FAKE,Face2Face,920
781_806,/Users/nihaldastagiri/Desktop/Major Project/FaceForensics++_C23/Face2Face/781_806.mp4,1,FAKE,Face2Face,781
264_271,/Users/nihaldastagiri/Desktop/Major Project/FaceForensics++_C23/Face2Face/264_271.mp4,1,FAKE,Face2Face,264
817_827,/Users/nihaldastagiri/Desktop/Major Project/FaceForensics++_C23/Face2Face/817_827.mp4,1,FAKE,Face2Face,817
710_788,/Users/nihaldastagiri/Desktop/Major Project/FaceForensics++_C23/Face2Face/710_788.mp4,1,FAKE,Face2Face,710
682_669,/Users/nihaldastagiri/Desktop/Major Project/FaceForensics++_C23/Face2Face/682_669.mp4,1,FAKE,Face2Face,682
832_762,/Users/nihaldastagiri/Desktop/Major Project/FaceForensics++_C23/Face2Face/832_762.mp4,1,FAKE,Face2Face,832
518_131,/Users/nihaldastagiri/Desktop/Major Project/FaceForensics++_C23/Face2Face/518_131.mp4,1,FAKE,Face2Face,518
447_431,/Users/nihaldastagiri/Desktop/Major Project/FaceForensics++_C23/Face2Face/447_431.mp4,1,FAKE,Face2Face,447
018_019,/Users/nihaldastagiri/Desktop/Major Project/FaceForensics++_C23/Face2Face/018_019.mp4,1,FAKE,Face2Face,018
715_721,/Users/nihaldastagiri/Desktop/Major Project/FaceForensics++_C23/Face2Face/715_721.mp4,1,FAKE,Face2Face,715
483_370,/Users/nihaldastagiri/Desktop/Major Project/FaceForensics++_C23/Face2Face/483_370.mp4,1,FAKE,Face2Face,483
568_628,/Users/nihaldastagiri/Desktop/Major Project/FaceForensics++_C23/Face2Face/568_628.mp4,1,FAKE,Face2Face,568
433_498,/Users/nihaldastagiri/Desktop/Major Project/FaceForensics++_C23/Face2Face/433_498.mp4,1,FAKE,Face2Face,433
367_371,/Users/nihaldastagiri/Desktop/Major Project/FaceForensics++_C23/Face2Face/367_371.mp4,1,FAKE,Face2Face,367
083_213,/Users/nihaldastagiri/Desktop/Major Project/FaceForensics++_C23/Face2Face/083_213.mp4,1,FAKE,Face2Face,083
061_080,/Users/nihaldastagiri/Desktop/Major Project/FaceForensics++_C23/Face2Face/061_080.mp4,1,FAKE,Face2Face,061
638_640,/Users/nihaldastagiri/Desktop/Major Project/FaceForensics++_C23/Face2Face/638_640.mp4,1,FAKE,Face2Face,638
272_396,/Users/nihaldastagiri/Desktop/Major Project/FaceForensics++_C23/Face2Face/272_396.mp4,1,FAKE,Face2Face,272
285_136,/Users/nihaldastagiri/Desktop/Major Project/FaceForensics++_C23/Face2Face/285_136.mp4,1,FAKE,Face2Face,285
360_437,/Users/nihaldastagiri/Desktop/Major Project/FaceForensics++_C23/Face2Face/360_437.mp4,1,FAKE,Face2Face,360
354_362,/Users/nihaldastagiri/Desktop/Major Project/FaceForensics++_C23/Face2Face/354_362.mp4,1,FAKE,Face2Face,354
456_435,/Users/nihaldastagiri/Desktop/Major Project/FaceForensics++_C23/Face2Face/456_435.mp4,1,FAKE,Face2Face,456
278_306,/Users/nihaldastagiri/Desktop/Major Project/FaceForensics++_C23/Face2Face/278_306.mp4,1,FAKE,Face2Face,278
012_026,/Users/nihaldastagiri/Desktop/Major Project/FaceForensics++_C23/Face2Face/012_026.mp4,1,FAKE,Face2Face,012
182_242,/Users/nihaldastagiri/Desktop/Major Project/FaceForensics++_C23/Face2Face/182_242.mp4,1,FAKE,Face2Face,182
368_378,/Users/nihaldastagiri/Desktop/Major Project/FaceForensics++_C23/Face2Face/368_378.mp4,1,FAKE,Face2Face,368
881_856,/Users/nihaldastagiri/Desktop/Major Project/FaceForensics++_C23/Face2Face/881_856.mp4,1,FAKE,Face2Face,881
615_687,/Users/nihaldastagiri/Desktop/Major Project/FaceForensics++_C23/Face2Face/615_687.mp4,1,FAKE,Face2Face,615
223_586,/Users/nihaldastagiri/Desktop/Major Project/FaceForensics++_C23/Face2Face/223_586.mp4,1,FAKE,Face2Face,223
572_554,/Users/nihaldastagiri/Desktop/Major Project/FaceForensics++_C23/Face2Face/572_554.mp4,1,FAKE,Face2Face,572
970_973,/Users/nihaldastagiri/Desktop/Major Project/FaceForensics++_C23/Face2Face/970_973.mp4,1,FAKE,Face2Face,970
653_601,/Users/nihaldastagiri/Desktop/Major Project/FaceForensics++_C23/Face2Face/653_601.mp4,1,FAKE,Face2Face,653
545_553,/Users/nihaldastagiri/Desktop/Major Project/FaceForensics++_C23/Face2Face/545_553.mp4,1,FAKE,Face2Face,545
582_172,/Users/nihaldastagiri/Desktop/Major Project/FaceForensics++_C23/Face2Face/582_172.mp4,1,FAKE,Face2Face,582
633_529,/Users/nihaldastagiri/Desktop/Major Project/FaceForensics++_C23/Face2Face/633_529.mp4,1,FAKE,Face2Face,633
176_190,/Users/nihaldastagiri/Desktop/Major Project/FaceForensics++_C23/Face2Face/176_190.mp4,1,FAKE,Face2Face,176
665_679,/Users/nihaldastagiri/Desktop/Major Project/FaceForensics++_C23/Face2Face/665_679.mp4,1,FAKE,Face2Face,665
673_728,/Users/nihaldastagiri/Desktop/Major Project/FaceForensics++_C23/Face2Face/673_728.mp4,1,FAKE,Face2Face,673
585_599,/Users/nihaldastagiri/Desktop/Major Project/FaceForensics++_C23/Face2Face/585_599.mp4,1,FAKE,Face2Face,585
873_872,/Users/nihaldastagiri/Desktop/Major Project/FaceForensics++_C23/Face2Face/873_872.mp4,1,FAKE,Face2Face,873
393_405,/Users/nihaldastagiri/Desktop/Major Project/FaceForensics++_C23/Face2Face/393_405.mp4,1,FAKE,Face2Face,393
163_031,/Users/nihaldastagiri/Desktop/Major Project/FaceForensics++_C23/Face2Face/163_031.mp4,1,FAKE,Face2Face,163
248_232,/Users/nihaldastagiri/Desktop/Major Project/FaceForensics++_C23/Face2Face/248_232.mp4,1,FAKE,Face2Face,248
634_660,/Users/nihaldastagiri/Desktop/Major Project/FaceForensics++_C23/Face2Face/634_660.mp4,1,FAKE,Face2Face,634
885_802,/Users/nihaldastagiri/Desktop/Major Project/FaceForensics++_C23/Face2Face/885_802.mp4,1,FAKE,Face2Face,885
669_682,/Users/nihaldastagiri/Desktop/Major Project/FaceForensics++_C23/Face2Face/669_682.mp4,1,FAKE,Face2Face,669
375_251,/Users/nihaldastagiri/Desktop/Major Project/FaceForensics++_C23/Face2Face/375_251.mp4,1,FAKE,Face2Face,375
412_274,/Users/nihaldastagiri/Desktop/Major Project/FaceForensics++_C23/Face2Face/412_274.mp4,1,FAKE,Face2Face,412
074_825,/Users/nihaldastagiri/Desktop/Major Project/FaceForensics++_C23/Face2Face/074_825.mp4,1,FAKE,Face2Face,074
113_983,/Users/nihaldastagiri/Desktop/Major Project/FaceForensics++_C23/Face2Face/113_983.mp4,1,FAKE,Face2Face,113
598_178,/Users/nihaldastagiri/Desktop/Major Project/FaceForensics++_C23/Face2Face/598_178.mp4,1,FAKE,Face2Face,598
961_069,/Users/nihaldastagiri/Desktop/Major Project/FaceForensics++_C23/Face2Face/961_069.mp4,1,FAKE,Face2Face,961
390_709,/Users/nihaldastagiri/Desktop/Major Project/FaceForensics++_C23/Face2Face/390_709.mp4,1,FAKE,Face2Face,390
104_126,/Users/nihaldastagiri/Desktop/Major Project/FaceForensics++_C23/Face2Face/104_126.mp4,1,FAKE,Face2Face,104
114_102,/Users/nihaldastagiri/Desktop/Major Project/FaceForensics++_C23/Face2Face/114_102.mp4,1,FAKE,Face2Face,114
417_496,/Users/nihaldastagiri/Desktop/Major Project/FaceForensics++_C23/Face2Face/417_496.mp4,1,FAKE,Face2Face,417
525_509,/Users/nihaldastagiri/Desktop/Major Project/FaceForensics++_C23/Face2Face/525_509.mp4,1,FAKE,Face2Face,525
457_398,/Users/nihaldastagiri/Desktop/Major Project/FaceForensics++_C23/Face2Face/457_398.mp4,1,FAKE,Face2Face,457
409_382,/Users/nihaldastagiri/Desktop/Major Project/FaceForensics++_C23/Face2Face/409_382.mp4,1,FAKE,Face2Face,409
092_098,/Users/nihaldastagiri/Desktop/Major Project/FaceForensics++_C23/Face2Face/092_098.mp4,1,FAKE,Face2Face,092
930_763,/Users/nihaldastagiri/Desktop/Major Project/FaceForensics++_C23/Face2Face/930_763.mp4,1,FAKE,Face2Face,930
089_065,/Users/nihaldastagiri/Desktop/Major Project/FaceForensics++_C23/Face2Face/089_065.mp4,1,FAKE,Face2Face,089
336_338,/Users/nihaldastagiri/Desktop/Major Project/FaceForensics++_C23/Face2Face/336_338.mp4,1,FAKE,Face2Face,336
988_966,/Users/nihaldastagiri/Desktop/Major Project/FaceForensics++_C23/Face2Face/988_966.mp4,1,FAKE,Face2Face,988
921_569,/Users/nihaldastagiri/Desktop/Major Project/FaceForensics++_C23/Face2Face/921_569.mp4,1,FAKE,Face2Face,921
933_925,/Users/nihaldastagiri/Desktop/Major Project/FaceForensics++_C23/Face2Face/933_925.mp4,1,FAKE,Face2Face,933
605_591,/Users/nihaldastagiri/Desktop/Major Project/FaceForensics++_C23/Face2Face/605_591.mp4,1,FAKE,Face2Face,605
593_577,/Users/nihaldastagiri/Desktop/Major Project/FaceForensics++_C23/Face2Face/593_577.mp4,1,FAKE,Face2Face,593
611_760,/Users/nihaldastagiri/Desktop/Major Project/FaceForensics++_C23/Face2Face/611_760.mp4,1,FAKE,Face2Face,611
094_111,/Users/nihaldastagiri/Desktop/Major Project/FaceForensics++_C23/Face2Face/094_111.mp4,1,FAKE,Face2Face,094
011_805,/Users/nihaldastagiri/Desktop/Major Project/FaceForensics++_C23/Face2Face/011_805.mp4,1,FAKE,Face2Face,011
396_272,/Users/nihaldastagiri/Desktop/Major Project/FaceForensics++_C23/Face2Face/396_272.mp4,1,FAKE,Face2Face,396
533_450,/Users/nihaldastagiri/Desktop/Major Project/FaceForensics++_C23/Face2Face/533_450.mp4,1,FAKE,Face2Face,533
043_110,/Users/nihaldastagiri/Desktop/Major Project/FaceForensics++_C23/Face2Face/043_110.mp4,1,FAKE,Face2Face,043
042_084,/Users/nihaldastagiri/Desktop/Major Project/FaceForensics++_C23/Face2Face/042_084.mp4,1,FAKE,Face2Face,042
329_327,/Users/nihaldastagiri/Desktop/Major Project/FaceForensics++_C23/Face2Face/329_327.mp4,1,FAKE,Face2Face,329
167_166,/Users/nihaldastagiri/Desktop/Major Project/FaceForensics++_C23/Face2Face/167_166.mp4,1,FAKE,Face2Face,167
497_403,/Users/nihaldastagiri/Desktop/Major Project/FaceForensics++_C23/Face2Face/497_403.mp4,1,FAKE,Face2Face,497
876_891,/Users/nihaldastagiri/Desktop/Major Project/FaceForensics++_C23/Face2Face/876_891.mp4,1,FAKE,Face2Face,876
597_595,/Users/nihaldastagiri/Desktop/Major Project/FaceForensics++_C23/Face2Face/597_595.mp4,1,FAKE,Face2Face,597
756_503,/Users/nihaldastagiri/Desktop/Major Project/FaceForensics++_C23/Face2Face/756_503.mp4,1,FAKE,Face2Face,756
100_077,/Users/nihaldastagiri/Desktop/Major Project/FaceForensics++_C23/Face2Face/100_077.mp4,1,FAKE,Face2Face,100
426_287,/Users/nihaldastagiri/Desktop/Major Project/FaceForensics++_C23/Face2Face/426_287.mp4,1,FAKE,Face2Face,426
178_598,/Users/nihaldastagiri/Desktop/Major Project/FaceForensics++_C23/Face2Face/178_598.mp4,1,FAKE,Face2Face,178
444_655,/Users/nihaldastagiri/Desktop/Major Project/FaceForensics++_C23/Face2Face/444_655.mp4,1,FAKE,Face2Face,444
416_342,/Users/nihaldastagiri/Desktop/Major Project/FaceForensics++_C23/Face2Face/416_342.mp4,1,FAKE,Face2Face,416
870_001,/Users/nihaldastagiri/Desktop/Major Project/FaceForensics++_C23/Face2Face/870_001.mp4,1,FAKE,Face2Face,870
882_952,/Users/nihaldastagiri/Desktop/Major Project/FaceForensics++_C23/Face2Face/882_952.mp4,1,FAKE,Face2Face,882
680_486,/Users/nihaldastagiri/Desktop/Major Project/FaceForensics++_C23/Face2Face/680_486.mp4,1,FAKE,Face2Face,680
177_211,/Users/nihaldastagiri/Desktop/Major Project/FaceForensics++_C23/Face2Face/177_211.mp4,1,FAKE,Face2Face,177
395_401,/Users/nihaldastagiri/Desktop/Major Project/FaceForensics++_C23/Face2Face/395_401.mp4,1,FAKE,Face2Face,395
911_910,/Users/nihaldastagiri/Desktop/Major Project/FaceForensics++_C23/Face2Face/911_910.mp4,1,FAKE,Face2Face,911
793_768,/Users/nihaldastagiri/Desktop/Major Project/FaceForensics++_C23/Face2Face/793_768.mp4,1,FAKE,Face2Face,793
960_999,/Users/nihaldastagiri/Desktop/Major Project/FaceForensics++_C23/Face2Face/960_999.mp4,1,FAKE,Face2Face,960
684_717,/Users/nihaldastagiri/Desktop/Major Project/FaceForensics++_C23/Face2Face/684_717.mp4,1,FAKE,Face2Face,684
383_353,/Users/nihaldastagiri/Desktop/Major Project/FaceForensics++_C23/Face2Face/383_353.mp4,1,FAKE,Face2Face,383
956_958,/Users/nihaldastagiri/Desktop/Major Project/FaceForensics++_C23/Face2Face/956_958.mp4,1,FAKE,Face2Face,956
751_752,/Users/nihaldastagiri/Desktop/Major Project/FaceForensics++_C23/Face2Face/751_752.mp4,1,FAKE,Face2Face,751
257_420,/Users/nihaldastagiri/Desktop/Major Project/FaceForensics++_C23/Face2Face/257_420.mp4,1,FAKE,Face2Face,257
538_493,/Users/nihaldastagiri/Desktop/Major Project/FaceForensics++_C23/Face2Face/538_493.mp4,1,FAKE,Face2Face,538
335_277,/Users/nihaldastagiri/Desktop/Major Project/FaceForensics++_C23/Face2Face/335_277.mp4,1,FAKE,Face2Face,335
015_919,/Users/nihaldastagiri/Desktop/Major Project/FaceForensics++_C23/Face2Face/015_919.mp4,1,FAKE,Face2Face,015
324_356,/Users/nihaldastagiri/Desktop/Major Project/FaceForensics++_C23/Face2Face/324_356.mp4,1,FAKE,Face2Face,324
758_754,/Users/nihaldastagiri/Desktop/Major Project/FaceForensics++_C23/Face2Face/758_754.mp4,1,FAKE,Face2Face,758
222_168,/Users/nihaldastagiri/Desktop/Major Project/FaceForensics++_C23/Face2Face/222_168.mp4,1,FAKE,Face2Face,222
179_212,/Users/nihaldastagiri/Desktop/Major Project/FaceForensics++_C23/Face2Face/179_212.mp4,1,FAKE,Face2Face,179
983_113,/Users/nihaldastagiri/Desktop/Major Project/FaceForensics++_C23/Face2Face/983_113.mp4,1,FAKE,Face2Face,983
022_489,/Users/nihaldastagiri/Desktop/Major Project/FaceForensics++_C23/Face2Face/022_489.mp4,1,FAKE,Face2Face,022
356_324,/Users/nihaldastagiri/Desktop/Major Project/FaceForensics++_C23/Face2Face/356_324.mp4,1,FAKE,Face2Face,356
666_656,/Users/nihaldastagiri/Desktop/Major Project/FaceForensics++_C23/Face2Face/666_656.mp4,1,FAKE,Face2Face,666
861_858,/Users/nihaldastagiri/Desktop/Major Project/FaceForensics++_C23/Face2Face/861_858.mp4,1,FAKE,Face2Face,861
340_341,/Users/nihaldastagiri/Desktop/Major Project/FaceForensics++_C23/Face2Face/340_341.mp4,1,FAKE,Face2Face,340
431_447,/Users/nihaldastagiri/Desktop/Major Project/FaceForensics++_C23/Face2Face/431_447.mp4,1,FAKE,Face2Face,431
551_631,/Users/nihaldastagiri/Desktop/Major Project/FaceForensics++_C23/Face2Face/551_631.mp4,1,FAKE,Face2Face,551
833_826,/Users/nihaldastagiri/Desktop/Major Project/FaceForensics++_C23/Face2Face/833_826.mp4,1,FAKE,Face2Face,833
203_201,/Users/nihaldastagiri/Desktop/Major Project/FaceForensics++_C23/Face2Face/203_201.mp4,1,FAKE,Face2Face,203
630_623,/Users/nihaldastagiri/Desktop/Major Project/FaceForensics++_C23/Face2Face/630_623.mp4,1,FAKE,Face2Face,630
093_121,/Users/nihaldastagiri/Desktop/Major Project/FaceForensics++_C23/Face2Face/093_121.mp4,1,FAKE,Face2Face,093
558_583,/Users/nihaldastagiri/Desktop/Major Project/FaceForensics++_C23/Face2Face/558_583.mp4,1,FAKE,Face2Face,558
068_028,/Users/nihaldastagiri/Desktop/Major Project/FaceForensics++_C23/Face2Face/068_028.mp4,1,FAKE,Face2Face,068
622_647,/Users/nihaldastagiri/Desktop/Major Project/FaceForensics++_C23/Face2Face/622_647.mp4,1,FAKE,Face2Face,622
284_263,/Users/nihaldastagiri/Desktop/Major Project/FaceForensics++_C23/Face2Face/284_263.mp4,1,FAKE,Face2Face,284
844_797,/Users/nihaldastagiri/Desktop/Major Project/FaceForensics++_C23/Face2Face/844_797.mp4,1,FAKE,Face2Face,844
434_438,/Users/nihaldastagiri/Desktop/Major Project/FaceForensics++_C23/Face2Face/434_438.mp4,1,FAKE,Face2Face,434
153_150,/Users/nihaldastagiri/Desktop/Major Project/FaceForensics++_C23/Face2Face/153_150.mp4,1,FAKE,Face2Face,153
075_977,/Users/nihaldastagiri/Desktop/Major Project/FaceForensics++_C23/Face2Face/075_977.mp4,1,FAKE,Face2Face,075
730_815,/Users/nihaldastagiri/Desktop/Major Project/FaceForensics++_C23/Face2Face/730_815.mp4,1,FAKE,Face2Face,730
446_667,/Users/nihaldastagiri/Desktop/Major Project/FaceForensics++_C23/Face2Face/446_667.mp4,1,FAKE,Face2Face,446
188_191,/Users/nihaldastagiri/Desktop/Major Project/FaceForensics++_C23/Face2Face/188_191.mp4,1,FAKE,Face2Face,188
271_264,/Users/nihaldastagiri/Desktop/Major Project/FaceForensics++_C23/Face2Face/271_264.mp4,1,FAKE,Face2Face,271
236_237,/Users/nihaldastagiri/Desktop/Major Project/FaceForensics++_C23/Face2Face/236_237.mp4,1,FAKE,Face2Face,236
487_477,/Users/nihaldastagiri/Desktop/Major Project/FaceForensics++_C23/Face2Face/487_477.mp4,1,FAKE,Face2Face,487
117_217,/Users/nihaldastagiri/Desktop/Major Project/FaceForensics++_C23/Face2Face/117_217.mp4,1,FAKE,Face2Face,117
943_942,/Users/nihaldastagiri/Desktop/Major Project/FaceForensics++_C23/Face2Face/943_942.mp4,1,FAKE,Face2Face,943
512_495,/Users/nihaldastagiri/Desktop/Major Project/FaceForensics++_C23/Face2Face/512_495.mp4,1,FAKE,Face2Face,512
825_074,/Users/nihaldastagiri/Desktop/Major Project/FaceForensics++_C23/Face2Face/825_074.mp4,1,FAKE,Face2Face,825
591_605,/Users/nihaldastagiri/Desktop/Major Project/FaceForensics++_C23/Face2Face/591_605.mp4,1,FAKE,Face2Face,591
126_104,/Users/nihaldastagiri/Desktop/Major Project/FaceForensics++_C23/Face2Face/126_104.mp4,1,FAKE,Face2Face,126
116_091,/Users/nihaldastagiri/Desktop/Major Project/FaceForensics++_C23/Face2Face/116_091.mp4,1,FAKE,Face2Face,116
473_366,/Users/nihaldastagiri/Desktop/Major Project/FaceForensics++_C23/Face2Face/473_366.mp4,1,FAKE,Face2Face,473
693_698,/Users/nihaldastagiri/Desktop/Major Project/FaceForensics++_C23/Face2Face/693_698.mp4,1,FAKE,Face2Face,693
057_070,/Users/nihaldastagiri/Desktop/Major Project/FaceForensics++_C23/Face2Face/057_070.mp4,1,FAKE,Face2Face,057
863_853,/Users/nihaldastagiri/Desktop/Major Project/FaceForensics++_C23/Face2Face/863_853.mp4,1,FAKE,Face2Face,863
912_927,/Users/nihaldastagiri/Desktop/Major Project/FaceForensics++_C23/Face2Face/912_927.mp4,1,FAKE,Face2Face,912
369_316,/Users/nihaldastagiri/Desktop/Major Project/FaceForensics++_C23/Face2Face/369_316.mp4,1,FAKE,Face2Face,369
268_269,/Users/nihaldastagiri/Desktop/Major Project/FaceForensics++_C23/Face2Face/268_269.mp4,1,FAKE,Face2Face,268
046_904,/Users/nihaldastagiri/Desktop/Major Project/FaceForensics++_C23/Face2Face/046_904.mp4,1,FAKE,Face2Face,046
349_350,/Users/nihaldastagiri/Desktop/Major Project/FaceForensics++_C23/Face2Face/349_350.mp4,1,FAKE,Face2Face,349
195_442,/Users/nihaldastagiri/Desktop/Major Project/FaceForensics++_C23/Face2Face/195_442.mp4,1,FAKE,Face2Face,195
999_960,/Users/nihaldastagiri/Desktop/Major Project/FaceForensics++_C23/Face2Face/999_960.mp4,1,FAKE,Face2Face,999
834_852,/Users/nihaldastagiri/Desktop/Major Project/FaceForensics++_C23/Face2Face/834_852.mp4,1,FAKE,Face2Face,834
736_785,/Users/nihaldastagiri/Desktop/Major Project/FaceForensics++_C23/Face2Face/736_785.mp4,1,FAKE,Face2Face,736
263_284,/Users/nihaldastagiri/Desktop/Major Project/FaceForensics++_C23/Face2Face/263_284.mp4,1,FAKE,Face2Face,263
443_514,/Users/nihaldastagiri/Desktop/Major Project/FaceForensics++_C23/Face2Face/443_514.mp4,1,FAKE,Face2Face,443
675_608,/Users/nihaldastagiri/Desktop/Major Project/FaceForensics++_C23/Face2Face/675_608.mp4,1,FAKE,Face2Face,675
304_300,/Users/nihaldastagiri/Desktop/Major Project/FaceForensics++_C23/Face2Face/304_300.mp4,1,FAKE,Face2Face,304
341_340,/Users/nihaldastagiri/Desktop/Major Project/FaceForensics++_C23/Face2Face/341_340.mp4,1,FAKE,Face2Face,341
966_988,/Users/nihaldastagiri/Desktop/Major Project/FaceForensics++_C23/Face2Face/966_988.mp4,1,FAKE,Face2Face,966
149_152,/Users/nihaldastagiri/Desktop/Major Project/FaceForensics++_C23/Face2Face/149_152.mp4,1,FAKE,Face2Face,149
124_085,/Users/nihaldastagiri/Desktop/Major Project/FaceForensics++_C23/Face2Face/124_085.mp4,1,FAKE,Face2Face,124
786_819,/Users/nihaldastagiri/Desktop/Major Project/FaceForensics++_C23/Face2Face/786_819.mp4,1,FAKE,Face2Face,786
050_059,/Users/nihaldastagiri/Desktop/Major Project/FaceForensics++_C23/Face2Face/050_059.mp4,1,FAKE,Face2Face,050
353_383,/Users/nihaldastagiri/Desktop/Major Project/FaceForensics++_C23/Face2Face/353_383.mp4,1,FAKE,Face2Face,353
927_912,/Users/nihaldastagiri/Desktop/Major Project/FaceForensics++_C23/Face2Face/927_912.mp4,1,FAKE,Face2Face,927
142_138,/Users/nihaldastagiri/Desktop/Major Project/FaceForensics++_C23/Face2Face/142_138.mp4,1,FAKE,Face2Face,142
470_468,/Users/nihaldastagiri/Desktop/Major Project/FaceForensics++_C23/Face2Face/470_468.mp4,1,FAKE,Face2Face,470
399_488,/Users/nihaldastagiri/Desktop/Major Project/FaceForensics++_C23/Face2Face/399_488.mp4,1,FAKE,Face2Face,399
625_650,/Users/nihaldastagiri/Desktop/Major Project/FaceForensics++_C23/Face2Face/625_650.mp4,1,FAKE,Face2Face,625
320_328,/Users/nihaldastagiri/Desktop/Major Project/FaceForensics++_C23/Face2Face/320_328.mp4,1,FAKE,Face2Face,320
019_018,/Users/nihaldastagiri/Desktop/Major Project/FaceForensics++_C23/Face2Face/019_018.mp4,1,FAKE,Face2Face,019
809_799,/Users/nihaldastagiri/Desktop/Major Project/FaceForensics++_C23/Face2Face/809_799.mp4,1,FAKE,Face2Face,809
790_014,/Users/nihaldastagiri/Desktop/Major Project/FaceForensics++_C23/Face2Face/790_014.mp4,1,FAKE,Face2Face,790
808_829,/Users/nihaldastagiri/Desktop/Major Project/FaceForensics++_C23/Face2Face/808_829.mp4,1,FAKE,Face2Face,808
407_374,/Users/nihaldastagiri/Desktop/Major Project/FaceForensics++_C23/Face2Face/407_374.mp4,1,FAKE,Face2Face,407
537_563,/Users/nihaldastagiri/Desktop/Major Project/FaceForensics++_C23/Face2Face/537_563.mp4,1,FAKE,Face2Face,537
620_619,/Users/nihaldastagiri/Desktop/Major Project/FaceForensics++_C23/Face2Face/620_619.mp4,1,FAKE,Face2Face,620
038_125,/Users/nihaldastagiri/Desktop/Major Project/FaceForensics++_C23/Face2Face/038_125.mp4,1,FAKE,Face2Face,038
175_159,/Users/nihaldastagiri/Desktop/Major Project/FaceForensics++_C23/Face2Face/175_159.mp4,1,FAKE,Face2Face,175
245_157,/Users/nihaldastagiri/Desktop/Major Project/FaceForensics++_C23/Face2Face/245_157.mp4,1,FAKE,Face2Face,245
828_830,/Users/nihaldastagiri/Desktop/Major Project/FaceForensics++_C23/Face2Face/828_830.mp4,1,FAKE,Face2Face,828
667_446,/Users/nihaldastagiri/Desktop/Major Project/FaceForensics++_C23/Face2Face/667_446.mp4,1,FAKE,Face2Face,667
754_758,/Users/nihaldastagiri/Desktop/Major Project/FaceForensics++_C23/Face2Face/754_758.mp4,1,FAKE,Face2Face,754
858_861,/Users/nihaldastagiri/Desktop/Major Project/FaceForensics++_C23/Face2Face/858_861.mp4,1,FAKE,Face2Face,858
154_386,/Users/nihaldastagiri/Desktop/Major Project/FaceForensics++_C23/Face2Face/154_386.mp4,1,FAKE,Face2Face,154
287_426,/Users/nihaldastagiri/Desktop/Major Project/FaceForensics++_C23/Face2Face/287_426.mp4,1,FAKE,Face2Face,287
602_397,/Users/nihaldastagiri/Desktop/Major Project/FaceForensics++_C23/Face2Face/602_397.mp4,1,FAKE,Face2Face,602
569_921,/Users/nihaldastagiri/Desktop/Major Project/FaceForensics++_C23/Face2Face/569_921.mp4,1,FAKE,Face2Face,569
743_750,/Users/nihaldastagiri/Desktop/Major Project/FaceForensics++_C23/Face2Face/743_750.mp4,1,FAKE,Face2Face,743
017_803,/Users/nihaldastagiri/Desktop/Major Project/FaceForensics++_C23/Face2Face/017_803.mp4,1,FAKE,Face2Face,017
127_129,/Users/nihaldastagiri/Desktop/Major Project/FaceForensics++_C23/Face2Face/127_129.mp4,1,FAKE,Face2Face,127
322_315,/Users/nihaldastagiri/Desktop/Major Project/FaceForensics++_C23/Face2Face/322_315.mp4,1,FAKE,Face2Face,322
255_214,/Users/nihaldastagiri/Desktop/Major Project/FaceForensics++_C23/Face2Face/255_214.mp4,1,FAKE,Face2Face,255
657_644,/Users/nihaldastagiri/Desktop/Major Project/FaceForensics++_C23/Face2Face/657_644.mp4,1,FAKE,Face2Face,657
964_174,/Users/nihaldastagiri/Desktop/Major Project/FaceForensics++_C23/Face2Face/964_174.mp4,1,FAKE,Face2Face,964
190_176,/Users/nihaldastagiri/Desktop/Major Project/FaceForensics++_C23/Face2Face/190_176.mp4,1,FAKE,Face2Face,190
115_939,/Users/nihaldastagiri/Desktop/Major Project/FaceForensics++_C23/Face2Face/115_939.mp4,1,FAKE,Face2Face,115
616_614,/Users/nihaldastagiri/Desktop/Major Project/FaceForensics++_C23/Face2Face/616_614.mp4,1,FAKE,Face2Face,616
606_567,/Users/nihaldastagiri/Desktop/Major Project/FaceForensics++_C23/Face2Face/606_567.mp4,1,FAKE,Face2Face,606
180_105,/Users/nihaldastagiri/Desktop/Major Project/FaceForensics++_C23/Face2Face/180_105.mp4,1,FAKE,Face2Face,180
301_262,/Users/nihaldastagiri/Desktop/Major Project/FaceForensics++_C23/Face2Face/301_262.mp4,1,FAKE,Face2Face,301
759_755,/Users/nihaldastagiri/Desktop/Major Project/FaceForensics++_C23/Face2Face/759_755.mp4,1,FAKE,Face2Face,759
712_716,/Users/nihaldastagiri/Desktop/Major Project/FaceForensics++_C23/Face2Face/712_716.mp4,1,FAKE,Face2Face,712
723_704,/Users/nihaldastagiri/Desktop/Major Project/FaceForensics++_C23/Face2Face/723_704.mp4,1,FAKE,Face2Face,723
685_613,/Users/nihaldastagiri/Desktop/Major Project/FaceForensics++_C23/Face2Face/685_613.mp4,1,FAKE,Face2Face,685
979_875,/Users/nihaldastagiri/Desktop/Major Project/FaceForensics++_C23/Face2Face/979_875.mp4,1,FAKE,Face2Face,979
517_521,/Users/nihaldastagiri/Desktop/Major Project/FaceForensics++_C23/Face2Face/517_521.mp4,1,FAKE,Face2Face,517
984_967,/Users/nihaldastagiri/Desktop/Major Project/FaceForensics++_C23/Face2Face/984_967.mp4,1,FAKE,Face2Face,984
045_889,/Users/nihaldastagiri/Desktop/Major Project/FaceForensics++_C23/Face2Face/045_889.mp4,1,FAKE,Face2Face,045
909_857,/Users/nihaldastagiri/Desktop/Major Project/FaceForensics++_C23/Face2Face/909_857.mp4,1,FAKE,Face2Face,909
157_245,/Users/nihaldastagiri/Desktop/Major Project/FaceForensics++_C23/Face2Face/157_245.mp4,1,FAKE,Face2Face,157
851_552,/Users/nihaldastagiri/Desktop/Major Project/FaceForensics++_C23/Face2Face/851_552.mp4,1,FAKE,Face2Face,851
171_173,/Users/nihaldastagiri/Desktop/Major Project/FaceForensics++_C23/Face2Face/171_173.mp4,1,FAKE,Face2Face,171
016_209,/Users/nihaldastagiri/Desktop/Major Project/FaceForensics++_C23/Face2Face/016_209.mp4,1,FAKE,Face2Face,016
511_472,/Users/nihaldastagiri/Desktop/Major Project/FaceForensics++_C23/Face2Face/511_472.mp4,1,FAKE,Face2Face,511
048_029,/Users/nihaldastagiri/Desktop/Major Project/FaceForensics++_C23/Face2Face/048_029.mp4,1,FAKE,Face2Face,048
971_564,/Users/nihaldastagiri/Desktop/Major Project/FaceForensics++_C23/Face2Face/971_564.mp4,1,FAKE,Face2Face,971
940_941,/Users/nihaldastagiri/Desktop/Major Project/FaceForensics++_C23/Face2Face/940_941.mp4,1,FAKE,Face2Face,940
515_519,/Users/nihaldastagiri/Desktop/Major Project/FaceForensics++_C23/Face2Face/515_519.mp4,1,FAKE,Face2Face,515
952_882,/Users/nihaldastagiri/Desktop/Major Project/FaceForensics++_C23/Face2Face/952_882.mp4,1,FAKE,Face2Face,952
480_389,/Users/nihaldastagiri/Desktop/Major Project/FaceForensics++_C23/Face2Face/480_389.mp4,1,FAKE,Face2Face,480
283_313,/Users/nihaldastagiri/Desktop/Major Project/FaceForensics++_C23/Face2Face/283_313.mp4,1,FAKE,Face2Face,283
718_972,/Users/nihaldastagiri/Desktop/Major Project/FaceForensics++_C23/Face2Face/718_972.mp4,1,FAKE,Face2Face,718
877_886,/Users/nihaldastagiri/Desktop/Major Project/FaceForensics++_C23/Face2Face/877_886.mp4,1,FAKE,Face2Face,877
225_151,/Users/nihaldastagiri/Desktop/Major Project/FaceForensics++_C23/Face2Face/225_151.mp4,1,FAKE,Face2Face,225
026_012,/Users/nihaldastagiri/Desktop/Major Project/FaceForensics++_C23/Face2Face/026_012.mp4,1,FAKE,Face2Face,026
954_976,/Users/nihaldastagiri/Desktop/Major Project/FaceForensics++_C23/Face2Face/954_976.mp4,1,FAKE,Face2Face,954
437_360,/Users/nihaldastagiri/Desktop/Major Project/FaceForensics++_C23/Face2Face/437_360.mp4,1,FAKE,Face2Face,437
951_947,/Users/nihaldastagiri/Desktop/Major Project/FaceForensics++_C23/Face2Face/951_947.mp4,1,FAKE,Face2Face,951
364_440,/Users/nihaldastagiri/Desktop/Major Project/FaceForensics++_C23/Face2Face/364_440.mp4,1,FAKE,Face2Face,364
229_247,/Users/nihaldastagiri/Desktop/Major Project/FaceForensics++_C23/Face2Face/229_247.mp4,1,FAKE,Face2Face,229
037_072,/Users/nihaldastagiri/Desktop/Major Project/FaceForensics++_C23/Face2Face/037_072.mp4,1,FAKE,Face2Face,037
965_948,/Users/nihaldastagiri/Desktop/Major Project/FaceForensics++_C23/Face2Face/965_948.mp4,1,FAKE,Face2Face,965
374_407,/Users/nihaldastagiri/Desktop/Major Project/FaceForensics++_C23/Face2Face/374_407.mp4,1,FAKE,Face2Face,374
469_481,/Users/nihaldastagiri/Desktop/Major Project/FaceForensics++_C23/Face2Face/469_481.mp4,1,FAKE,Face2Face,469
967_984,/Users/nihaldastagiri/Desktop/Major Project/FaceForensics++_C23/Face2Face/967_984.mp4,1,FAKE,Face2Face,967
850_764,/Users/nihaldastagiri/Desktop/Major Project/FaceForensics++_C23/Face2Face/850_764.mp4,1,FAKE,Face2Face,850
704_723,/Users/nihaldastagiri/Desktop/Major Project/FaceForensics++_C23/Face2Face/704_723.mp4,1,FAKE,Face2Face,704
841_639,/Users/nihaldastagiri/Desktop/Major Project/FaceForensics++_C23/Face2Face/841_639.mp4,1,FAKE,Face2Face,841
194_235,/Users/nihaldastagiri/Desktop/Major Project/FaceForensics++_C23/Face2Face/194_235.mp4,1,FAKE,Face2Face,194
854_747,/Users/nihaldastagiri/Desktop/Major Project/FaceForensics++_C23/Face2Face/854_747.mp4,1,FAKE,Face2Face,854
864_839,/Users/nihaldastagiri/Desktop/Major Project/FaceForensics++_C23/Face2Face/864_839.mp4,1,FAKE,Face2Face,864
503_756,/Users/nihaldastagiri/Desktop/Major Project/FaceForensics++_C23/Face2Face/503_756.mp4,1,FAKE,Face2Face,503
969_897,/Users/nihaldastagiri/Desktop/Major Project/FaceForensics++_C23/Face2Face/969_897.mp4,1,FAKE,Face2Face,969
830_828,/Users/nihaldastagiri/Desktop/Major Project/FaceForensics++_C23/Face2Face/830_828.mp4,1,FAKE,Face2Face,830
579_701,/Users/nihaldastagiri/Desktop/Major Project/FaceForensics++_C23/Face2Face/579_701.mp4,1,FAKE,Face2Face,579
968_884,/Users/nihaldastagiri/Desktop/Major Project/FaceForensics++_C23/Face2Face/968_884.mp4,1,FAKE,Face2Face,968
162_330,/Users/nihaldastagiri/Desktop/Major Project/FaceForensics++_C23/Face2Face/162_330.mp4,1,FAKE,Face2Face,162
908_207,/Users/nihaldastagiri/Desktop/Major Project/FaceForensics++_C23/Face2Face/908_207.mp4,1,FAKE,Face2Face,908
152_149,/Users/nihaldastagiri/Desktop/Major Project/FaceForensics++_C23/Face2Face/152_149.mp4,1,FAKE,Face2Face,152
801_855,/Users/nihaldastagiri/Desktop/Major Project/FaceForensics++_C23/Face2Face/801_855.mp4,1,FAKE,Face2Face,801
993_989,/Users/nihaldastagiri/Desktop/Major Project/FaceForensics++_C23/Face2Face/993_989.mp4,1,FAKE,Face2Face,993
755_759,/Users/nihaldastagiri/Desktop/Major Project/FaceForensics++_C23/Face2Face/755_759.mp4,1,FAKE,Face2Face,755
111_094,/Users/nihaldastagiri/Desktop/Major Project/FaceForensics++_C23/Face2Face/111_094.mp4,1,FAKE,Face2Face,111
226_491,/Users/nihaldastagiri/Desktop/Major Project/FaceForensics++_C23/Face2Face/226_491.mp4,1,FAKE,Face2Face,226
688_645,/Users/nihaldastagiri/Desktop/Major Project/FaceForensics++_C23/Face2Face/688_645.mp4,1,FAKE,Face2Face,688
103_082,/Users/nihaldastagiri/Desktop/Major Project/FaceForensics++_C23/Face2Face/103_082.mp4,1,FAKE,Face2Face,103
421_423,/Users/nihaldastagiri/Desktop/Major Project/FaceForensics++_C23/Face2Face/421_423.mp4,1,FAKE,Face2Face,421
419_824,/Users/nihaldastagiri/Desktop/Major Project/FaceForensics++_C23/Face2Face/419_824.mp4,1,FAKE,Face2Face,419
750_743,/Users/nihaldastagiri/Desktop/Major Project/FaceForensics++_C23/Face2Face/750_743.mp4,1,FAKE,Face2Face,750
586_223,/Users/nihaldastagiri/Desktop/Major Project/FaceForensics++_C23/Face2Face/586_223.mp4,1,FAKE,Face2Face,586
780_869,/Users/nihaldastagiri/Desktop/Major Project/FaceForensics++_C23/Face2Face/780_869.mp4,1,FAKE,Face2Face,780
672_720,/Users/nihaldastagiri/Desktop/Major Project/FaceForensics++_C23/Face2Face/672_720.mp4,1,FAKE,Face2Face,672
119_123,/Users/nihaldastagiri/Desktop/Major Project/FaceForensics++_C23/Face2Face/119_123.mp4,1,FAKE,Face2Face,119
053_095,/Users/nihaldastagiri/Desktop/Major Project/FaceForensics++_C23/Face2Face/053_095.mp4,1,FAKE,Face2Face,053
151_225,/Users/nihaldastagiri/Desktop/Major Project/FaceForensics++_C23/Face2Face/151_225.mp4,1,FAKE,Face2Face,151
403_497,/Users/nihaldastagiri/Desktop/Major Project/FaceForensics++_C23/Face2Face/403_497.mp4,1,FAKE,Face2Face,403
945_044,/Users/nihaldastagiri/Desktop/Major Project/FaceForensics++_C23/Face2Face/945_044.mp4,1,FAKE,Face2Face,945
207_908,/Users/nihaldastagiri/Desktop/Major Project/FaceForensics++_C23/Face2Face/207_908.mp4,1,FAKE,Face2Face,207
658_627,/Users/nihaldastagiri/Desktop/Major Project/FaceForensics++_C23/Face2Face/658_627.mp4,1,FAKE,Face2Face,658
843_859,/Users/nihaldastagiri/Desktop/Major Project/FaceForensics++_C23/Face2Face/843_859.mp4,1,FAKE,Face2Face,843
762_832,/Users/nihaldastagiri/Desktop/Major Project/FaceForensics++_C23/Face2Face/762_832.mp4,1,FAKE,Face2Face,762
008_990,/Users/nihaldastagiri/Desktop/Major Project/FaceForensics++_C23/Face2Face/008_990.mp4,1,FAKE,Face2Face,008
807_273,/Users/nihaldastagiri/Desktop/Major Project/FaceForensics++_C23/Face2Face/807_273.mp4,1,FAKE,Face2Face,807
036_035,/Users/nihaldastagiri/Desktop/Major Project/FaceForensics++_C23/Face2Face/036_035.mp4,1,FAKE,Face2Face,036
452_550,/Users/nihaldastagiri/Desktop/Major Project/FaceForensics++_C23/Face2Face/452_550.mp4,1,FAKE,Face2Face,452
651_835,/Users/nihaldastagiri/Desktop/Major Project/FaceForensics++_C23/Face2Face/651_835.mp4,1,FAKE,Face2Face,651
253_183,/Users/nihaldastagiri/Desktop/Major Project/FaceForensics++_C23/Face2Face/253_183.mp4,1,FAKE,Face2Face,253
303_309,/Users/nihaldastagiri/Desktop/Major Project/FaceForensics++_C23/Face2Face/303_309.mp4,1,FAKE,Face2Face,303
746_571,/Users/nihaldastagiri/Desktop/Major Project/FaceForensics++_C23/Face2Face/746_571.mp4,1,FAKE,Face2Face,746
571_746,/Users/nihaldastagiri/Desktop/Major Project/FaceForensics++_C23/Face2Face/571_746.mp4,1,FAKE,Face2Face,571
623_630,/Users/nihaldastagiri/Desktop/Major Project/FaceForensics++_C23/Face2Face/623_630.mp4,1,FAKE,Face2Face,623
732_691,/Users/nihaldastagiri/Desktop/Major Project/FaceForensics++_C23/Face2Face/732_691.mp4,1,FAKE,Face2Face,732
891_876,/Users/nihaldastagiri/Desktop/Major Project/FaceForensics++_C23/Face2Face/891_876.mp4,1,FAKE,Face2Face,891
262_301,/Users/nihaldastagiri/Desktop/Major Project/FaceForensics++_C23/Face2Face/262_301.mp4,1,FAKE,Face2Face,262
610_692,/Users/nihaldastagiri/Desktop/Major Project/FaceForensics++_C23/Face2Face/610_692.mp4,1,FAKE,Face2Face,610
297_270,/Users/nihaldastagiri/Desktop/Major Project/FaceForensics++_C23/Face2Face/297_270.mp4,1,FAKE,Face2Face,297
414_385,/Users/nihaldastagiri/Desktop/Major Project/FaceForensics++_C23/Face2Face/414_385.mp4,1,FAKE,Face2Face,414
150_153,/Users/nihaldastagiri/Desktop/Major Project/FaceForensics++_C23/Face2Face/150_153.mp4,1,FAKE,Face2Face,150
521_517,/Users/nihaldastagiri/Desktop/Major Project/FaceForensics++_C23/FaceSwap/521_517.mp4,1,FAKE,FaceSwap,521
737_719,/Users/nihaldastagiri/Desktop/Major Project/FaceForensics++_C23/FaceSwap/737_719.mp4,1,FAKE,FaceSwap,737
740_796,/Users/nihaldastagiri/Desktop/Major Project/FaceForensics++_C23/FaceSwap/740_796.mp4,1,FAKE,FaceSwap,740
660_634,/Users/nihaldastagiri/Desktop/Major Project/FaceForensics++_C23/FaceSwap/660_634.mp4,1,FAKE,FaceSwap,660
411_410,/Users/nihaldastagiri/Desktop/Major Project/FaceForensics++_C23/FaceSwap/411_410.mp4,1,FAKE,FaceSwap,411
678_460,/Users/nihaldastagiri/Desktop/Major Project/FaceForensics++_C23/FaceSwap/678_460.mp4,1,FAKE,FaceSwap,678
626_562,/Users/nihaldastagiri/Desktop/Major Project/FaceForensics++_C23/FaceSwap/626_562.mp4,1,FAKE,FaceSwap,626
513_305,/Users/nihaldastagiri/Desktop/Major Project/FaceForensics++_C23/FaceSwap/513_305.mp4,1,FAKE,FaceSwap,513
859_843,/Users/nihaldastagiri/Desktop/Major Project/FaceForensics++_C23/FaceSwap/859_843.mp4,1,FAKE,FaceSwap,859
136_285,/Users/nihaldastagiri/Desktop/Major Project/FaceForensics++_C23/FaceSwap/136_285.mp4,1,FAKE,FaceSwap,136
811_920,/Users/nihaldastagiri/Desktop/Major Project/FaceForensics++_C23/FaceSwap/811_920.mp4,1,FAKE,FaceSwap,811
076_079,/Users/nihaldastagiri/Desktop/Major Project/FaceForensics++_C23/FaceSwap/076_079.mp4,1,FAKE,FaceSwap,076
636_578,/Users/nihaldastagiri/Desktop/Major Project/FaceForensics++_C23/FaceSwap/636_578.mp4,1,FAKE,FaceSwap,636
973_970,/Users/nihaldastagiri/Desktop/Major Project/FaceForensics++_C23/FaceSwap/973_970.mp4,1,FAKE,FaceSwap,973
938_987,/Users/nihaldastagiri/Desktop/Major Project/FaceForensics++_C23/FaceSwap/938_987.mp4,1,FAKE,FaceSwap,938
899_914,/Users/nihaldastagiri/Desktop/Major Project/FaceForensics++_C23/FaceSwap/899_914.mp4,1,FAKE,FaceSwap,899
280_249,/Users/nihaldastagiri/Desktop/Major Project/FaceForensics++_C23/FaceSwap/280_249.mp4,1,FAKE,FaceSwap,280
883_013,/Users/nihaldastagiri/Desktop/Major Project/FaceForensics++_C23/FaceSwap/883_013.mp4,1,FAKE,FaceSwap,883
761_766,/Users/nihaldastagiri/Desktop/Major Project/FaceForensics++_C23/FaceSwap/761_766.mp4,1,FAKE,FaceSwap,761
319_352,/Users/nihaldastagiri/Desktop/Major Project/FaceForensics++_C23/FaceSwap/319_352.mp4,1,FAKE,FaceSwap,319
549_531,/Users/nihaldastagiri/Desktop/Major Project/FaceForensics++_C23/FaceSwap/549_531.mp4,1,FAKE,FaceSwap,549
174_964,/Users/nihaldastagiri/Desktop/Major Project/FaceForensics++_C23/FaceSwap/174_964.mp4,1,FAKE,FaceSwap,174
371_367,/Users/nihaldastagiri/Desktop/Major Project/FaceForensics++_C23/FaceSwap/371_367.mp4,1,FAKE,FaceSwap,371
527_454,/Users/nihaldastagiri/Desktop/Major Project/FaceForensics++_C23/FaceSwap/527_454.mp4,1,FAKE,FaceSwap,527
210_241,/Users/nihaldastagiri/Desktop/Major Project/FaceForensics++_C23/FaceSwap/210_241.mp4,1,FAKE,FaceSwap,210
235_194,/Users/nihaldastagiri/Desktop/Major Project/FaceForensics++_C23/FaceSwap/235_194.mp4,1,FAKE,FaceSwap,235
101_096,/Users/nihaldastagiri/Desktop/Major Project/FaceForensics++_C23/FaceSwap/101_096.mp4,1,FAKE,FaceSwap,101
986_994,/Users/nihaldastagiri/Desktop/Major Project/FaceForensics++_C23/FaceSwap/986_994.mp4,1,FAKE,FaceSwap,986
902_901,/Users/nihaldastagiri/Desktop/Major Project/FaceForensics++_C23/FaceSwap/902_901.mp4,1,FAKE,FaceSwap,902
947_951,/Users/nihaldastagiri/Desktop/Major Project/FaceForensics++_C23/FaceSwap/947_951.mp4,1,FAKE,FaceSwap,947
346_351,/Users/nihaldastagiri/Desktop/Major Project/FaceForensics++_C23/FaceSwap/346_351.mp4,1,FAKE,FaceSwap,346
139_130,/Users/nihaldastagiri/Desktop/Major Project/FaceForensics++_C23/FaceSwap/139_130.mp4,1,FAKE,FaceSwap,139
621_546,/Users/nihaldastagiri/Desktop/Major Project/FaceForensics++_C23/FaceSwap/621_546.mp4,1,FAKE,FaceSwap,621
499_539,/Users/nihaldastagiri/Desktop/Major Project/FaceForensics++_C23/FaceSwap/499_539.mp4,1,FAKE,FaceSwap,499
370_483,/Users/nihaldastagiri/Desktop/Major Project/FaceForensics++_C23/FaceSwap/370_483.mp4,1,FAKE,FaceSwap,370
198_106,/Users/nihaldastagiri/Desktop/Major Project/FaceForensics++_C23/FaceSwap/198_106.mp4,1,FAKE,FaceSwap,198
687_615,/Users/nihaldastagiri/Desktop/Major Project/FaceForensics++_C23/FaceSwap/687_615.mp4,1,FAKE,FaceSwap,687
584_823,/Users/nihaldastagiri/Desktop/Major Project/FaceForensics++_C23/FaceSwap/584_823.mp4,1,FAKE,FaceSwap,584
901_902,/Users/nihaldastagiri/Desktop/Major Project/FaceForensics++_C23/FaceSwap/901_902.mp4,1,FAKE,FaceSwap,901
059_050,/Users/nihaldastagiri/Desktop/Major Project/FaceForensics++_C23/FaceSwap/059_050.mp4,1,FAKE,FaceSwap,059
328_320,/Users/nihaldastagiri/Desktop/Major Project/FaceForensics++_C23/FaceSwap/328_320.mp4,1,FAKE,FaceSwap,328
096_101,/Users/nihaldastagiri/Desktop/Major Project/FaceForensics++_C23/FaceSwap/096_101.mp4,1,FAKE,FaceSwap,096
312_021,/Users/nihaldastagiri/Desktop/Major Project/FaceForensics++_C23/FaceSwap/312_021.mp4,1,FAKE,FaceSwap,312
974_953,/Users/nihaldastagiri/Desktop/Major Project/FaceForensics++_C23/FaceSwap/974_953.mp4,1,FAKE,FaceSwap,974
299_145,/Users/nihaldastagiri/Desktop/Major Project/FaceForensics++_C23/FaceSwap/299_145.mp4,1,FAKE,FaceSwap,299
277_335,/Users/nihaldastagiri/Desktop/Major Project/FaceForensics++_C23/FaceSwap/277_335.mp4,1,FAKE,FaceSwap,277
924_917,/Users/nihaldastagiri/Desktop/Major Project/FaceForensics++_C23/FaceSwap/924_917.mp4,1,FAKE,FaceSwap,924
601_653,/Users/nihaldastagiri/Desktop/Major Project/FaceForensics++_C23/FaceSwap/601_653.mp4,1,FAKE,FaceSwap,601
439_441,/Users/nihaldastagiri/Desktop/Major Project/FaceForensics++_C23/FaceSwap/439_441.mp4,1,FAKE,FaceSwap,439
837_890,/Users/nihaldastagiri/Desktop/Major Project/FaceForensics++_C23/FaceSwap/837_890.mp4,1,FAKE,FaceSwap,837
570_624,/Users/nihaldastagiri/Desktop/Major Project/FaceForensics++_C23/FaceSwap/570_624.mp4,1,FAKE,FaceSwap,570
879_963,/Users/nihaldastagiri/Desktop/Major Project/FaceForensics++_C23/FaceSwap/879_963.mp4,1,FAKE,FaceSwap,879
261_254,/Users/nihaldastagiri/Desktop/Major Project/FaceForensics++_C23/FaceSwap/261_254.mp4,1,FAKE,FaceSwap,261
578_636,/Users/nihaldastagiri/Desktop/Major Project/FaceForensics++_C23/FaceSwap/578_636.mp4,1,FAKE,FaceSwap,578
023_923,/Users/nihaldastagiri/Desktop/Major Project/FaceForensics++_C23/FaceSwap/023_923.mp4,1,FAKE,FaceSwap,023
030_193,/Users/nihaldastagiri/Desktop/Major Project/FaceForensics++_C23/FaceSwap/030_193.mp4,1,FAKE,FaceSwap,030
617_566,/Users/nihaldastagiri/Desktop/Major Project/FaceForensics++_C23/FaceSwap/617_566.mp4,1,FAKE,FaceSwap,617
010_005,/Users/nihaldastagiri/Desktop/Major Project/FaceForensics++_C23/FaceSwap/010_005.mp4,1,FAKE,FaceSwap,010
221_206,/Users/nihaldastagiri/Desktop/Major Project/FaceForensics++_C23/FaceSwap/221_206.mp4,1,FAKE,FaceSwap,221
820_818,/Users/nihaldastagiri/Desktop/Major Project/FaceForensics++_C23/FaceSwap/820_818.mp4,1,FAKE,FaceSwap,820
296_293,/Users/nihaldastagiri/Desktop/Major Project/FaceForensics++_C23/FaceSwap/296_293.mp4,1,FAKE,FaceSwap,296
054_071,/Users/nihaldastagiri/Desktop/Major Project/FaceForensics++_C23/FaceSwap/054_071.mp4,1,FAKE,FaceSwap,054
542_520,/Users/nihaldastagiri/Desktop/Major Project/FaceForensics++_C23/FaceSwap/542_520.mp4,1,FAKE,FaceSwap,542
209_016,/Users/nihaldastagiri/Desktop/Major Project/FaceForensics++_C23/FaceSwap/209_016.mp4,1,FAKE,FaceSwap,209
604_703,/Users/nihaldastagiri/Desktop/Major Project/FaceForensics++_C23/FaceSwap/604_703.mp4,1,FAKE,FaceSwap,604
692_610,/Users/nihaldastagiri/Desktop/Major Project/FaceForensics++_C23/FaceSwap/692_610.mp4,1,FAKE,FaceSwap,692
662_641,/Users/nihaldastagiri/Desktop/Major Project/FaceForensics++_C23/FaceSwap/662_641.mp4,1,FAKE,FaceSwap,662
866_878,/Users/nihaldastagiri/Desktop/Major Project/FaceForensics++_C23/FaceSwap/866_878.mp4,1,FAKE,FaceSwap,866
070_057,/Users/nihaldastagiri/Desktop/Major Project/FaceForensics++_C23/FaceSwap/070_057.mp4,1,FAKE,FaceSwap,070
543_559,/Users/nihaldastagiri/Desktop/Major Project/FaceForensics++_C23/FaceSwap/543_559.mp4,1,FAKE,FaceSwap,543
107_109,/Users/nihaldastagiri/Desktop/Major Project/FaceForensics++_C23/FaceSwap/107_109.mp4,1,FAKE,FaceSwap,107
493_538,/Users/nihaldastagiri/Desktop/Major Project/FaceForensics++_C23/FaceSwap/493_538.mp4,1,FAKE,FaceSwap,493
590_034,/Users/nihaldastagiri/Desktop/Major Project/FaceForensics++_C23/FaceSwap/590_034.mp4,1,FAKE,FaceSwap,590
741_731,/Users/nihaldastagiri/Desktop/Major Project/FaceForensics++_C23/FaceSwap/741_731.mp4,1,FAKE,FaceSwap,741
292_294,/Users/nihaldastagiri/Desktop/Major Project/FaceForensics++_C23/FaceSwap/292_294.mp4,1,FAKE,FaceSwap,292
289_228,/Users/nihaldastagiri/Desktop/Major Project/FaceForensics++_C23/FaceSwap/289_228.mp4,1,FAKE,FaceSwap,289
652_773,/Users/nihaldastagiri/Desktop/Major Project/FaceForensics++_C23/FaceSwap/652_773.mp4,1,FAKE,FaceSwap,652
039_058,/Users/nihaldastagiri/Desktop/Major Project/FaceForensics++_C23/FaceSwap/039_058.mp4,1,FAKE,FaceSwap,039
589_565,/Users/nihaldastagiri/Desktop/Major Project/FaceForensics++_C23/FaceSwap/589_565.mp4,1,FAKE,FaceSwap,589
307_365,/Users/nihaldastagiri/Desktop/Major Project/FaceForensics++_C23/FaceSwap/307_365.mp4,1,FAKE,FaceSwap,307
679_665,/Users/nihaldastagiri/Desktop/Major Project/FaceForensics++_C23/FaceSwap/679_665.mp4,1,FAKE,FaceSwap,679
066_062,/Users/nihaldastagiri/Desktop/Major Project/FaceForensics++_C23/FaceSwap/066_062.mp4,1,FAKE,FaceSwap,066
275_887,/Users/nihaldastagiri/Desktop/Major Project/FaceForensics++_C23/FaceSwap/275_887.mp4,1,FAKE,FaceSwap,275
067_025,/Users/nihaldastagiri/Desktop/Major Project/FaceForensics++_C23/FaceSwap/067_025.mp4,1,FAKE,FaceSwap,067
318_334,/Users/nihaldastagiri/Desktop/Major Project/FaceForensics++_C23/FaceSwap/318_334.mp4,1,FAKE,FaceSwap,318
548_632,/Users/nihaldastagiri/Desktop/Major Project/FaceForensics++_C23/FaceSwap/548_632.mp4,1,FAKE,FaceSwap,548
998_561,/Users/nihaldastagiri/Desktop/Major Project/FaceForensics++_C23/FaceSwap/998_561.mp4,1,FAKE,FaceSwap,998
714_842,/Users/nihaldastagiri/Desktop/Major Project/FaceForensics++_C23/FaceSwap/714_842.mp4,1,FAKE,FaceSwap,714
753_789,/Users/nihaldastagiri/Desktop/Major Project/FaceForensics++_C23/FaceSwap/753_789.mp4,1,FAKE,FaceSwap,753
327_329,/Users/nihaldastagiri/Desktop/Major Project/FaceForensics++_C23/FaceSwap/327_329.mp4,1,FAKE,FaceSwap,327
382_409,/Users/nihaldastagiri/Desktop/Major Project/FaceForensics++_C23/FaceSwap/382_409.mp4,1,FAKE,FaceSwap,382
451_449,/Users/nihaldastagiri/Desktop/Major Project/FaceForensics++_C23/FaceSwap/451_449.mp4,1,FAKE,FaceSwap,451
522_337,/Users/nihaldastagiri/Desktop/Major Project/FaceForensics++_C23/FaceSwap/522_337.mp4,1,FAKE,FaceSwap,522
218_239,/Users/nihaldastagiri/Desktop/Major Project/FaceForensics++_C23/FaceSwap/218_239.mp4,1,FAKE,FaceSwap,218
787_782,/Users/nihaldastagiri/Desktop/Major Project/FaceForensics++_C23/FaceSwap/787_782.mp4,1,FAKE,FaceSwap,787
436_526,/Users/nihaldastagiri/Desktop/Major Project/FaceForensics++_C23/FaceSwap/436_526.mp4,1,FAKE,FaceSwap,436
764_850,/Users/nihaldastagiri/Desktop/Major Project/FaceForensics++_C23/FaceSwap/764_850.mp4,1,FAKE,FaceSwap,764
088_060,/Users/nihaldastagiri/Desktop/Major Project/FaceForensics++_C23/FaceSwap/088_060.mp4,1,FAKE,FaceSwap,088
063_041,/Users/nihaldastagiri/Desktop/Major Project/FaceForensics++_C23/FaceSwap/063_041.mp4,1,FAKE,FaceSwap,063
826_833,/Users/nihaldastagiri/Desktop/Major Project/FaceForensics++_C23/FaceSwap/826_833.mp4,1,FAKE,FaceSwap,826
716_712,/Users/nihaldastagiri/Desktop/Major Project/FaceForensics++_C23/FaceSwap/716_712.mp4,1,FAKE,FaceSwap,716
351_346,/Users/nihaldastagiri/Desktop/Major Project/FaceForensics++_C23/FaceSwap/351_346.mp4,1,FAKE,FaceSwap,351
936_931,/Users/nihaldastagiri/Desktop/Major Project/FaceForensics++_C23/FaceSwap/936_931.mp4,1,FAKE,FaceSwap,936
256_146,/Users/nihaldastagiri/Desktop/Major Project/FaceForensics++_C23/FaceSwap/256_146.mp4,1,FAKE,FaceSwap,256
635_642,/Users/nihaldastagiri/Desktop/Major Project/FaceForensics++_C23/FaceSwap/635_642.mp4,1,FAKE,FaceSwap,635
644_657,/Users/nihaldastagiri/Desktop/Major Project/FaceForensics++_C23/FaceSwap/644_657.mp4,1,FAKE,FaceSwap,644
554_572,/Users/nihaldastagiri/Desktop/Major Project/FaceForensics++_C23/FaceSwap/554_572.mp4,1,FAKE,FaceSwap,554
959_957,/Users/nihaldastagiri/Desktop/Major Project/FaceForensics++_C23/FaceSwap/959_957.mp4,1,FAKE,FaceSwap,959
168_222,/Users/nihaldastagiri/Desktop/Major Project/FaceForensics++_C23/FaceSwap/168_222.mp4,1,FAKE,FaceSwap,168
917_924,/Users/nihaldastagiri/Desktop/Major Project/FaceForensics++_C23/FaceSwap/917_924.mp4,1,FAKE,FaceSwap,917
528_510,/Users/nihaldastagiri/Desktop/Major Project/FaceForensics++_C23/FaceSwap/528_510.mp4,1,FAKE,FaceSwap,528
823_584,/Users/nihaldastagiri/Desktop/Major Project/FaceForensics++_C23/FaceSwap/823_584.mp4,1,FAKE,FaceSwap,823
985_981,/Users/nihaldastagiri/Desktop/Major Project/FaceForensics++_C23/FaceSwap/985_981.mp4,1,FAKE,FaceSwap,985
816_649,/Users/nihaldastagiri/Desktop/Major Project/FaceForensics++_C23/FaceSwap/816_649.mp4,1,FAKE,FaceSwap,816
086_090,/Users/nihaldastagiri/Desktop/Major Project/FaceForensics++_C23/FaceSwap/086_090.mp4,1,FAKE,FaceSwap,086
432_357,/Users/nihaldastagiri/Desktop/Major Project/FaceForensics++_C23/FaceSwap/432_357.mp4,1,FAKE,FaceSwap,432
184_205,/Users/nihaldastagiri/Desktop/Major Project/FaceForensics++_C23/FaceSwap/184_205.mp4,1,FAKE,FaceSwap,184
978_975,/Users/nihaldastagiri/Desktop/Major Project/FaceForensics++_C23/FaceSwap/978_975.mp4,1,FAKE,FaceSwap,978
534_490,/Users/nihaldastagiri/Desktop/Major Project/FaceForensics++_C23/FaceSwap/534_490.mp4,1,FAKE,FaceSwap,534
294_292,/Users/nihaldastagiri/Desktop/Major Project/FaceForensics++_C23/FaceSwap/294_292.mp4,1,FAKE,FaceSwap,294
892_112,/Users/nihaldastagiri/Desktop/Major Project/FaceForensics++_C23/FaceSwap/892_112.mp4,1,FAKE,FaceSwap,892
425_485,/Users/nihaldastagiri/Desktop/Major Project/FaceForensics++_C23/FaceSwap/425_485.mp4,1,FAKE,FaceSwap,425
713_726,/Users/nihaldastagiri/Desktop/Major Project/FaceForensics++_C23/FaceSwap/713_726.mp4,1,FAKE,FaceSwap,713
260_331,/Users/nihaldastagiri/Desktop/Major Project/FaceForensics++_C23/FaceSwap/260_331.mp4,1,FAKE,FaceSwap,260
237_236,/Users/nihaldastagiri/Desktop/Major Project/FaceForensics++_C23/FaceSwap/237_236.mp4,1,FAKE,FaceSwap,237
559_543,/Users/nihaldastagiri/Desktop/Major Project/FaceForensics++_C23/FaceSwap/559_543.mp4,1,FAKE,FaceSwap,559
583_558,/Users/nihaldastagiri/Desktop/Major Project/FaceForensics++_C23/FaceSwap/583_558.mp4,1,FAKE,FaceSwap,583
445_494,/Users/nihaldastagiri/Desktop/Major Project/FaceForensics++_C23/FaceSwap/445_494.mp4,1,FAKE,FaceSwap,445
867_765,/Users/nihaldastagiri/Desktop/Major Project/FaceForensics++_C23/FaceSwap/867_765.mp4,1,FAKE,FaceSwap,867
800_840,/Users/nihaldastagiri/Desktop/Major Project/FaceForensics++_C23/FaceSwap/800_840.mp4,1,FAKE,FaceSwap,800
599_585,/Users/nihaldastagiri/Desktop/Major Project/FaceForensics++_C23/FaceSwap/599_585.mp4,1,FAKE,FaceSwap,599
849_771,/Users/nihaldastagiri/Desktop/Major Project/FaceForensics++_C23/FaceSwap/849_771.mp4,1,FAKE,FaceSwap,849
265_475,/Users/nihaldastagiri/Desktop/Major Project/FaceForensics++_C23/FaceSwap/265_475.mp4,1,FAKE,FaceSwap,265
995_233,/Users/nihaldastagiri/Desktop/Major Project/FaceForensics++_C23/FaceSwap/995_233.mp4,1,FAKE,FaceSwap,995
529_633,/Users/nihaldastagiri/Desktop/Major Project/FaceForensics++_C23/FaceSwap/529_633.mp4,1,FAKE,FaceSwap,529
055_147,/Users/nihaldastagiri/Desktop/Major Project/FaceForensics++_C23/FaceSwap/055_147.mp4,1,FAKE,FaceSwap,055
120_118,/Users/nihaldastagiri/Desktop/Major Project/FaceForensics++_C23/FaceSwap/120_118.mp4,1,FAKE,FaceSwap,120
215_208,/Users/nihaldastagiri/Desktop/Major Project/FaceForensics++_C23/FaceSwap/215_208.mp4,1,FAKE,FaceSwap,215
025_067,/Users/nihaldastagiri/Desktop/Major Project/FaceForensics++_C23/FaceSwap/025_067.mp4,1,FAKE,FaceSwap,025
072_037,/Users/nihaldastagiri/Desktop/Major Project/FaceForensics++_C23/FaceSwap/072_037.mp4,1,FAKE,FaceSwap,072
044_945,/Users/nihaldastagiri/Desktop/Major Project/FaceForensics++_C23/FaceSwap/044_945.mp4,1,FAKE,FaceSwap,044
247_229,/Users/nihaldastagiri/Desktop/Major Project/FaceForensics++_C23/FaceSwap/247_229.mp4,1,FAKE,FaceSwap,247
721_715,/Users/nihaldastagiri/Desktop/Major Project/FaceForensics++_C23/FaceSwap/721_715.mp4,1,FAKE,FaceSwap,721
281_474,/Users/nihaldastagiri/Desktop/Major Project/FaceForensics++_C23/FaceSwap/281_474.mp4,1,FAKE,FaceSwap,281
893_913,/Users/nihaldastagiri/Desktop/Major Project/FaceForensics++_C23/FaceSwap/893_913.mp4,1,FAKE,FaceSwap,893
914_899,/Users/nihaldastagiri/Desktop/Major Project/FaceForensics++_C23/FaceSwap/914_899.mp4,1,FAKE,FaceSwap,914
810_838,/Users/nihaldastagiri/Desktop/Major Project/FaceForensics++_C23/FaceSwap/810_838.mp4,1,FAKE,FaceSwap,810
244_822,/Users/nihaldastagiri/Desktop/Major Project/FaceForensics++_C23/FaceSwap/244_822.mp4,1,FAKE,FaceSwap,244
822_244,/Users/nihaldastagiri/Desktop/Major Project/FaceForensics++_C23/FaceSwap/822_244.mp4,1,FAKE,FaceSwap,822
321_288,/Users/nihaldastagiri/Desktop/Major Project/FaceForensics++_C23/FaceSwap/321_288.mp4,1,FAKE,FaceSwap,321
643_646,/Users/nihaldastagiri/Desktop/Major Project/FaceForensics++_C23/FaceSwap/643_646.mp4,1,FAKE,FaceSwap,643
158_379,/Users/nihaldastagiri/Desktop/Major Project/FaceForensics++_C23/FaceSwap/158_379.mp4,1,FAKE,FaceSwap,158
977_075,/Users/nihaldastagiri/Desktop/Major Project/FaceForensics++_C23/FaceSwap/977_075.mp4,1,FAKE,FaceSwap,977
429_404,/Users/nihaldastagiri/Desktop/Major Project/FaceForensics++_C23/FaceSwap/429_404.mp4,1,FAKE,FaceSwap,429
941_940,/Users/nihaldastagiri/Desktop/Major Project/FaceForensics++_C23/FaceSwap/941_940.mp4,1,FAKE,FaceSwap,941
462_467,/Users/nihaldastagiri/Desktop/Major Project/FaceForensics++_C23/FaceSwap/462_467.mp4,1,FAKE,FaceSwap,462
309_303,/Users/nihaldastagiri/Desktop/Major Project/FaceForensics++_C23/FaceSwap/309_303.mp4,1,FAKE,FaceSwap,309
697_581,/Users/nihaldastagiri/Desktop/Major Project/FaceForensics++_C23/FaceSwap/697_581.mp4,1,FAKE,FaceSwap,697
060_088,/Users/nihaldastagiri/Desktop/Major Project/FaceForensics++_C23/FaceSwap/060_088.mp4,1,FAKE,FaceSwap,060
884_968,/Users/nihaldastagiri/Desktop/Major Project/FaceForensics++_C23/FaceSwap/884_968.mp4,1,FAKE,FaceSwap,884
595_597,/Users/nihaldastagiri/Desktop/Major Project/FaceForensics++_C23/FaceSwap/595_597.mp4,1,FAKE,FaceSwap,595
767_694,/Users/nihaldastagiri/Desktop/Major Project/FaceForensics++_C23/FaceSwap/767_694.mp4,1,FAKE,FaceSwap,767
649_816,/Users/nihaldastagiri/Desktop/Major Project/FaceForensics++_C23/FaceSwap/649_816.mp4,1,FAKE,FaceSwap,649
650_625,/Users/nihaldastagiri/Desktop/Major Project/FaceForensics++_C23/FaceSwap/650_625.mp4,1,FAKE,FaceSwap,650
865_739,/Users/nihaldastagiri/Desktop/Major Project/FaceForensics++_C23/FaceSwap/865_739.mp4,1,FAKE,FaceSwap,865
668_664,/Users/nihaldastagiri/Desktop/Major Project/FaceForensics++_C23/FaceSwap/668_664.mp4,1,FAKE,FaceSwap,668
298_279,/Users/nihaldastagiri/Desktop/Major Project/FaceForensics++_C23/FaceSwap/298_279.mp4,1,FAKE,FaceSwap,298
689_690,/Users/nihaldastagiri/Desktop/Major Project/FaceForensics++_C23/FaceSwap/689_690.mp4,1,FAKE,FaceSwap,689
314_347,/Users/nihaldastagiri/Desktop/Major Project/FaceForensics++_C23/FaceSwap/314_347.mp4,1,FAKE,FaceSwap,314
310_196,/Users/nihaldastagiri/Desktop/Major Project/FaceForensics++_C23/FaceSwap/310_196.mp4,1,FAKE,FaceSwap,310
361_448,/Users/nihaldastagiri/Desktop/Major Project/FaceForensics++_C23/FaceSwap/361_448.mp4,1,FAKE,FaceSwap,361
479_706,/Users/nihaldastagiri/Desktop/Major Project/FaceForensics++_C23/FaceSwap/479_706.mp4,1,FAKE,FaceSwap,479
110_043,/Users/nihaldastagiri/Desktop/Major Project/FaceForensics++_C23/FaceSwap/110_043.mp4,1,FAKE,FaceSwap,110
989_993,/Users/nihaldastagiri/Desktop/Major Project/FaceForensics++_C23/FaceSwap/989_993.mp4,1,FAKE,FaceSwap,989
486_680,/Users/nihaldastagiri/Desktop/Major Project/FaceForensics++_C23/FaceSwap/486_680.mp4,1,FAKE,FaceSwap,486
363_343,/Users/nihaldastagiri/Desktop/Major Project/FaceForensics++_C23/FaceSwap/363_343.mp4,1,FAKE,FaceSwap,363
254_261,/Users/nihaldastagiri/Desktop/Major Project/FaceForensics++_C23/FaceSwap/254_261.mp4,1,FAKE,FaceSwap,254
259_345,/Users/nihaldastagiri/Desktop/Major Project/FaceForensics++_C23/FaceSwap/259_345.mp4,1,FAKE,FaceSwap,259
802_885,/Users/nihaldastagiri/Desktop/Major Project/FaceForensics++_C23/FaceSwap/802_885.mp4,1,FAKE,FaceSwap,802
677_671,/Users/nihaldastagiri/Desktop/Major Project/FaceForensics++_C23/FaceSwap/677_671.mp4,1,FAKE,FaceSwap,677
494_445,/Users/nihaldastagiri/Desktop/Major Project/FaceForensics++_C23/FaceSwap/494_445.mp4,1,FAKE,FaceSwap,494
670_661,/Users/nihaldastagiri/Desktop/Major Project/FaceForensics++_C23/FaceSwap/670_661.mp4,1,FAKE,FaceSwap,670
377_333,/Users/nihaldastagiri/Desktop/Major Project/FaceForensics++_C23/FaceSwap/377_333.mp4,1,FAKE,FaceSwap,377
526_436,/Users/nihaldastagiri/Desktop/Major Project/FaceForensics++_C23/FaceSwap/526_436.mp4,1,FAKE,FaceSwap,526
845_846,/Users/nihaldastagiri/Desktop/Major Project/FaceForensics++_C23/FaceSwap/845_846.mp4,1,FAKE,FaceSwap,845
137_165,/Users/nihaldastagiri/Desktop/Major Project/FaceForensics++_C23/FaceSwap/137_165.mp4,1,FAKE,FaceSwap,137
355_748,/Users/nihaldastagiri/Desktop/Major Project/FaceForensics++_C23/FaceSwap/355_748.mp4,1,FAKE,FaceSwap,355
365_307,/Users/nihaldastagiri/Desktop/Major Project/FaceForensics++_C23/FaceSwap/365_307.mp4,1,FAKE,FaceSwap,365
942_943,/Users/nihaldastagiri/Desktop/Major Project/FaceForensics++_C23/FaceSwap/942_943.mp4,1,FAKE,FaceSwap,942
749_659,/Users/nihaldastagiri/Desktop/Major Project/FaceForensics++_C23/FaceSwap/749_659.mp4,1,FAKE,FaceSwap,749
948_965,/Users/nihaldastagiri/Desktop/Major Project/FaceForensics++_C23/FaceSwap/948_965.mp4,1,FAKE,FaceSwap,948
829_808,/Users/nihaldastagiri/Desktop/Major Project/FaceForensics++_C23/FaceSwap/829_808.mp4,1,FAKE,FaceSwap,829
656_666,/Users/nihaldastagiri/Desktop/Major Project/FaceForensics++_C23/FaceSwap/656_666.mp4,1,FAKE,FaceSwap,656
199_181,/Users/nihaldastagiri/Desktop/Major Project/FaceForensics++_C23/FaceSwap/199_181.mp4,1,FAKE,FaceSwap,199
213_083,/Users/nihaldastagiri/Desktop/Major Project/FaceForensics++_C23/FaceSwap/213_083.mp4,1,FAKE,FaceSwap,213
408_424,/Users/nihaldastagiri/Desktop/Major Project/FaceForensics++_C23/FaceSwap/408_424.mp4,1,FAKE,FaceSwap,408
332_051,/Users/nihaldastagiri/Desktop/Major Project/FaceForensics++_C23/FaceSwap/332_051.mp4,1,FAKE,FaceSwap,332
208_215,/Users/nihaldastagiri/Desktop/Major Project/FaceForensics++_C23/FaceSwap/208_215.mp4,1,FAKE,FaceSwap,208
613_685,/Users/nihaldastagiri/Desktop/Major Project/FaceForensics++_C23/FaceSwap/613_685.mp4,1,FAKE,FaceSwap,613
078_955,/Users/nihaldastagiri/Desktop/Major Project/FaceForensics++_C23/FaceSwap/078_955.mp4,1,FAKE,FaceSwap,078
029_048,/Users/nihaldastagiri/Desktop/Major Project/FaceForensics++_C23/FaceSwap/029_048.mp4,1,FAKE,FaceSwap,029
535_587,/Users/nihaldastagiri/Desktop/Major Project/FaceForensics++_C23/FaceSwap/535_587.mp4,1,FAKE,FaceSwap,535
695_422,/Users/nihaldastagiri/Desktop/Major Project/FaceForensics++_C23/FaceSwap/695_422.mp4,1,FAKE,FaceSwap,695
557_560,/Users/nihaldastagiri/Desktop/Major Project/FaceForensics++_C23/FaceSwap/557_560.mp4,1,FAKE,FaceSwap,557
836_950,/Users/nihaldastagiri/Desktop/Major Project/FaceForensics++_C23/FaceSwap/836_950.mp4,1,FAKE,FaceSwap,836
596_609,/Users/nihaldastagiri/Desktop/Major Project/FaceForensics++_C23/FaceSwap/596_609.mp4,1,FAKE,FaceSwap,596
165_137,/Users/nihaldastagiri/Desktop/Major Project/FaceForensics++_C23/FaceSwap/165_137.mp4,1,FAKE,FaceSwap,165
918_934,/Users/nihaldastagiri/Desktop/Major Project/FaceForensics++_C23/FaceSwap/918_934.mp4,1,FAKE,FaceSwap,918
495_512,/Users/nihaldastagiri/Desktop/Major Project/FaceForensics++_C23/FaceSwap/495_512.mp4,1,FAKE,FaceSwap,495
824_419,/Users/nihaldastagiri/Desktop/Major Project/FaceForensics++_C23/FaceSwap/824_419.mp4,1,FAKE,FaceSwap,824
065_089,/Users/nihaldastagiri/Desktop/Major Project/FaceForensics++_C23/FaceSwap/065_089.mp4,1,FAKE,FaceSwap,065
141_161,/Users/nihaldastagiri/Desktop/Major Project/FaceForensics++_C23/FaceSwap/141_161.mp4,1,FAKE,FaceSwap,141
925_933,/Users/nihaldastagiri/Desktop/Major Project/FaceForensics++_C23/FaceSwap/925_933.mp4,1,FAKE,FaceSwap,925
827_817,/Users/nihaldastagiri/Desktop/Major Project/FaceForensics++_C23/FaceSwap/827_817.mp4,1,FAKE,FaceSwap,827
655_444,/Users/nihaldastagiri/Desktop/Major Project/FaceForensics++_C23/FaceSwap/655_444.mp4,1,FAKE,FaceSwap,655
331_260,/Users/nihaldastagiri/Desktop/Major Project/FaceForensics++_C23/FaceSwap/331_260.mp4,1,FAKE,FaceSwap,331
664_668,/Users/nihaldastagiri/Desktop/Major Project/FaceForensics++_C23/FaceSwap/664_668.mp4,1,FAKE,FaceSwap,664
249_280,/Users/nihaldastagiri/Desktop/Major Project/FaceForensics++_C23/FaceSwap/249_280.mp4,1,FAKE,FaceSwap,249
907_795,/Users/nihaldastagiri/Desktop/Major Project/FaceForensics++_C23/FaceSwap/907_795.mp4,1,FAKE,FaceSwap,907
708_772,/Users/nihaldastagiri/Desktop/Major Project/FaceForensics++_C23/FaceSwap/708_772.mp4,1,FAKE,FaceSwap,708
305_513,/Users/nihaldastagiri/Desktop/Major Project/FaceForensics++_C23/FaceSwap/305_513.mp4,1,FAKE,FaceSwap,305
734_699,/Users/nihaldastagiri/Desktop/Major Project/FaceForensics++_C23/FaceSwap/734_699.mp4,1,FAKE,FaceSwap,734
975_978,/Users/nihaldastagiri/Desktop/Major Project/FaceForensics++_C23/FaceSwap/975_978.mp4,1,FAKE,FaceSwap,975
049_946,/Users/nihaldastagiri/Desktop/Major Project/FaceForensics++_C23/FaceSwap/049_946.mp4,1,FAKE,FaceSwap,049
896_128,/Users/nihaldastagiri/Desktop/Major Project/FaceForensics++_C23/FaceSwap/896_128.mp4,1,FAKE,FaceSwap,896
002_006,/Users/nihaldastagiri/Desktop/Major Project/FaceForensics++_C23/FaceSwap/002_006.mp4,1,FAKE,FaceSwap,002
544_532,/Users/nihaldastagiri/Desktop/Major Project/FaceForensics++_C23/FaceSwap/544_532.mp4,1,FAKE,FaceSwap,544
350_349,/Users/nihaldastagiri/Desktop/Major Project/FaceForensics++_C23/FaceSwap/350_349.mp4,1,FAKE,FaceSwap,350
904_046,/Users/nihaldastagiri/Desktop/Major Project/FaceForensics++_C23/FaceSwap/904_046.mp4,1,FAKE,FaceSwap,904
536_540,/Users/nihaldastagiri/Desktop/Major Project/FaceForensics++_C23/FaceSwap/536_540.mp4,1,FAKE,FaceSwap,536
344_020,/Users/nihaldastagiri/Desktop/Major Project/FaceForensics++_C23/FaceSwap/344_020.mp4,1,FAKE,FaceSwap,344
994_986,/Users/nihaldastagiri/Desktop/Major Project/FaceForensics++_C23/FaceSwap/994_986.mp4,1,FAKE,FaceSwap,994
481_469,/Users/nihaldastagiri/Desktop/Major Project/FaceForensics++_C23/FaceSwap/481_469.mp4,1,FAKE,FaceSwap,481
575_603,/Users/nihaldastagiri/Desktop/Major Project/FaceForensics++_C23/FaceSwap/575_603.mp4,1,FAKE,FaceSwap,575
033_097,/Users/nihaldastagiri/Desktop/Major Project/FaceForensics++_C23/FaceSwap/033_097.mp4,1,FAKE,FaceSwap,033
031_163,/Users/nihaldastagiri/Desktop/Major Project/FaceForensics++_C23/FaceSwap/031_163.mp4,1,FAKE,FaceSwap,031
231_663,/Users/nihaldastagiri/Desktop/Major Project/FaceForensics++_C23/FaceSwap/231_663.mp4,1,FAKE,FaceSwap,231
963_879,/Users/nihaldastagiri/Desktop/Major Project/FaceForensics++_C23/FaceSwap/963_879.mp4,1,FAKE,FaceSwap,963
192_134,/Users/nihaldastagiri/Desktop/Major Project/FaceForensics++_C23/FaceSwap/192_134.mp4,1,FAKE,FaceSwap,192
333_377,/Users/nihaldastagiri/Desktop/Major Project/FaceForensics++_C23/FaceSwap/333_377.mp4,1,FAKE,FaceSwap,333
003_000,/Users/nihaldastagiri/Desktop/Major Project/FaceForensics++_C23/FaceSwap/003_000.mp4,1,FAKE,FaceSwap,003
204_230,/Users/nihaldastagiri/Desktop/Major Project/FaceForensics++_C23/FaceSwap/204_230.mp4,1,FAKE,FaceSwap,204
514_443,/Users/nihaldastagiri/Desktop/Major Project/FaceForensics++_C23/FaceSwap/514_443.mp4,1,FAKE,FaceSwap,514
799_809,/Users/nihaldastagiri/Desktop/Major Project/FaceForensics++_C23/FaceSwap/799_809.mp4,1,FAKE,FaceSwap,799
306_278,/Users/nihaldastagiri/Desktop/Major Project/FaceForensics++_C23/FaceSwap/306_278.mp4,1,FAKE,FaceSwap,306
109_107,/Users/nihaldastagiri/Desktop/Major Project/FaceForensics++_C23/FaceSwap/109_107.mp4,1,FAKE,FaceSwap,109
430_459,/Users/nihaldastagiri/Desktop/Major Project/FaceForensics++_C23/FaceSwap/430_459.mp4,1,FAKE,FaceSwap,430
077_100,/Users/nihaldastagiri/Desktop/Major Project/FaceForensics++_C23/FaceSwap/077_100.mp4,1,FAKE,FaceSwap,077
084_042,/Users/nihaldastagiri/Desktop/Major Project/FaceForensics++_C23/FaceSwap/084_042.mp4,1,FAKE,FaceSwap,084
286_267,/Users/nihaldastagiri/Desktop/Major Project/FaceForensics++_C23/FaceSwap/286_267.mp4,1,FAKE,FaceSwap,286
082_103,/Users/nihaldastagiri/Desktop/Major Project/FaceForensics++_C23/FaceSwap/082_103.mp4,1,FAKE,FaceSwap,082
991_064,/Users/nihaldastagiri/Desktop/Major Project/FaceForensics++_C23/FaceSwap/991_064.mp4,1,FAKE,FaceSwap,991
789_753,/Users/nihaldastagiri/Desktop/Major Project/FaceForensics++_C23/FaceSwap/789_753.mp4,1,FAKE,FaceSwap,789
894_848,/Users/nihaldastagiri/Desktop/Major Project/FaceForensics++_C23/FaceSwap/894_848.mp4,1,FAKE,FaceSwap,894
398_457,/Users/nihaldastagiri/Desktop/Major Project/FaceForensics++_C23/FaceSwap/398_457.mp4,1,FAKE,FaceSwap,398
323_302,/Users/nihaldastagiri/Desktop/Major Project/FaceForensics++_C23/FaceSwap/323_302.mp4,1,FAKE,FaceSwap,323
519_515,/Users/nihaldastagiri/Desktop/Major Project/FaceForensics++_C23/FaceSwap/519_515.mp4,1,FAKE,FaceSwap,519
916_783,/Users/nihaldastagiri/Desktop/Major Project/FaceForensics++_C23/FaceSwap/916_783.mp4,1,FAKE,FaceSwap,916
922_898,/Users/nihaldastagiri/Desktop/Major Project/FaceForensics++_C23/FaceSwap/922_898.mp4,1,FAKE,FaceSwap,922
005_010,/Users/nihaldastagiri/Desktop/Major Project/FaceForensics++_C23/FaceSwap/005_010.mp4,1,FAKE,FaceSwap,005
731_741,/Users/nihaldastagiri/Desktop/Major Project/FaceForensics++_C23/FaceSwap/731_741.mp4,1,FAKE,FaceSwap,731
465_482,/Users/nihaldastagiri/Desktop/Major Project/FaceForensics++_C23/FaceSwap/465_482.mp4,1,FAKE,FaceSwap,465
097_033,/Users/nihaldastagiri/Desktop/Major Project/FaceForensics++_C23/FaceSwap/097_033.mp4,1,FAKE,FaceSwap,097
266_252,/Users/nihaldastagiri/Desktop/Major Project/FaceForensics++_C23/FaceSwap/266_252.mp4,1,FAKE,FaceSwap,266
357_432,/Users/nihaldastagiri/Desktop/Major Project/FaceForensics++_C23/FaceSwap/357_432.mp4,1,FAKE,FaceSwap,357
868_949,/Users/nihaldastagiri/Desktop/Major Project/FaceForensics++_C23/FaceSwap/868_949.mp4,1,FAKE,FaceSwap,868
798_778,/Users/nihaldastagiri/Desktop/Major Project/FaceForensics++_C23/FaceSwap/798_778.mp4,1,FAKE,FaceSwap,798
380_358,/Users/nihaldastagiri/Desktop/Major Project/FaceForensics++_C23/FaceSwap/380_358.mp4,1,FAKE,FaceSwap,380
631_551,/Users/nihaldastagiri/Desktop/Major Project/FaceForensics++_C23/FaceSwap/631_551.mp4,1,FAKE,FaceSwap,631
381_376,/Users/nihaldastagiri/Desktop/Major Project/FaceForensics++_C23/FaceSwap/381_376.mp4,1,FAKE,FaceSwap,381
490_534,/Users/nihaldastagiri/Desktop/Major Project/FaceForensics++_C23/FaceSwap/490_534.mp4,1,FAKE,FaceSwap,490
118_120,/Users/nihaldastagiri/Desktop/Major Project/FaceForensics++_C23/FaceSwap/118_120.mp4,1,FAKE,FaceSwap,118
900_926,/Users/nihaldastagiri/Desktop/Major Project/FaceForensics++_C23/FaceSwap/900_926.mp4,1,FAKE,FaceSwap,900
250_461,/Users/nihaldastagiri/Desktop/Major Project/FaceForensics++_C23/FaceSwap/250_461.mp4,1,FAKE,FaceSwap,250
523_541,/Users/nihaldastagiri/Desktop/Major Project/FaceForensics++_C23/FaceSwap/523_541.mp4,1,FAKE,FaceSwap,523
009_027,/Users/nihaldastagiri/Desktop/Major Project/FaceForensics++_C23/FaceSwap/009_027.mp4,1,FAKE,FaceSwap,009
196_310,/Users/nihaldastagiri/Desktop/Major Project/FaceForensics++_C23/FaceSwap/196_310.mp4,1,FAKE,FaceSwap,196
603_575,/Users/nihaldastagiri/Desktop/Major Project/FaceForensics++_C23/FaceSwap/603_575.mp4,1,FAKE,FaceSwap,603
081_087,/Users/nihaldastagiri/Desktop/Major Project/FaceForensics++_C23/FaceSwap/081_087.mp4,1,FAKE,FaceSwap,081
783_916,/Users/nihaldastagiri/Desktop/Major Project/FaceForensics++_C23/FaceSwap/783_916.mp4,1,FAKE,FaceSwap,783
587_535,/Users/nihaldastagiri/Desktop/Major Project/FaceForensics++_C23/FaceSwap/587_535.mp4,1,FAKE,FaceSwap,587
797_844,/Users/nihaldastagiri/Desktop/Major Project/FaceForensics++_C23/FaceSwap/797_844.mp4,1,FAKE,FaceSwap,797
239_218,/Users/nihaldastagiri/Desktop/Major Project/FaceForensics++_C23/FaceSwap/239_218.mp4,1,FAKE,FaceSwap,239
290_240,/Users/nihaldastagiri/Desktop/Major Project/FaceForensics++_C23/FaceSwap/290_240.mp4,1,FAKE,FaceSwap,290
211_177,/Users/nihaldastagiri/Desktop/Major Project/FaceForensics++_C23/FaceSwap/211_177.mp4,1,FAKE,FaceSwap,211
717_684,/Users/nihaldastagiri/Desktop/Major Project/FaceForensics++_C23/FaceSwap/717_684.mp4,1,FAKE,FaceSwap,717
359_317,/Users/nihaldastagiri/Desktop/Major Project/FaceForensics++_C23/FaceSwap/359_317.mp4,1,FAKE,FaceSwap,359
449_451,/Users/nihaldastagiri/Desktop/Major Project/FaceForensics++_C23/FaceSwap/449_451.mp4,1,FAKE,FaceSwap,449
227_169,/Users/nihaldastagiri/Desktop/Major Project/FaceForensics++_C23/FaceSwap/227_169.mp4,1,FAKE,FaceSwap,227
950_836,/Users/nihaldastagiri/Desktop/Major Project/FaceForensics++_C23/FaceSwap/950_836.mp4,1,FAKE,FaceSwap,950
946_049,/Users/nihaldastagiri/Desktop/Major Project/FaceForensics++_C23/FaceSwap/946_049.mp4,1,FAKE,FaceSwap,946
796_740,/Users/nihaldastagiri/Desktop/Major Project/FaceForensics++_C23/FaceSwap/796_740.mp4,1,FAKE,FaceSwap,796
501_326,/Users/nihaldastagiri/Desktop/Major Project/FaceForensics++_C23/FaceSwap/501_326.mp4,1,FAKE,FaceSwap,501
464_463,/Users/nihaldastagiri/Desktop/Major Project/FaceForensics++_C23/FaceSwap/464_463.mp4,1,FAKE,FaceSwap,464
362_354,/Users/nihaldastagiri/Desktop/Major Project/FaceForensics++_C23/FaceSwap/362_354.mp4,1,FAKE,FaceSwap,362
468_470,/Users/nihaldastagiri/Desktop/Major Project/FaceForensics++_C23/FaceSwap/468_470.mp4,1,FAKE,FaceSwap,468
935_733,/Users/nihaldastagiri/Desktop/Major Project/FaceForensics++_C23/FaceSwap/935_733.mp4,1,FAKE,FaceSwap,935
428_466,/Users/nihaldastagiri/Desktop/Major Project/FaceForensics++_C23/FaceSwap/428_466.mp4,1,FAKE,FaceSwap,428
007_132,/Users/nihaldastagiri/Desktop/Major Project/FaceForensics++_C23/FaceSwap/007_132.mp4,1,FAKE,FaceSwap,007
155_576,/Users/nihaldastagiri/Desktop/Major Project/FaceForensics++_C23/FaceSwap/155_576.mp4,1,FAKE,FaceSwap,155
541_523,/Users/nihaldastagiri/Desktop/Major Project/FaceForensics++_C23/FaceSwap/541_523.mp4,1,FAKE,FaceSwap,541
440_364,/Users/nihaldastagiri/Desktop/Major Project/FaceForensics++_C23/FaceSwap/440_364.mp4,1,FAKE,FaceSwap,440
482_465,/Users/nihaldastagiri/Desktop/Major Project/FaceForensics++_C23/FaceSwap/482_465.mp4,1,FAKE,FaceSwap,482
422_695,/Users/nihaldastagiri/Desktop/Major Project/FaceForensics++_C23/FaceSwap/422_695.mp4,1,FAKE,FaceSwap,422
778_798,/Users/nihaldastagiri/Desktop/Major Project/FaceForensics++_C23/FaceSwap/778_798.mp4,1,FAKE,FaceSwap,778
949_868,/Users/nihaldastagiri/Desktop/Major Project/FaceForensics++_C23/FaceSwap/949_868.mp4,1,FAKE,FaceSwap,949
334_318,/Users/nihaldastagiri/Desktop/Major Project/FaceForensics++_C23/FaceSwap/334_318.mp4,1,FAKE,FaceSwap,334
576_155,/Users/nihaldastagiri/Desktop/Major Project/FaceForensics++_C23/FaceSwap/576_155.mp4,1,FAKE,FaceSwap,576
934_918,/Users/nihaldastagiri/Desktop/Major Project/FaceForensics++_C23/FaceSwap/934_918.mp4,1,FAKE,FaceSwap,934
567_606,/Users/nihaldastagiri/Desktop/Major Project/FaceForensics++_C23/FaceSwap/567_606.mp4,1,FAKE,FaceSwap,567
594_530,/Users/nihaldastagiri/Desktop/Major Project/FaceForensics++_C23/FaceSwap/594_530.mp4,1,FAKE,FaceSwap,594
530_594,/Users/nihaldastagiri/Desktop/Major Project/FaceForensics++_C23/FaceSwap/530_594.mp4,1,FAKE,FaceSwap,530
581_697,/Users/nihaldastagiri/Desktop/Major Project/FaceForensics++_C23/FaceSwap/581_697.mp4,1,FAKE,FaceSwap,581
707_705,/Users/nihaldastagiri/Desktop/Major Project/FaceForensics++_C23/FaceSwap/707_705.mp4,1,FAKE,FaceSwap,707
448_361,/Users/nihaldastagiri/Desktop/Major Project/FaceForensics++_C23/FaceSwap/448_361.mp4,1,FAKE,FaceSwap,448
453_402,/Users/nihaldastagiri/Desktop/Major Project/FaceForensics++_C23/FaceSwap/453_402.mp4,1,FAKE,FaceSwap,453
228_289,/Users/nihaldastagiri/Desktop/Major Project/FaceForensics++_C23/FaceSwap/228_289.mp4,1,FAKE,FaceSwap,228
352_319,/Users/nihaldastagiri/Desktop/Major Project/FaceForensics++_C23/FaceSwap/352_319.mp4,1,FAKE,FaceSwap,352
728_673,/Users/nihaldastagiri/Desktop/Major Project/FaceForensics++_C23/FaceSwap/728_673.mp4,1,FAKE,FaceSwap,728
212_179,/Users/nihaldastagiri/Desktop/Major Project/FaceForensics++_C23/FaceSwap/212_179.mp4,1,FAKE,FaceSwap,212
079_076,/Users/nihaldastagiri/Desktop/Major Project/FaceForensics++_C23/FaceSwap/079_076.mp4,1,FAKE,FaceSwap,079
148_133,/Users/nihaldastagiri/Desktop/Major Project/FaceForensics++_C23/FaceSwap/148_133.mp4,1,FAKE,FaceSwap,148
302_323,/Users/nihaldastagiri/Desktop/Major Project/FaceForensics++_C23/FaceSwap/302_323.mp4,1,FAKE,FaceSwap,302
628_568,/Users/nihaldastagiri/Desktop/Major Project/FaceForensics++_C23/FaceSwap/628_568.mp4,1,FAKE,FaceSwap,628
777_745,/Users/nihaldastagiri/Desktop/Major Project/FaceForensics++_C23/FaceSwap/777_745.mp4,1,FAKE,FaceSwap,777
506_478,/Users/nihaldastagiri/Desktop/Major Project/FaceForensics++_C23/FaceSwap/506_478.mp4,1,FAKE,FaceSwap,506
342_416,/Users/nihaldastagiri/Desktop/Major Project/FaceForensics++_C23/FaceSwap/342_416.mp4,1,FAKE,FaceSwap,342
485_425,/Users/nihaldastagiri/Desktop/Major Project/FaceForensics++_C23/FaceSwap/485_425.mp4,1,FAKE,FaceSwap,485
711_681,/Users/nihaldastagiri/Desktop/Major Project/FaceForensics++_C23/FaceSwap/711_681.mp4,1,FAKE,FaceSwap,711
133_148,/Users/nihaldastagiri/Desktop/Major Project/FaceForensics++_C23/FaceSwap/133_148.mp4,1,FAKE,FaceSwap,133
703_604,/Users/nihaldastagiri/Desktop/Major Project/FaceForensics++_C23/FaceSwap/703_604.mp4,1,FAKE,FaceSwap,703
311_387,/Users/nihaldastagiri/Desktop/Major Project/FaceForensics++_C23/FaceSwap/311_387.mp4,1,FAKE,FaceSwap,311
722_458,/Users/nihaldastagiri/Desktop/Major Project/FaceForensics++_C23/FaceSwap/722_458.mp4,1,FAKE,FaceSwap,722
629_618,/Users/nihaldastagiri/Desktop/Major Project/FaceForensics++_C23/FaceSwap/629_618.mp4,1,FAKE,FaceSwap,629
000_003,/Users/nihaldastagiri/Desktop/Major Project/FaceForensics++_C23/FaceSwap/000_003.mp4,1,FAKE,FaceSwap,000
316_369,/Users/nihaldastagiri/Desktop/Major Project/FaceForensics++_C23/FaceSwap/316_369.mp4,1,FAKE,FaceSwap,316
706_479,/Users/nihaldastagiri/Desktop/Major Project/FaceForensics++_C23/FaceSwap/706_479.mp4,1,FAKE,FaceSwap,706
547_574,/Users/nihaldastagiri/Desktop/Major Project/FaceForensics++_C23/FaceSwap/547_574.mp4,1,FAKE,FaceSwap,547
872_873,/Users/nihaldastagiri/Desktop/Major Project/FaceForensics++_C23/FaceSwap/872_873.mp4,1,FAKE,FaceSwap,872
532_544,/Users/nihaldastagiri/Desktop/Major Project/FaceForensics++_C23/FaceSwap/532_544.mp4,1,FAKE,FaceSwap,532
477_487,/Users/nihaldastagiri/Desktop/Major Project/FaceForensics++_C23/FaceSwap/477_487.mp4,1,FAKE,FaceSwap,477
404_429,/Users/nihaldastagiri/Desktop/Major Project/FaceForensics++_C23/FaceSwap/404_429.mp4,1,FAKE,FaceSwap,404
172_582,/Users/nihaldastagiri/Desktop/Major Project/FaceForensics++_C23/FaceSwap/172_582.mp4,1,FAKE,FaceSwap,172
125_038,/Users/nihaldastagiri/Desktop/Major Project/FaceForensics++_C23/FaceSwap/125_038.mp4,1,FAKE,FaceSwap,125
394_373,/Users/nihaldastagiri/Desktop/Major Project/FaceForensics++_C23/FaceSwap/394_373.mp4,1,FAKE,FaceSwap,394
420_257,/Users/nihaldastagiri/Desktop/Major Project/FaceForensics++_C23/FaceSwap/420_257.mp4,1,FAKE,FaceSwap,420
552_851,/Users/nihaldastagiri/Desktop/Major Project/FaceForensics++_C23/FaceSwap/552_851.mp4,1,FAKE,FaceSwap,552
903_792,/Users/nihaldastagiri/Desktop/Major Project/FaceForensics++_C23/FaceSwap/903_792.mp4,1,FAKE,FaceSwap,903
090_086,/Users/nihaldastagiri/Desktop/Major Project/FaceForensics++_C23/FaceSwap/090_086.mp4,1,FAKE,FaceSwap,090
939_115,/Users/nihaldastagiri/Desktop/Major Project/FaceForensics++_C23/FaceSwap/939_115.mp4,1,FAKE,FaceSwap,939
181_199,/Users/nihaldastagiri/Desktop/Major Project/FaceForensics++_C23/FaceSwap/181_199.mp4,1,FAKE,FaceSwap,181
274_412,/Users/nihaldastagiri/Desktop/Major Project/FaceForensics++_C23/FaceSwap/274_412.mp4,1,FAKE,FaceSwap,274
895_915,/Users/nihaldastagiri/Desktop/Major Project/FaceForensics++_C23/FaceSwap/895_915.mp4,1,FAKE,FaceSwap,895
069_961,/Users/nihaldastagiri/Desktop/Major Project/FaceForensics++_C23/FaceSwap/069_961.mp4,1,FAKE,FaceSwap,069
291_874,/Users/nihaldastagiri/Desktop/Major Project/FaceForensics++_C23/FaceSwap/291_874.mp4,1,FAKE,FaceSwap,291
131_518,/Users/nihaldastagiri/Desktop/Major Project/FaceForensics++_C23/FaceSwap/131_518.mp4,1,FAKE,FaceSwap,131
300_304,/Users/nihaldastagiri/Desktop/Major Project/FaceForensics++_C23/FaceSwap/300_304.mp4,1,FAKE,FaceSwap,300
424_408,/Users/nihaldastagiri/Desktop/Major Project/FaceForensics++_C23/FaceSwap/424_408.mp4,1,FAKE,FaceSwap,424
326_501,/Users/nihaldastagiri/Desktop/Major Project/FaceForensics++_C23/FaceSwap/326_501.mp4,1,FAKE,FaceSwap,326
144_122,/Users/nihaldastagiri/Desktop/Major Project/FaceForensics++_C23/FaceSwap/144_122.mp4,1,FAKE,FaceSwap,144
423_421,/Users/nihaldastagiri/Desktop/Major Project/FaceForensics++_C23/FaceSwap/423_421.mp4,1,FAKE,FaceSwap,423
580_524,/Users/nihaldastagiri/Desktop/Major Project/FaceForensics++_C23/FaceSwap/580_524.mp4,1,FAKE,FaceSwap,580
135_880,/Users/nihaldastagiri/Desktop/Major Project/FaceForensics++_C23/FaceSwap/135_880.mp4,1,FAKE,FaceSwap,135
450_533,/Users/nihaldastagiri/Desktop/Major Project/FaceForensics++_C23/FaceSwap/450_533.mp4,1,FAKE,FaceSwap,450
164_216,/Users/nihaldastagiri/Desktop/Major Project/FaceForensics++_C23/FaceSwap/164_216.mp4,1,FAKE,FaceSwap,164
028_068,/Users/nihaldastagiri/Desktop/Major Project/FaceForensics++_C23/FaceSwap/028_068.mp4,1,FAKE,FaceSwap,028
773_652,/Users/nihaldastagiri/Desktop/Major Project/FaceForensics++_C23/FaceSwap/773_652.mp4,1,FAKE,FaceSwap,773
193_030,/Users/nihaldastagiri/Desktop/Major Project/FaceForensics++_C23/FaceSwap/193_030.mp4,1,FAKE,FaceSwap,193
388_308,/Users/nihaldastagiri/Desktop/Major Project/FaceForensics++_C23/FaceSwap/388_308.mp4,1,FAKE,FaceSwap,388
852_834,/Users/nihaldastagiri/Desktop/Major Project/FaceForensics++_C23/FaceSwap/852_834.mp4,1,FAKE,FaceSwap,852
169_227,/Users/nihaldastagiri/Desktop/Major Project/FaceForensics++_C23/FaceSwap/169_227.mp4,1,FAKE,FaceSwap,169
705_707,/Users/nihaldastagiri/Desktop/Major Project/FaceForensics++_C23/FaceSwap/705_707.mp4,1,FAKE,FaceSwap,705
140_143,/Users/nihaldastagiri/Desktop/Major Project/FaceForensics++_C23/FaceSwap/140_143.mp4,1,FAKE,FaceSwap,140
173_171,/Users/nihaldastagiri/Desktop/Major Project/FaceForensics++_C23/FaceSwap/173_171.mp4,1,FAKE,FaceSwap,173
006_002,/Users/nihaldastagiri/Desktop/Major Project/FaceForensics++_C23/FaceSwap/006_002.mp4,1,FAKE,FaceSwap,006
745_777,/Users/nihaldastagiri/Desktop/Major Project/FaceForensics++_C23/FaceSwap/745_777.mp4,1,FAKE,FaceSwap,745
478_506,/Users/nihaldastagiri/Desktop/Major Project/FaceForensics++_C23/FaceSwap/478_506.mp4,1,FAKE,FaceSwap,478
073_024,/Users/nihaldastagiri/Desktop/Major Project/FaceForensics++_C23/FaceSwap/073_024.mp4,1,FAKE,FaceSwap,073
910_911,/Users/nihaldastagiri/Desktop/Major Project/FaceForensics++_C23/FaceSwap/910_911.mp4,1,FAKE,FaceSwap,910
813_700,/Users/nihaldastagiri/Desktop/Major Project/FaceForensics++_C23/FaceSwap/813_700.mp4,1,FAKE,FaceSwap,813
238_282,/Users/nihaldastagiri/Desktop/Major Project/FaceForensics++_C23/FaceSwap/238_282.mp4,1,FAKE,FaceSwap,238
145_299,/Users/nihaldastagiri/Desktop/Major Project/FaceForensics++_C23/FaceSwap/145_299.mp4,1,FAKE,FaceSwap,145
792_903,/Users/nihaldastagiri/Desktop/Major Project/FaceForensics++_C23/FaceSwap/792_903.mp4,1,FAKE,FaceSwap,792
234_187,/Users/nihaldastagiri/Desktop/Major Project/FaceForensics++_C23/FaceSwap/234_187.mp4,1,FAKE,FaceSwap,234
220_219,/Users/nihaldastagiri/Desktop/Major Project/FaceForensics++_C23/FaceSwap/220_219.mp4,1,FAKE,FaceSwap,220
923_023,/Users/nihaldastagiri/Desktop/Major Project/FaceForensics++_C23/FaceSwap/923_023.mp4,1,FAKE,FaceSwap,923
500_592,/Users/nihaldastagiri/Desktop/Major Project/FaceForensics++_C23/FaceSwap/500_592.mp4,1,FAKE,FaceSwap,500
132_007,/Users/nihaldastagiri/Desktop/Major Project/FaceForensics++_C23/FaceSwap/132_007.mp4,1,FAKE,FaceSwap,132
990_008,/Users/nihaldastagiri/Desktop/Major Project/FaceForensics++_C23/FaceSwap/990_008.mp4,1,FAKE,FaceSwap,990
774_735,/Users/nihaldastagiri/Desktop/Major Project/FaceForensics++_C23/FaceSwap/774_735.mp4,1,FAKE,FaceSwap,774
185_276,/Users/nihaldastagiri/Desktop/Major Project/FaceForensics++_C23/FaceSwap/185_276.mp4,1,FAKE,FaceSwap,185
041_063,/Users/nihaldastagiri/Desktop/Major Project/FaceForensics++_C23/FaceSwap/041_063.mp4,1,FAKE,FaceSwap,041
696_686,/Users/nihaldastagiri/Desktop/Major Project/FaceForensics++_C23/FaceSwap/696_686.mp4,1,FAKE,FaceSwap,696
108_052,/Users/nihaldastagiri/Desktop/Major Project/FaceForensics++_C23/FaceSwap/108_052.mp4,1,FAKE,FaceSwap,108
588_556,/Users/nihaldastagiri/Desktop/Major Project/FaceForensics++_C23/FaceSwap/588_556.mp4,1,FAKE,FaceSwap,588
056_996,/Users/nihaldastagiri/Desktop/Major Project/FaceForensics++_C23/FaceSwap/056_996.mp4,1,FAKE,FaceSwap,056
405_393,/Users/nihaldastagiri/Desktop/Major Project/FaceForensics++_C23/FaceSwap/405_393.mp4,1,FAKE,FaceSwap,405
442_195,/Users/nihaldastagiri/Desktop/Major Project/FaceForensics++_C23/FaceSwap/442_195.mp4,1,FAKE,FaceSwap,442
757_573,/Users/nihaldastagiri/Desktop/Major Project/FaceForensics++_C23/FaceSwap/757_573.mp4,1,FAKE,FaceSwap,757
997_040,/Users/nihaldastagiri/Desktop/Major Project/FaceForensics++_C23/FaceSwap/997_040.mp4,1,FAKE,FaceSwap,997
024_073,/Users/nihaldastagiri/Desktop/Major Project/FaceForensics++_C23/FaceSwap/024_073.mp4,1,FAKE,FaceSwap,024
467_462,/Users/nihaldastagiri/Desktop/Major Project/FaceForensics++_C23/FaceSwap/467_462.mp4,1,FAKE,FaceSwap,467
539_499,/Users/nihaldastagiri/Desktop/Major Project/FaceForensics++_C23/FaceSwap/539_499.mp4,1,FAKE,FaceSwap,539
531_549,/Users/nihaldastagiri/Desktop/Major Project/FaceForensics++_C23/FaceSwap/531_549.mp4,1,FAKE,FaceSwap,531
618_629,/Users/nihaldastagiri/Desktop/Major Project/FaceForensics++_C23/FaceSwap/618_629.mp4,1,FAKE,FaceSwap,618
694_767,/Users/nihaldastagiri/Desktop/Major Project/FaceForensics++_C23/FaceSwap/694_767.mp4,1,FAKE,FaceSwap,694
926_900,/Users/nihaldastagiri/Desktop/Major Project/FaceForensics++_C23/FaceSwap/926_900.mp4,1,FAKE,FaceSwap,926
338_336,/Users/nihaldastagiri/Desktop/Major Project/FaceForensics++_C23/FaceSwap/338_336.mp4,1,FAKE,FaceSwap,338
051_332,/Users/nihaldastagiri/Desktop/Major Project/FaceForensics++_C23/FaceSwap/051_332.mp4,1,FAKE,FaceSwap,051
507_418,/Users/nihaldastagiri/Desktop/Major Project/FaceForensics++_C23/FaceSwap/507_418.mp4,1,FAKE,FaceSwap,507
516_555,/Users/nihaldastagiri/Desktop/Major Project/FaceForensics++_C23/FaceSwap/516_555.mp4,1,FAKE,FaceSwap,516
920_811,/Users/nihaldastagiri/Desktop/Major Project/FaceForensics++_C23/FaceSwap/920_811.mp4,1,FAKE,FaceSwap,920
781_806,/Users/nihaldastagiri/Desktop/Major Project/FaceForensics++_C23/FaceSwap/781_806.mp4,1,FAKE,FaceSwap,781
264_271,/Users/nihaldastagiri/Desktop/Major Project/FaceForensics++_C23/FaceSwap/264_271.mp4,1,FAKE,FaceSwap,264
817_827,/Users/nihaldastagiri/Desktop/Major Project/FaceForensics++_C23/FaceSwap/817_827.mp4,1,FAKE,FaceSwap,817
710_788,/Users/nihaldastagiri/Desktop/Major Project/FaceForensics++_C23/FaceSwap/710_788.mp4,1,FAKE,FaceSwap,710
682_669,/Users/nihaldastagiri/Desktop/Major Project/FaceForensics++_C23/FaceSwap/682_669.mp4,1,FAKE,FaceSwap,682
832_762,/Users/nihaldastagiri/Desktop/Major Project/FaceForensics++_C23/FaceSwap/832_762.mp4,1,FAKE,FaceSwap,832
518_131,/Users/nihaldastagiri/Desktop/Major Project/FaceForensics++_C23/FaceSwap/518_131.mp4,1,FAKE,FaceSwap,518
447_431,/Users/nihaldastagiri/Desktop/Major Project/FaceForensics++_C23/FaceSwap/447_431.mp4,1,FAKE,FaceSwap,447
018_019,/Users/nihaldastagiri/Desktop/Major Project/FaceForensics++_C23/FaceSwap/018_019.mp4,1,FAKE,FaceSwap,018
715_721,/Users/nihaldastagiri/Desktop/Major Project/FaceForensics++_C23/FaceSwap/715_721.mp4,1,FAKE,FaceSwap,715
483_370,/Users/nihaldastagiri/Desktop/Major Project/FaceForensics++_C23/FaceSwap/483_370.mp4,1,FAKE,FaceSwap,483
568_628,/Users/nihaldastagiri/Desktop/Major Project/FaceForensics++_C23/FaceSwap/568_628.mp4,1,FAKE,FaceSwap,568
433_498,/Users/nihaldastagiri/Desktop/Major Project/FaceForensics++_C23/FaceSwap/433_498.mp4,1,FAKE,FaceSwap,433
367_371,/Users/nihaldastagiri/Desktop/Major Project/FaceForensics++_C23/FaceSwap/367_371.mp4,1,FAKE,FaceSwap,367
083_213,/Users/nihaldastagiri/Desktop/Major Project/FaceForensics++_C23/FaceSwap/083_213.mp4,1,FAKE,FaceSwap,083
061_080,/Users/nihaldastagiri/Desktop/Major Project/FaceForensics++_C23/FaceSwap/061_080.mp4,1,FAKE,FaceSwap,061
638_640,/Users/nihaldastagiri/Desktop/Major Project/FaceForensics++_C23/FaceSwap/638_640.mp4,1,FAKE,FaceSwap,638
272_396,/Users/nihaldastagiri/Desktop/Major Project/FaceForensics++_C23/FaceSwap/272_396.mp4,1,FAKE,FaceSwap,272
285_136,/Users/nihaldastagiri/Desktop/Major Project/FaceForensics++_C23/FaceSwap/285_136.mp4,1,FAKE,FaceSwap,285
360_437,/Users/nihaldastagiri/Desktop/Major Project/FaceForensics++_C23/FaceSwap/360_437.mp4,1,FAKE,FaceSwap,360
354_362,/Users/nihaldastagiri/Desktop/Major Project/FaceForensics++_C23/FaceSwap/354_362.mp4,1,FAKE,FaceSwap,354
456_435,/Users/nihaldastagiri/Desktop/Major Project/FaceForensics++_C23/FaceSwap/456_435.mp4,1,FAKE,FaceSwap,456
278_306,/Users/nihaldastagiri/Desktop/Major Project/FaceForensics++_C23/FaceSwap/278_306.mp4,1,FAKE,FaceSwap,278
012_026,/Users/nihaldastagiri/Desktop/Major Project/FaceForensics++_C23/FaceSwap/012_026.mp4,1,FAKE,FaceSwap,012
182_242,/Users/nihaldastagiri/Desktop/Major Project/FaceForensics++_C23/FaceSwap/182_242.mp4,1,FAKE,FaceSwap,182
368_378,/Users/nihaldastagiri/Desktop/Major Project/FaceForensics++_C23/FaceSwap/368_378.mp4,1,FAKE,FaceSwap,368
881_856,/Users/nihaldastagiri/Desktop/Major Project/FaceForensics++_C23/FaceSwap/881_856.mp4,1,FAKE,FaceSwap,881
615_687,/Users/nihaldastagiri/Desktop/Major Project/FaceForensics++_C23/FaceSwap/615_687.mp4,1,FAKE,FaceSwap,615
223_586,/Users/nihaldastagiri/Desktop/Major Project/FaceForensics++_C23/FaceSwap/223_586.mp4,1,FAKE,FaceSwap,223
572_554,/Users/nihaldastagiri/Desktop/Major Project/FaceForensics++_C23/FaceSwap/572_554.mp4,1,FAKE,FaceSwap,572
970_973,/Users/nihaldastagiri/Desktop/Major Project/FaceForensics++_C23/FaceSwap/970_973.mp4,1,FAKE,FaceSwap,970
653_601,/Users/nihaldastagiri/Desktop/Major Project/FaceForensics++_C23/FaceSwap/653_601.mp4,1,FAKE,FaceSwap,653
545_553,/Users/nihaldastagiri/Desktop/Major Project/FaceForensics++_C23/FaceSwap/545_553.mp4,1,FAKE,FaceSwap,545
582_172,/Users/nihaldastagiri/Desktop/Major Project/FaceForensics++_C23/FaceSwap/582_172.mp4,1,FAKE,FaceSwap,582
633_529,/Users/nihaldastagiri/Desktop/Major Project/FaceForensics++_C23/FaceSwap/633_529.mp4,1,FAKE,FaceSwap,633
176_190,/Users/nihaldastagiri/Desktop/Major Project/FaceForensics++_C23/FaceSwap/176_190.mp4,1,FAKE,FaceSwap,176
665_679,/Users/nihaldastagiri/Desktop/Major Project/FaceForensics++_C23/FaceSwap/665_679.mp4,1,FAKE,FaceSwap,665
673_728,/Users/nihaldastagiri/Desktop/Major Project/FaceForensics++_C23/FaceSwap/673_728.mp4,1,FAKE,FaceSwap,673
585_599,/Users/nihaldastagiri/Desktop/Major Project/FaceForensics++_C23/FaceSwap/585_599.mp4,1,FAKE,FaceSwap,585
873_872,/Users/nihaldastagiri/Desktop/Major Project/FaceForensics++_C23/FaceSwap/873_872.mp4,1,FAKE,FaceSwap,873
393_405,/Users/nihaldastagiri/Desktop/Major Project/FaceForensics++_C23/FaceSwap/393_405.mp4,1,FAKE,FaceSwap,393
163_031,/Users/nihaldastagiri/Desktop/Major Project/FaceForensics++_C23/FaceSwap/163_031.mp4,1,FAKE,FaceSwap,163
248_232,/Users/nihaldastagiri/Desktop/Major Project/FaceForensics++_C23/FaceSwap/248_232.mp4,1,FAKE,FaceSwap,248
634_660,/Users/nihaldastagiri/Desktop/Major Project/FaceForensics++_C23/FaceSwap/634_660.mp4,1,FAKE,FaceSwap,634
885_802,/Users/nihaldastagiri/Desktop/Major Project/FaceForensics++_C23/FaceSwap/885_802.mp4,1,FAKE,FaceSwap,885
669_682,/Users/nihaldastagiri/Desktop/Major Project/FaceForensics++_C23/FaceSwap/669_682.mp4,1,FAKE,FaceSwap,669
375_251,/Users/nihaldastagiri/Desktop/Major Project/FaceForensics++_C23/FaceSwap/375_251.mp4,1,FAKE,FaceSwap,375
412_274,/Users/nihaldastagiri/Desktop/Major Project/FaceForensics++_C23/FaceSwap/412_274.mp4,1,FAKE,FaceSwap,412
074_825,/Users/nihaldastagiri/Desktop/Major Project/FaceForensics++_C23/FaceSwap/074_825.mp4,1,FAKE,FaceSwap,074
113_983,/Users/nihaldastagiri/Desktop/Major Project/FaceForensics++_C23/FaceSwap/113_983.mp4,1,FAKE,FaceSwap,113
598_178,/Users/nihaldastagiri/Desktop/Major Project/FaceForensics++_C23/FaceSwap/598_178.mp4,1,FAKE,FaceSwap,598
961_069,/Users/nihaldastagiri/Desktop/Major Project/FaceForensics++_C23/FaceSwap/961_069.mp4,1,FAKE,FaceSwap,961
390_709,/Users/nihaldastagiri/Desktop/Major Project/FaceForensics++_C23/FaceSwap/390_709.mp4,1,FAKE,FaceSwap,390
104_126,/Users/nihaldastagiri/Desktop/Major Project/FaceForensics++_C23/FaceSwap/104_126.mp4,1,FAKE,FaceSwap,104
114_102,/Users/nihaldastagiri/Desktop/Major Project/FaceForensics++_C23/FaceSwap/114_102.mp4,1,FAKE,FaceSwap,114
417_496,/Users/nihaldastagiri/Desktop/Major Project/FaceForensics++_C23/FaceSwap/417_496.mp4,1,FAKE,FaceSwap,417
525_509,/Users/nihaldastagiri/Desktop/Major Project/FaceForensics++_C23/FaceSwap/525_509.mp4,1,FAKE,FaceSwap,525
457_398,/Users/nihaldastagiri/Desktop/Major Project/FaceForensics++_C23/FaceSwap/457_398.mp4,1,FAKE,FaceSwap,457
409_382,/Users/nihaldastagiri/Desktop/Major Project/FaceForensics++_C23/FaceSwap/409_382.mp4,1,FAKE,FaceSwap,409
092_098,/Users/nihaldastagiri/Desktop/Major Project/FaceForensics++_C23/FaceSwap/092_098.mp4,1,FAKE,FaceSwap,092
930_763,/Users/nihaldastagiri/Desktop/Major Project/FaceForensics++_C23/FaceSwap/930_763.mp4,1,FAKE,FaceSwap,930
089_065,/Users/nihaldastagiri/Desktop/Major Project/FaceForensics++_C23/FaceSwap/089_065.mp4,1,FAKE,FaceSwap,089
336_338,/Users/nihaldastagiri/Desktop/Major Project/FaceForensics++_C23/FaceSwap/336_338.mp4,1,FAKE,FaceSwap,336
988_966,/Users/nihaldastagiri/Desktop/Major Project/FaceForensics++_C23/FaceSwap/988_966.mp4,1,FAKE,FaceSwap,988
921_569,/Users/nihaldastagiri/Desktop/Major Project/FaceForensics++_C23/FaceSwap/921_569.mp4,1,FAKE,FaceSwap,921
933_925,/Users/nihaldastagiri/Desktop/Major Project/FaceForensics++_C23/FaceSwap/933_925.mp4,1,FAKE,FaceSwap,933
605_591,/Users/nihaldastagiri/Desktop/Major Project/FaceForensics++_C23/FaceSwap/605_591.mp4,1,FAKE,FaceSwap,605
593_577,/Users/nihaldastagiri/Desktop/Major Project/FaceForensics++_C23/FaceSwap/593_577.mp4,1,FAKE,FaceSwap,593
611_760,/Users/nihaldastagiri/Desktop/Major Project/FaceForensics++_C23/FaceSwap/611_760.mp4,1,FAKE,FaceSwap,611
094_111,/Users/nihaldastagiri/Desktop/Major Project/FaceForensics++_C23/FaceSwap/094_111.mp4,1,FAKE,FaceSwap,094
011_805,/Users/nihaldastagiri/Desktop/Major Project/FaceForensics++_C23/FaceSwap/011_805.mp4,1,FAKE,FaceSwap,011
396_272,/Users/nihaldastagiri/Desktop/Major Project/FaceForensics++_C23/FaceSwap/396_272.mp4,1,FAKE,FaceSwap,396
533_450,/Users/nihaldastagiri/Desktop/Major Project/FaceForensics++_C23/FaceSwap/533_450.mp4,1,FAKE,FaceSwap,533
043_110,/Users/nihaldastagiri/Desktop/Major Project/FaceForensics++_C23/FaceSwap/043_110.mp4,1,FAKE,FaceSwap,043
042_084,/Users/nihaldastagiri/Desktop/Major Project/FaceForensics++_C23/FaceSwap/042_084.mp4,1,FAKE,FaceSwap,042
329_327,/Users/nihaldastagiri/Desktop/Major Project/FaceForensics++_C23/FaceSwap/329_327.mp4,1,FAKE,FaceSwap,329
167_166,/Users/nihaldastagiri/Desktop/Major Project/FaceForensics++_C23/FaceSwap/167_166.mp4,1,FAKE,FaceSwap,167
497_403,/Users/nihaldastagiri/Desktop/Major Project/FaceForensics++_C23/FaceSwap/497_403.mp4,1,FAKE,FaceSwap,497
876_891,/Users/nihaldastagiri/Desktop/Major Project/FaceForensics++_C23/FaceSwap/876_891.mp4,1,FAKE,FaceSwap,876
597_595,/Users/nihaldastagiri/Desktop/Major Project/FaceForensics++_C23/FaceSwap/597_595.mp4,1,FAKE,FaceSwap,597
756_503,/Users/nihaldastagiri/Desktop/Major Project/FaceForensics++_C23/FaceSwap/756_503.mp4,1,FAKE,FaceSwap,756
100_077,/Users/nihaldastagiri/Desktop/Major Project/FaceForensics++_C23/FaceSwap/100_077.mp4,1,FAKE,FaceSwap,100
426_287,/Users/nihaldastagiri/Desktop/Major Project/FaceForensics++_C23/FaceSwap/426_287.mp4,1,FAKE,FaceSwap,426
178_598,/Users/nihaldastagiri/Desktop/Major Project/FaceForensics++_C23/FaceSwap/178_598.mp4,1,FAKE,FaceSwap,178
444_655,/Users/nihaldastagiri/Desktop/Major Project/FaceForensics++_C23/FaceSwap/444_655.mp4,1,FAKE,FaceSwap,444
416_342,/Users/nihaldastagiri/Desktop/Major Project/FaceForensics++_C23/FaceSwap/416_342.mp4,1,FAKE,FaceSwap,416
870_001,/Users/nihaldastagiri/Desktop/Major Project/FaceForensics++_C23/FaceSwap/870_001.mp4,1,FAKE,FaceSwap,870
882_952,/Users/nihaldastagiri/Desktop/Major Project/FaceForensics++_C23/FaceSwap/882_952.mp4,1,FAKE,FaceSwap,882
680_486,/Users/nihaldastagiri/Desktop/Major Project/FaceForensics++_C23/FaceSwap/680_486.mp4,1,FAKE,FaceSwap,680
177_211,/Users/nihaldastagiri/Desktop/Major Project/FaceForensics++_C23/FaceSwap/177_211.mp4,1,FAKE,FaceSwap,177
395_401,/Users/nihaldastagiri/Desktop/Major Project/FaceForensics++_C23/FaceSwap/395_401.mp4,1,FAKE,FaceSwap,395
911_910,/Users/nihaldastagiri/Desktop/Major Project/FaceForensics++_C23/FaceSwap/911_910.mp4,1,FAKE,FaceSwap,911
793_768,/Users/nihaldastagiri/Desktop/Major Project/FaceForensics++_C23/FaceSwap/793_768.mp4,1,FAKE,FaceSwap,793
960_999,/Users/nihaldastagiri/Desktop/Major Project/FaceForensics++_C23/FaceSwap/960_999.mp4,1,FAKE,FaceSwap,960
684_717,/Users/nihaldastagiri/Desktop/Major Project/FaceForensics++_C23/FaceSwap/684_717.mp4,1,FAKE,FaceSwap,684
383_353,/Users/nihaldastagiri/Desktop/Major Project/FaceForensics++_C23/FaceSwap/383_353.mp4,1,FAKE,FaceSwap,383
956_958,/Users/nihaldastagiri/Desktop/Major Project/FaceForensics++_C23/FaceSwap/956_958.mp4,1,FAKE,FaceSwap,956
751_752,/Users/nihaldastagiri/Desktop/Major Project/FaceForensics++_C23/FaceSwap/751_752.mp4,1,FAKE,FaceSwap,751
257_420,/Users/nihaldastagiri/Desktop/Major Project/FaceForensics++_C23/FaceSwap/257_420.mp4,1,FAKE,FaceSwap,257
538_493,/Users/nihaldastagiri/Desktop/Major Project/FaceForensics++_C23/FaceSwap/538_493.mp4,1,FAKE,FaceSwap,538
335_277,/Users/nihaldastagiri/Desktop/Major Project/FaceForensics++_C23/FaceSwap/335_277.mp4,1,FAKE,FaceSwap,335
015_919,/Users/nihaldastagiri/Desktop/Major Project/FaceForensics++_C23/FaceSwap/015_919.mp4,1,FAKE,FaceSwap,015
324_356,/Users/nihaldastagiri/Desktop/Major Project/FaceForensics++_C23/FaceSwap/324_356.mp4,1,FAKE,FaceSwap,324
758_754,/Users/nihaldastagiri/Desktop/Major Project/FaceForensics++_C23/FaceSwap/758_754.mp4,1,FAKE,FaceSwap,758
222_168,/Users/nihaldastagiri/Desktop/Major Project/FaceForensics++_C23/FaceSwap/222_168.mp4,1,FAKE,FaceSwap,222
179_212,/Users/nihaldastagiri/Desktop/Major Project/FaceForensics++_C23/FaceSwap/179_212.mp4,1,FAKE,FaceSwap,179
983_113,/Users/nihaldastagiri/Desktop/Major Project/FaceForensics++_C23/FaceSwap/983_113.mp4,1,FAKE,FaceSwap,983
022_489,/Users/nihaldastagiri/Desktop/Major Project/FaceForensics++_C23/FaceSwap/022_489.mp4,1,FAKE,FaceSwap,022
356_324,/Users/nihaldastagiri/Desktop/Major Project/FaceForensics++_C23/FaceSwap/356_324.mp4,1,FAKE,FaceSwap,356
666_656,/Users/nihaldastagiri/Desktop/Major Project/FaceForensics++_C23/FaceSwap/666_656.mp4,1,FAKE,FaceSwap,666
861_858,/Users/nihaldastagiri/Desktop/Major Project/FaceForensics++_C23/FaceSwap/861_858.mp4,1,FAKE,FaceSwap,861
340_341,/Users/nihaldastagiri/Desktop/Major Project/FaceForensics++_C23/FaceSwap/340_341.mp4,1,FAKE,FaceSwap,340
431_447,/Users/nihaldastagiri/Desktop/Major Project/FaceForensics++_C23/FaceSwap/431_447.mp4,1,FAKE,FaceSwap,431
551_631,/Users/nihaldastagiri/Desktop/Major Project/FaceForensics++_C23/FaceSwap/551_631.mp4,1,FAKE,FaceSwap,551
833_826,/Users/nihaldastagiri/Desktop/Major Project/FaceForensics++_C23/FaceSwap/833_826.mp4,1,FAKE,FaceSwap,833
203_201,/Users/nihaldastagiri/Desktop/Major Project/FaceForensics++_C23/FaceSwap/203_201.mp4,1,FAKE,FaceSwap,203
630_623,/Users/nihaldastagiri/Desktop/Major Project/FaceForensics++_C23/FaceSwap/630_623.mp4,1,FAKE,FaceSwap,630
093_121,/Users/nihaldastagiri/Desktop/Major Project/FaceForensics++_C23/FaceSwap/093_121.mp4,1,FAKE,FaceSwap,093
558_583,/Users/nihaldastagiri/Desktop/Major Project/FaceForensics++_C23/FaceSwap/558_583.mp4,1,FAKE,FaceSwap,558
068_028,/Users/nihaldastagiri/Desktop/Major Project/FaceForensics++_C23/FaceSwap/068_028.mp4,1,FAKE,FaceSwap,068
622_647,/Users/nihaldastagiri/Desktop/Major Project/FaceForensics++_C23/FaceSwap/622_647.mp4,1,FAKE,FaceSwap,622
284_263,/Users/nihaldastagiri/Desktop/Major Project/FaceForensics++_C23/FaceSwap/284_263.mp4,1,FAKE,FaceSwap,284
844_797,/Users/nihaldastagiri/Desktop/Major Project/FaceForensics++_C23/FaceSwap/844_797.mp4,1,FAKE,FaceSwap,844
434_438,/Users/nihaldastagiri/Desktop/Major Project/FaceForensics++_C23/FaceSwap/434_438.mp4,1,FAKE,FaceSwap,434
153_150,/Users/nihaldastagiri/Desktop/Major Project/FaceForensics++_C23/FaceSwap/153_150.mp4,1,FAKE,FaceSwap,153
075_977,/Users/nihaldastagiri/Desktop/Major Project/FaceForensics++_C23/FaceSwap/075_977.mp4,1,FAKE,FaceSwap,075
730_815,/Users/nihaldastagiri/Desktop/Major Project/FaceForensics++_C23/FaceSwap/730_815.mp4,1,FAKE,FaceSwap,730
446_667,/Users/nihaldastagiri/Desktop/Major Project/FaceForensics++_C23/FaceSwap/446_667.mp4,1,FAKE,FaceSwap,446
188_191,/Users/nihaldastagiri/Desktop/Major Project/FaceForensics++_C23/FaceSwap/188_191.mp4,1,FAKE,FaceSwap,188
271_264,/Users/nihaldastagiri/Desktop/Major Project/FaceForensics++_C23/FaceSwap/271_264.mp4,1,FAKE,FaceSwap,271
236_237,/Users/nihaldastagiri/Desktop/Major Project/FaceForensics++_C23/FaceSwap/236_237.mp4,1,FAKE,FaceSwap,236
487_477,/Users/nihaldastagiri/Desktop/Major Project/FaceForensics++_C23/FaceSwap/487_477.mp4,1,FAKE,FaceSwap,487
117_217,/Users/nihaldastagiri/Desktop/Major Project/FaceForensics++_C23/FaceSwap/117_217.mp4,1,FAKE,FaceSwap,117
943_942,/Users/nihaldastagiri/Desktop/Major Project/FaceForensics++_C23/FaceSwap/943_942.mp4,1,FAKE,FaceSwap,943
512_495,/Users/nihaldastagiri/Desktop/Major Project/FaceForensics++_C23/FaceSwap/512_495.mp4,1,FAKE,FaceSwap,512
825_074,/Users/nihaldastagiri/Desktop/Major Project/FaceForensics++_C23/FaceSwap/825_074.mp4,1,FAKE,FaceSwap,825
591_605,/Users/nihaldastagiri/Desktop/Major Project/FaceForensics++_C23/FaceSwap/591_605.mp4,1,FAKE,FaceSwap,591
126_104,/Users/nihaldastagiri/Desktop/Major Project/FaceForensics++_C23/FaceSwap/126_104.mp4,1,FAKE,FaceSwap,126
116_091,/Users/nihaldastagiri/Desktop/Major Project/FaceForensics++_C23/FaceSwap/116_091.mp4,1,FAKE,FaceSwap,116
473_366,/Users/nihaldastagiri/Desktop/Major Project/FaceForensics++_C23/FaceSwap/473_366.mp4,1,FAKE,FaceSwap,473
693_698,/Users/nihaldastagiri/Desktop/Major Project/FaceForensics++_C23/FaceSwap/693_698.mp4,1,FAKE,FaceSwap,693
057_070,/Users/nihaldastagiri/Desktop/Major Project/FaceForensics++_C23/FaceSwap/057_070.mp4,1,FAKE,FaceSwap,057
863_853,/Users/nihaldastagiri/Desktop/Major Project/FaceForensics++_C23/FaceSwap/863_853.mp4,1,FAKE,FaceSwap,863
912_927,/Users/nihaldastagiri/Desktop/Major Project/FaceForensics++_C23/FaceSwap/912_927.mp4,1,FAKE,FaceSwap,912
369_316,/Users/nihaldastagiri/Desktop/Major Project/FaceForensics++_C23/FaceSwap/369_316.mp4,1,FAKE,FaceSwap,369
268_269,/Users/nihaldastagiri/Desktop/Major Project/FaceForensics++_C23/FaceSwap/268_269.mp4,1,FAKE,FaceSwap,268
046_904,/Users/nihaldastagiri/Desktop/Major Project/FaceForensics++_C23/FaceSwap/046_904.mp4,1,FAKE,FaceSwap,046
349_350,/Users/nihaldastagiri/Desktop/Major Project/FaceForensics++_C23/FaceSwap/349_350.mp4,1,FAKE,FaceSwap,349
195_442,/Users/nihaldastagiri/Desktop/Major Project/FaceForensics++_C23/FaceSwap/195_442.mp4,1,FAKE,FaceSwap,195
999_960,/Users/nihaldastagiri/Desktop/Major Project/FaceForensics++_C23/FaceSwap/999_960.mp4,1,FAKE,FaceSwap,999
834_852,/Users/nihaldastagiri/Desktop/Major Project/FaceForensics++_C23/FaceSwap/834_852.mp4,1,FAKE,FaceSwap,834
736_785,/Users/nihaldastagiri/Desktop/Major Project/FaceForensics++_C23/FaceSwap/736_785.mp4,1,FAKE,FaceSwap,736
263_284,/Users/nihaldastagiri/Desktop/Major Project/FaceForensics++_C23/FaceSwap/263_284.mp4,1,FAKE,FaceSwap,263
443_514,/Users/nihaldastagiri/Desktop/Major Project/FaceForensics++_C23/FaceSwap/443_514.mp4,1,FAKE,FaceSwap,443
675_608,/Users/nihaldastagiri/Desktop/Major Project/FaceForensics++_C23/FaceSwap/675_608.mp4,1,FAKE,FaceSwap,675
304_300,/Users/nihaldastagiri/Desktop/Major Project/FaceForensics++_C23/FaceSwap/304_300.mp4,1,FAKE,FaceSwap,304
341_340,/Users/nihaldastagiri/Desktop/Major Project/FaceForensics++_C23/FaceSwap/341_340.mp4,1,FAKE,FaceSwap,341
966_988,/Users/nihaldastagiri/Desktop/Major Project/FaceForensics++_C23/FaceSwap/966_988.mp4,1,FAKE,FaceSwap,966
149_152,/Users/nihaldastagiri/Desktop/Major Project/FaceForensics++_C23/FaceSwap/149_152.mp4,1,FAKE,FaceSwap,149
124_085,/Users/nihaldastagiri/Desktop/Major Project/FaceForensics++_C23/FaceSwap/124_085.mp4,1,FAKE,FaceSwap,124
786_819,/Users/nihaldastagiri/Desktop/Major Project/FaceForensics++_C23/FaceSwap/786_819.mp4,1,FAKE,FaceSwap,786
050_059,/Users/nihaldastagiri/Desktop/Major Project/FaceForensics++_C23/FaceSwap/050_059.mp4,1,FAKE,FaceSwap,050
353_383,/Users/nihaldastagiri/Desktop/Major Project/FaceForensics++_C23/FaceSwap/353_383.mp4,1,FAKE,FaceSwap,353
927_912,/Users/nihaldastagiri/Desktop/Major Project/FaceForensics++_C23/FaceSwap/927_912.mp4,1,FAKE,FaceSwap,927
142_138,/Users/nihaldastagiri/Desktop/Major Project/FaceForensics++_C23/FaceSwap/142_138.mp4,1,FAKE,FaceSwap,142
470_468,/Users/nihaldastagiri/Desktop/Major Project/FaceForensics++_C23/FaceSwap/470_468.mp4,1,FAKE,FaceSwap,470
399_488,/Users/nihaldastagiri/Desktop/Major Project/FaceForensics++_C23/FaceSwap/399_488.mp4,1,FAKE,FaceSwap,399
625_650,/Users/nihaldastagiri/Desktop/Major Project/FaceForensics++_C23/FaceSwap/625_650.mp4,1,FAKE,FaceSwap,625
320_328,/Users/nihaldastagiri/Desktop/Major Project/FaceForensics++_C23/FaceSwap/320_328.mp4,1,FAKE,FaceSwap,320
019_018,/Users/nihaldastagiri/Desktop/Major Project/FaceForensics++_C23/FaceSwap/019_018.mp4,1,FAKE,FaceSwap,019
809_799,/Users/nihaldastagiri/Desktop/Major Project/FaceForensics++_C23/FaceSwap/809_799.mp4,1,FAKE,FaceSwap,809
790_014,/Users/nihaldastagiri/Desktop/Major Project/FaceForensics++_C23/FaceSwap/790_014.mp4,1,FAKE,FaceSwap,790
808_829,/Users/nihaldastagiri/Desktop/Major Project/FaceForensics++_C23/FaceSwap/808_829.mp4,1,FAKE,FaceSwap,808
407_374,/Users/nihaldastagiri/Desktop/Major Project/FaceForensics++_C23/FaceSwap/407_374.mp4,1,FAKE,FaceSwap,407
537_563,/Users/nihaldastagiri/Desktop/Major Project/FaceForensics++_C23/FaceSwap/537_563.mp4,1,FAKE,FaceSwap,537
620_619,/Users/nihaldastagiri/Desktop/Major Project/FaceForensics++_C23/FaceSwap/620_619.mp4,1,FAKE,FaceSwap,620
038_125,/Users/nihaldastagiri/Desktop/Major Project/FaceForensics++_C23/FaceSwap/038_125.mp4,1,FAKE,FaceSwap,038
175_159,/Users/nihaldastagiri/Desktop/Major Project/FaceForensics++_C23/FaceSwap/175_159.mp4,1,FAKE,FaceSwap,175
245_157,/Users/nihaldastagiri/Desktop/Major Project/FaceForensics++_C23/FaceSwap/245_157.mp4,1,FAKE,FaceSwap,245
828_830,/Users/nihaldastagiri/Desktop/Major Project/FaceForensics++_C23/FaceSwap/828_830.mp4,1,FAKE,FaceSwap,828
667_446,/Users/nihaldastagiri/Desktop/Major Project/FaceForensics++_C23/FaceSwap/667_446.mp4,1,FAKE,FaceSwap,667
754_758,/Users/nihaldastagiri/Desktop/Major Project/FaceForensics++_C23/FaceSwap/754_758.mp4,1,FAKE,FaceSwap,754
858_861,/Users/nihaldastagiri/Desktop/Major Project/FaceForensics++_C23/FaceSwap/858_861.mp4,1,FAKE,FaceSwap,858
154_386,/Users/nihaldastagiri/Desktop/Major Project/FaceForensics++_C23/FaceSwap/154_386.mp4,1,FAKE,FaceSwap,154
287_426,/Users/nihaldastagiri/Desktop/Major Project/FaceForensics++_C23/FaceSwap/287_426.mp4,1,FAKE,FaceSwap,287
602_397,/Users/nihaldastagiri/Desktop/Major Project/FaceForensics++_C23/FaceSwap/602_397.mp4,1,FAKE,FaceSwap,602
569_921,/Users/nihaldastagiri/Desktop/Major Project/FaceForensics++_C23/FaceSwap/569_921.mp4,1,FAKE,FaceSwap,569
743_750,/Users/nihaldastagiri/Desktop/Major Project/FaceForensics++_C23/FaceSwap/743_750.mp4,1,FAKE,FaceSwap,743
017_803,/Users/nihaldastagiri/Desktop/Major Project/FaceForensics++_C23/FaceSwap/017_803.mp4,1,FAKE,FaceSwap,017
127_129,/Users/nihaldastagiri/Desktop/Major Project/FaceForensics++_C23/FaceSwap/127_129.mp4,1,FAKE,FaceSwap,127
322_315,/Users/nihaldastagiri/Desktop/Major Project/FaceForensics++_C23/FaceSwap/322_315.mp4,1,FAKE,FaceSwap,322
255_214,/Users/nihaldastagiri/Desktop/Major Project/FaceForensics++_C23/FaceSwap/255_214.mp4,1,FAKE,FaceSwap,255
657_644,/Users/nihaldastagiri/Desktop/Major Project/FaceForensics++_C23/FaceSwap/657_644.mp4,1,FAKE,FaceSwap,657
964_174,/Users/nihaldastagiri/Desktop/Major Project/FaceForensics++_C23/FaceSwap/964_174.mp4,1,FAKE,FaceSwap,964
190_176,/Users/nihaldastagiri/Desktop/Major Project/FaceForensics++_C23/FaceSwap/190_176.mp4,1,FAKE,FaceSwap,190
115_939,/Users/nihaldastagiri/Desktop/Major Project/FaceForensics++_C23/FaceSwap/115_939.mp4,1,FAKE,FaceSwap,115
616_614,/Users/nihaldastagiri/Desktop/Major Project/FaceForensics++_C23/FaceSwap/616_614.mp4,1,FAKE,FaceSwap,616
606_567,/Users/nihaldastagiri/Desktop/Major Project/FaceForensics++_C23/FaceSwap/606_567.mp4,1,FAKE,FaceSwap,606
180_105,/Users/nihaldastagiri/Desktop/Major Project/FaceForensics++_C23/FaceSwap/180_105.mp4,1,FAKE,FaceSwap,180
301_262,/Users/nihaldastagiri/Desktop/Major Project/FaceForensics++_C23/FaceSwap/301_262.mp4,1,FAKE,FaceSwap,301
759_755,/Users/nihaldastagiri/Desktop/Major Project/FaceForensics++_C23/FaceSwap/759_755.mp4,1,FAKE,FaceSwap,759
712_716,/Users/nihaldastagiri/Desktop/Major Project/FaceForensics++_C23/FaceSwap/712_716.mp4,1,FAKE,FaceSwap,712
723_704,/Users/nihaldastagiri/Desktop/Major Project/FaceForensics++_C23/FaceSwap/723_704.mp4,1,FAKE,FaceSwap,723
685_613,/Users/nihaldastagiri/Desktop/Major Project/FaceForensics++_C23/FaceSwap/685_613.mp4,1,FAKE,FaceSwap,685
979_875,/Users/nihaldastagiri/Desktop/Major Project/FaceForensics++_C23/FaceSwap/979_875.mp4,1,FAKE,FaceSwap,979
517_521,/Users/nihaldastagiri/Desktop/Major Project/FaceForensics++_C23/FaceSwap/517_521.mp4,1,FAKE,FaceSwap,517
984_967,/Users/nihaldastagiri/Desktop/Major Project/FaceForensics++_C23/FaceSwap/984_967.mp4,1,FAKE,FaceSwap,984
045_889,/Users/nihaldastagiri/Desktop/Major Project/FaceForensics++_C23/FaceSwap/045_889.mp4,1,FAKE,FaceSwap,045
909_857,/Users/nihaldastagiri/Desktop/Major Project/FaceForensics++_C23/FaceSwap/909_857.mp4,1,FAKE,FaceSwap,909
157_245,/Users/nihaldastagiri/Desktop/Major Project/FaceForensics++_C23/FaceSwap/157_245.mp4,1,FAKE,FaceSwap,157
851_552,/Users/nihaldastagiri/Desktop/Major Project/FaceForensics++_C23/FaceSwap/851_552.mp4,1,FAKE,FaceSwap,851
171_173,/Users/nihaldastagiri/Desktop/Major Project/FaceForensics++_C23/FaceSwap/171_173.mp4,1,FAKE,FaceSwap,171
016_209,/Users/nihaldastagiri/Desktop/Major Project/FaceForensics++_C23/FaceSwap/016_209.mp4,1,FAKE,FaceSwap,016
511_472,/Users/nihaldastagiri/Desktop/Major Project/FaceForensics++_C23/FaceSwap/511_472.mp4,1,FAKE,FaceSwap,511
048_029,/Users/nihaldastagiri/Desktop/Major Project/FaceForensics++_C23/FaceSwap/048_029.mp4,1,FAKE,FaceSwap,048
971_564,/Users/nihaldastagiri/Desktop/Major Project/FaceForensics++_C23/FaceSwap/971_564.mp4,1,FAKE,FaceSwap,971
940_941,/Users/nihaldastagiri/Desktop/Major Project/FaceForensics++_C23/FaceSwap/940_941.mp4,1,FAKE,FaceSwap,940
515_519,/Users/nihaldastagiri/Desktop/Major Project/FaceForensics++_C23/FaceSwap/515_519.mp4,1,FAKE,FaceSwap,515
952_882,/Users/nihaldastagiri/Desktop/Major Project/FaceForensics++_C23/FaceSwap/952_882.mp4,1,FAKE,FaceSwap,952
480_389,/Users/nihaldastagiri/Desktop/Major Project/FaceForensics++_C23/FaceSwap/480_389.mp4,1,FAKE,FaceSwap,480
283_313,/Users/nihaldastagiri/Desktop/Major Project/FaceForensics++_C23/FaceSwap/283_313.mp4,1,FAKE,FaceSwap,283
718_972,/Users/nihaldastagiri/Desktop/Major Project/FaceForensics++_C23/FaceSwap/718_972.mp4,1,FAKE,FaceSwap,718
877_886,/Users/nihaldastagiri/Desktop/Major Project/FaceForensics++_C23/FaceSwap/877_886.mp4,1,FAKE,FaceSwap,877
225_151,/Users/nihaldastagiri/Desktop/Major Project/FaceForensics++_C23/FaceSwap/225_151.mp4,1,FAKE,FaceSwap,225
026_012,/Users/nihaldastagiri/Desktop/Major Project/FaceForensics++_C23/FaceSwap/026_012.mp4,1,FAKE,FaceSwap,026
954_976,/Users/nihaldastagiri/Desktop/Major Project/FaceForensics++_C23/FaceSwap/954_976.mp4,1,FAKE,FaceSwap,954
437_360,/Users/nihaldastagiri/Desktop/Major Project/FaceForensics++_C23/FaceSwap/437_360.mp4,1,FAKE,FaceSwap,437
951_947,/Users/nihaldastagiri/Desktop/Major Project/FaceForensics++_C23/FaceSwap/951_947.mp4,1,FAKE,FaceSwap,951
364_440,/Users/nihaldastagiri/Desktop/Major Project/FaceForensics++_C23/FaceSwap/364_440.mp4,1,FAKE,FaceSwap,364
229_247,/Users/nihaldastagiri/Desktop/Major Project/FaceForensics++_C23/FaceSwap/229_247.mp4,1,FAKE,FaceSwap,229
037_072,/Users/nihaldastagiri/Desktop/Major Project/FaceForensics++_C23/FaceSwap/037_072.mp4,1,FAKE,FaceSwap,037
965_948,/Users/nihaldastagiri/Desktop/Major Project/FaceForensics++_C23/FaceSwap/965_948.mp4,1,FAKE,FaceSwap,965
374_407,/Users/nihaldastagiri/Desktop/Major Project/FaceForensics++_C23/FaceSwap/374_407.mp4,1,FAKE,FaceSwap,374
469_481,/Users/nihaldastagiri/Desktop/Major Project/FaceForensics++_C23/FaceSwap/469_481.mp4,1,FAKE,FaceSwap,469
967_984,/Users/nihaldastagiri/Desktop/Major Project/FaceForensics++_C23/FaceSwap/967_984.mp4,1,FAKE,FaceSwap,967
850_764,/Users/nihaldastagiri/Desktop/Major Project/FaceForensics++_C23/FaceSwap/850_764.mp4,1,FAKE,FaceSwap,850
704_723,/Users/nihaldastagiri/Desktop/Major Project/FaceForensics++_C23/FaceSwap/704_723.mp4,1,FAKE,FaceSwap,704
841_639,/Users/nihaldastagiri/Desktop/Major Project/FaceForensics++_C23/FaceSwap/841_639.mp4,1,FAKE,FaceSwap,841
194_235,/Users/nihaldastagiri/Desktop/Major Project/FaceForensics++_C23/FaceSwap/194_235.mp4,1,FAKE,FaceSwap,194
854_747,/Users/nihaldastagiri/Desktop/Major Project/FaceForensics++_C23/FaceSwap/854_747.mp4,1,FAKE,FaceSwap,854
864_839,/Users/nihaldastagiri/Desktop/Major Project/FaceForensics++_C23/FaceSwap/864_839.mp4,1,FAKE,FaceSwap,864
503_756,/Users/nihaldastagiri/Desktop/Major Project/FaceForensics++_C23/FaceSwap/503_756.mp4,1,FAKE,FaceSwap,503
969_897,/Users/nihaldastagiri/Desktop/Major Project/FaceForensics++_C23/FaceSwap/969_897.mp4,1,FAKE,FaceSwap,969
830_828,/Users/nihaldastagiri/Desktop/Major Project/FaceForensics++_C23/FaceSwap/830_828.mp4,1,FAKE,FaceSwap,830
579_701,/Users/nihaldastagiri/Desktop/Major Project/FaceForensics++_C23/FaceSwap/579_701.mp4,1,FAKE,FaceSwap,579
968_884,/Users/nihaldastagiri/Desktop/Major Project/FaceForensics++_C23/FaceSwap/968_884.mp4,1,FAKE,FaceSwap,968
162_330,/Users/nihaldastagiri/Desktop/Major Project/FaceForensics++_C23/FaceSwap/162_330.mp4,1,FAKE,FaceSwap,162
908_207,/Users/nihaldastagiri/Desktop/Major Project/FaceForensics++_C23/FaceSwap/908_207.mp4,1,FAKE,FaceSwap,908
152_149,/Users/nihaldastagiri/Desktop/Major Project/FaceForensics++_C23/FaceSwap/152_149.mp4,1,FAKE,FaceSwap,152
801_855,/Users/nihaldastagiri/Desktop/Major Project/FaceForensics++_C23/FaceSwap/801_855.mp4,1,FAKE,FaceSwap,801
993_989,/Users/nihaldastagiri/Desktop/Major Project/FaceForensics++_C23/FaceSwap/993_989.mp4,1,FAKE,FaceSwap,993
755_759,/Users/nihaldastagiri/Desktop/Major Project/FaceForensics++_C23/FaceSwap/755_759.mp4,1,FAKE,FaceSwap,755
111_094,/Users/nihaldastagiri/Desktop/Major Project/FaceForensics++_C23/FaceSwap/111_094.mp4,1,FAKE,FaceSwap,111
226_491,/Users/nihaldastagiri/Desktop/Major Project/FaceForensics++_C23/FaceSwap/226_491.mp4,1,FAKE,FaceSwap,226
688_645,/Users/nihaldastagiri/Desktop/Major Project/FaceForensics++_C23/FaceSwap/688_645.mp4,1,FAKE,FaceSwap,688
103_082,/Users/nihaldastagiri/Desktop/Major Project/FaceForensics++_C23/FaceSwap/103_082.mp4,1,FAKE,FaceSwap,103
421_423,/Users/nihaldastagiri/Desktop/Major Project/FaceForensics++_C23/FaceSwap/421_423.mp4,1,FAKE,FaceSwap,421
419_824,/Users/nihaldastagiri/Desktop/Major Project/FaceForensics++_C23/FaceSwap/419_824.mp4,1,FAKE,FaceSwap,419
750_743,/Users/nihaldastagiri/Desktop/Major Project/FaceForensics++_C23/FaceSwap/750_743.mp4,1,FAKE,FaceSwap,750
586_223,/Users/nihaldastagiri/Desktop/Major Project/FaceForensics++_C23/FaceSwap/586_223.mp4,1,FAKE,FaceSwap,586
780_869,/Users/nihaldastagiri/Desktop/Major Project/FaceForensics++_C23/FaceSwap/780_869.mp4,1,FAKE,FaceSwap,780
672_720,/Users/nihaldastagiri/Desktop/Major Project/FaceForensics++_C23/FaceSwap/672_720.mp4,1,FAKE,FaceSwap,672
119_123,/Users/nihaldastagiri/Desktop/Major Project/FaceForensics++_C23/FaceSwap/119_123.mp4,1,FAKE,FaceSwap,119
053_095,/Users/nihaldastagiri/Desktop/Major Project/FaceForensics++_C23/FaceSwap/053_095.mp4,1,FAKE,FaceSwap,053
151_225,/Users/nihaldastagiri/Desktop/Major Project/FaceForensics++_C23/FaceSwap/151_225.mp4,1,FAKE,FaceSwap,151
403_497,/Users/nihaldastagiri/Desktop/Major Project/FaceForensics++_C23/FaceSwap/403_497.mp4,1,FAKE,FaceSwap,403
945_044,/Users/nihaldastagiri/Desktop/Major Project/FaceForensics++_C23/FaceSwap/945_044.mp4,1,FAKE,FaceSwap,945
207_908,/Users/nihaldastagiri/Desktop/Major Project/FaceForensics++_C23/FaceSwap/207_908.mp4,1,FAKE,FaceSwap,207
658_627,/Users/nihaldastagiri/Desktop/Major Project/FaceForensics++_C23/FaceSwap/658_627.mp4,1,FAKE,FaceSwap,658
843_859,/Users/nihaldastagiri/Desktop/Major Project/FaceForensics++_C23/FaceSwap/843_859.mp4,1,FAKE,FaceSwap,843
762_832,/Users/nihaldastagiri/Desktop/Major Project/FaceForensics++_C23/FaceSwap/762_832.mp4,1,FAKE,FaceSwap,762
008_990,/Users/nihaldastagiri/Desktop/Major Project/FaceForensics++_C23/FaceSwap/008_990.mp4,1,FAKE,FaceSwap,008
807_273,/Users/nihaldastagiri/Desktop/Major Project/FaceForensics++_C23/FaceSwap/807_273.mp4,1,FAKE,FaceSwap,807
036_035,/Users/nihaldastagiri/Desktop/Major Project/FaceForensics++_C23/FaceSwap/036_035.mp4,1,FAKE,FaceSwap,036
452_550,/Users/nihaldastagiri/Desktop/Major Project/FaceForensics++_C23/FaceSwap/452_550.mp4,1,FAKE,FaceSwap,452
651_835,/Users/nihaldastagiri/Desktop/Major Project/FaceForensics++_C23/FaceSwap/651_835.mp4,1,FAKE,FaceSwap,651
253_183,/Users/nihaldastagiri/Desktop/Major Project/FaceForensics++_C23/FaceSwap/253_183.mp4,1,FAKE,FaceSwap,253
303_309,/Users/nihaldastagiri/Desktop/Major Project/FaceForensics++_C23/FaceSwap/303_309.mp4,1,FAKE,FaceSwap,303
746_571,/Users/nihaldastagiri/Desktop/Major Project/FaceForensics++_C23/FaceSwap/746_571.mp4,1,FAKE,FaceSwap,746
571_746,/Users/nihaldastagiri/Desktop/Major Project/FaceForensics++_C23/FaceSwap/571_746.mp4,1,FAKE,FaceSwap,571
623_630,/Users/nihaldastagiri/Desktop/Major Project/FaceForensics++_C23/FaceSwap/623_630.mp4,1,FAKE,FaceSwap,623
732_691,/Users/nihaldastagiri/Desktop/Major Project/FaceForensics++_C23/FaceSwap/732_691.mp4,1,FAKE,FaceSwap,732
891_876,/Users/nihaldastagiri/Desktop/Major Project/FaceForensics++_C23/FaceSwap/891_876.mp4,1,FAKE,FaceSwap,891
262_301,/Users/nihaldastagiri/Desktop/Major Project/FaceForensics++_C23/FaceSwap/262_301.mp4,1,FAKE,FaceSwap,262
610_692,/Users/nihaldastagiri/Desktop/Major Project/FaceForensics++_C23/FaceSwap/610_692.mp4,1,FAKE,FaceSwap,610
297_270,/Users/nihaldastagiri/Desktop/Major Project/FaceForensics++_C23/FaceSwap/297_270.mp4,1,FAKE,FaceSwap,297
414_385,/Users/nihaldastagiri/Desktop/Major Project/FaceForensics++_C23/FaceSwap/414_385.mp4,1,FAKE,FaceSwap,414
150_153,/Users/nihaldastagiri/Desktop/Major Project/FaceForensics++_C23/FaceSwap/150_153.mp4,1,FAKE,FaceSwap,150
521_517,/Users/nihaldastagiri/Desktop/Major Project/FaceForensics++_C23/NeuralTextures/521_517.mp4,1,FAKE,NeuralTextures,521
737_719,/Users/nihaldastagiri/Desktop/Major Project/FaceForensics++_C23/NeuralTextures/737_719.mp4,1,FAKE,NeuralTextures,737
740_796,/Users/nihaldastagiri/Desktop/Major Project/FaceForensics++_C23/NeuralTextures/740_796.mp4,1,FAKE,NeuralTextures,740
660_634,/Users/nihaldastagiri/Desktop/Major Project/FaceForensics++_C23/NeuralTextures/660_634.mp4,1,FAKE,NeuralTextures,660
411_410,/Users/nihaldastagiri/Desktop/Major Project/FaceForensics++_C23/NeuralTextures/411_410.mp4,1,FAKE,NeuralTextures,411
678_460,/Users/nihaldastagiri/Desktop/Major Project/FaceForensics++_C23/NeuralTextures/678_460.mp4,1,FAKE,NeuralTextures,678
626_562,/Users/nihaldastagiri/Desktop/Major Project/FaceForensics++_C23/NeuralTextures/626_562.mp4,1,FAKE,NeuralTextures,626
513_305,/Users/nihaldastagiri/Desktop/Major Project/FaceForensics++_C23/NeuralTextures/513_305.mp4,1,FAKE,NeuralTextures,513
859_843,/Users/nihaldastagiri/Desktop/Major Project/FaceForensics++_C23/NeuralTextures/859_843.mp4,1,FAKE,NeuralTextures,859
136_285,/Users/nihaldastagiri/Desktop/Major Project/FaceForensics++_C23/NeuralTextures/136_285.mp4,1,FAKE,NeuralTextures,136
811_920,/Users/nihaldastagiri/Desktop/Major Project/FaceForensics++_C23/NeuralTextures/811_920.mp4,1,FAKE,NeuralTextures,811
076_079,/Users/nihaldastagiri/Desktop/Major Project/FaceForensics++_C23/NeuralTextures/076_079.mp4,1,FAKE,NeuralTextures,076
636_578,/Users/nihaldastagiri/Desktop/Major Project/FaceForensics++_C23/NeuralTextures/636_578.mp4,1,FAKE,NeuralTextures,636
973_970,/Users/nihaldastagiri/Desktop/Major Project/FaceForensics++_C23/NeuralTextures/973_970.mp4,1,FAKE,NeuralTextures,973
938_987,/Users/nihaldastagiri/Desktop/Major Project/FaceForensics++_C23/NeuralTextures/938_987.mp4,1,FAKE,NeuralTextures,938
899_914,/Users/nihaldastagiri/Desktop/Major Project/FaceForensics++_C23/NeuralTextures/899_914.mp4,1,FAKE,NeuralTextures,899
280_249,/Users/nihaldastagiri/Desktop/Major Project/FaceForensics++_C23/NeuralTextures/280_249.mp4,1,FAKE,NeuralTextures,280
883_013,/Users/nihaldastagiri/Desktop/Major Project/FaceForensics++_C23/NeuralTextures/883_013.mp4,1,FAKE,NeuralTextures,883
761_766,/Users/nihaldastagiri/Desktop/Major Project/FaceForensics++_C23/NeuralTextures/761_766.mp4,1,FAKE,NeuralTextures,761
319_352,/Users/nihaldastagiri/Desktop/Major Project/FaceForensics++_C23/NeuralTextures/319_352.mp4,1,FAKE,NeuralTextures,319
549_531,/Users/nihaldastagiri/Desktop/Major Project/FaceForensics++_C23/NeuralTextures/549_531.mp4,1,FAKE,NeuralTextures,549
174_964,/Users/nihaldastagiri/Desktop/Major Project/FaceForensics++_C23/NeuralTextures/174_964.mp4,1,FAKE,NeuralTextures,174
371_367,/Users/nihaldastagiri/Desktop/Major Project/FaceForensics++_C23/NeuralTextures/371_367.mp4,1,FAKE,NeuralTextures,371
527_454,/Users/nihaldastagiri/Desktop/Major Project/FaceForensics++_C23/NeuralTextures/527_454.mp4,1,FAKE,NeuralTextures,527
210_241,/Users/nihaldastagiri/Desktop/Major Project/FaceForensics++_C23/NeuralTextures/210_241.mp4,1,FAKE,NeuralTextures,210
235_194,/Users/nihaldastagiri/Desktop/Major Project/FaceForensics++_C23/NeuralTextures/235_194.mp4,1,FAKE,NeuralTextures,235
101_096,/Users/nihaldastagiri/Desktop/Major Project/FaceForensics++_C23/NeuralTextures/101_096.mp4,1,FAKE,NeuralTextures,101
986_994,/Users/nihaldastagiri/Desktop/Major Project/FaceForensics++_C23/NeuralTextures/986_994.mp4,1,FAKE,NeuralTextures,986
902_901,/Users/nihaldastagiri/Desktop/Major Project/FaceForensics++_C23/NeuralTextures/902_901.mp4,1,FAKE,NeuralTextures,902
947_951,/Users/nihaldastagiri/Desktop/Major Project/FaceForensics++_C23/NeuralTextures/947_951.mp4,1,FAKE,NeuralTextures,947
346_351,/Users/nihaldastagiri/Desktop/Major Project/FaceForensics++_C23/NeuralTextures/346_351.mp4,1,FAKE,NeuralTextures,346
139_130,/Users/nihaldastagiri/Desktop/Major Project/FaceForensics++_C23/NeuralTextures/139_130.mp4,1,FAKE,NeuralTextures,139
621_546,/Users/nihaldastagiri/Desktop/Major Project/FaceForensics++_C23/NeuralTextures/621_546.mp4,1,FAKE,NeuralTextures,621
499_539,/Users/nihaldastagiri/Desktop/Major Project/FaceForensics++_C23/NeuralTextures/499_539.mp4,1,FAKE,NeuralTextures,499
370_483,/Users/nihaldastagiri/Desktop/Major Project/FaceForensics++_C23/NeuralTextures/370_483.mp4,1,FAKE,NeuralTextures,370
198_106,/Users/nihaldastagiri/Desktop/Major Project/FaceForensics++_C23/NeuralTextures/198_106.mp4,1,FAKE,NeuralTextures,198
687_615,/Users/nihaldastagiri/Desktop/Major Project/FaceForensics++_C23/NeuralTextures/687_615.mp4,1,FAKE,NeuralTextures,687
584_823,/Users/nihaldastagiri/Desktop/Major Project/FaceForensics++_C23/NeuralTextures/584_823.mp4,1,FAKE,NeuralTextures,584
901_902,/Users/nihaldastagiri/Desktop/Major Project/FaceForensics++_C23/NeuralTextures/901_902.mp4,1,FAKE,NeuralTextures,901
059_050,/Users/nihaldastagiri/Desktop/Major Project/FaceForensics++_C23/NeuralTextures/059_050.mp4,1,FAKE,NeuralTextures,059
328_320,/Users/nihaldastagiri/Desktop/Major Project/FaceForensics++_C23/NeuralTextures/328_320.mp4,1,FAKE,NeuralTextures,328
096_101,/Users/nihaldastagiri/Desktop/Major Project/FaceForensics++_C23/NeuralTextures/096_101.mp4,1,FAKE,NeuralTextures,096
312_021,/Users/nihaldastagiri/Desktop/Major Project/FaceForensics++_C23/NeuralTextures/312_021.mp4,1,FAKE,NeuralTextures,312
974_953,/Users/nihaldastagiri/Desktop/Major Project/FaceForensics++_C23/NeuralTextures/974_953.mp4,1,FAKE,NeuralTextures,974
299_145,/Users/nihaldastagiri/Desktop/Major Project/FaceForensics++_C23/NeuralTextures/299_145.mp4,1,FAKE,NeuralTextures,299
277_335,/Users/nihaldastagiri/Desktop/Major Project/FaceForensics++_C23/NeuralTextures/277_335.mp4,1,FAKE,NeuralTextures,277
924_917,/Users/nihaldastagiri/Desktop/Major Project/FaceForensics++_C23/NeuralTextures/924_917.mp4,1,FAKE,NeuralTextures,924
601_653,/Users/nihaldastagiri/Desktop/Major Project/FaceForensics++_C23/NeuralTextures/601_653.mp4,1,FAKE,NeuralTextures,601
439_441,/Users/nihaldastagiri/Desktop/Major Project/FaceForensics++_C23/NeuralTextures/439_441.mp4,1,FAKE,NeuralTextures,439
837_890,/Users/nihaldastagiri/Desktop/Major Project/FaceForensics++_C23/NeuralTextures/837_890.mp4,1,FAKE,NeuralTextures,837
570_624,/Users/nihaldastagiri/Desktop/Major Project/FaceForensics++_C23/NeuralTextures/570_624.mp4,1,FAKE,NeuralTextures,570
879_963,/Users/nihaldastagiri/Desktop/Major Project/FaceForensics++_C23/NeuralTextures/879_963.mp4,1,FAKE,NeuralTextures,879
261_254,/Users/nihaldastagiri/Desktop/Major Project/FaceForensics++_C23/NeuralTextures/261_254.mp4,1,FAKE,NeuralTextures,261
578_636,/Users/nihaldastagiri/Desktop/Major Project/FaceForensics++_C23/NeuralTextures/578_636.mp4,1,FAKE,NeuralTextures,578
023_923,/Users/nihaldastagiri/Desktop/Major Project/FaceForensics++_C23/NeuralTextures/023_923.mp4,1,FAKE,NeuralTextures,023
030_193,/Users/nihaldastagiri/Desktop/Major Project/FaceForensics++_C23/NeuralTextures/030_193.mp4,1,FAKE,NeuralTextures,030
617_566,/Users/nihaldastagiri/Desktop/Major Project/FaceForensics++_C23/NeuralTextures/617_566.mp4,1,FAKE,NeuralTextures,617
010_005,/Users/nihaldastagiri/Desktop/Major Project/FaceForensics++_C23/NeuralTextures/010_005.mp4,1,FAKE,NeuralTextures,010
221_206,/Users/nihaldastagiri/Desktop/Major Project/FaceForensics++_C23/NeuralTextures/221_206.mp4,1,FAKE,NeuralTextures,221
820_818,/Users/nihaldastagiri/Desktop/Major Project/FaceForensics++_C23/NeuralTextures/820_818.mp4,1,FAKE,NeuralTextures,820
296_293,/Users/nihaldastagiri/Desktop/Major Project/FaceForensics++_C23/NeuralTextures/296_293.mp4,1,FAKE,NeuralTextures,296
054_071,/Users/nihaldastagiri/Desktop/Major Project/FaceForensics++_C23/NeuralTextures/054_071.mp4,1,FAKE,NeuralTextures,054
542_520,/Users/nihaldastagiri/Desktop/Major Project/FaceForensics++_C23/NeuralTextures/542_520.mp4,1,FAKE,NeuralTextures,542
209_016,/Users/nihaldastagiri/Desktop/Major Project/FaceForensics++_C23/NeuralTextures/209_016.mp4,1,FAKE,NeuralTextures,209
604_703,/Users/nihaldastagiri/Desktop/Major Project/FaceForensics++_C23/NeuralTextures/604_703.mp4,1,FAKE,NeuralTextures,604
692_610,/Users/nihaldastagiri/Desktop/Major Project/FaceForensics++_C23/NeuralTextures/692_610.mp4,1,FAKE,NeuralTextures,692
662_641,/Users/nihaldastagiri/Desktop/Major Project/FaceForensics++_C23/NeuralTextures/662_641.mp4,1,FAKE,NeuralTextures,662
866_878,/Users/nihaldastagiri/Desktop/Major Project/FaceForensics++_C23/NeuralTextures/866_878.mp4,1,FAKE,NeuralTextures,866
070_057,/Users/nihaldastagiri/Desktop/Major Project/FaceForensics++_C23/NeuralTextures/070_057.mp4,1,FAKE,NeuralTextures,070
543_559,/Users/nihaldastagiri/Desktop/Major Project/FaceForensics++_C23/NeuralTextures/543_559.mp4,1,FAKE,NeuralTextures,543
107_109,/Users/nihaldastagiri/Desktop/Major Project/FaceForensics++_C23/NeuralTextures/107_109.mp4,1,FAKE,NeuralTextures,107
493_538,/Users/nihaldastagiri/Desktop/Major Project/FaceForensics++_C23/NeuralTextures/493_538.mp4,1,FAKE,NeuralTextures,493
590_034,/Users/nihaldastagiri/Desktop/Major Project/FaceForensics++_C23/NeuralTextures/590_034.mp4,1,FAKE,NeuralTextures,590
741_731,/Users/nihaldastagiri/Desktop/Major Project/FaceForensics++_C23/NeuralTextures/741_731.mp4,1,FAKE,NeuralTextures,741
292_294,/Users/nihaldastagiri/Desktop/Major Project/FaceForensics++_C23/NeuralTextures/292_294.mp4,1,FAKE,NeuralTextures,292
289_228,/Users/nihaldastagiri/Desktop/Major Project/FaceForensics++_C23/NeuralTextures/289_228.mp4,1,FAKE,NeuralTextures,289
652_773,/Users/nihaldastagiri/Desktop/Major Project/FaceForensics++_C23/NeuralTextures/652_773.mp4,1,FAKE,NeuralTextures,652
039_058,/Users/nihaldastagiri/Desktop/Major Project/FaceForensics++_C23/NeuralTextures/039_058.mp4,1,FAKE,NeuralTextures,039
589_565,/Users/nihaldastagiri/Desktop/Major Project/FaceForensics++_C23/NeuralTextures/589_565.mp4,1,FAKE,NeuralTextures,589
307_365,/Users/nihaldastagiri/Desktop/Major Project/FaceForensics++_C23/NeuralTextures/307_365.mp4,1,FAKE,NeuralTextures,307
679_665,/Users/nihaldastagiri/Desktop/Major Project/FaceForensics++_C23/NeuralTextures/679_665.mp4,1,FAKE,NeuralTextures,679
066_062,/Users/nihaldastagiri/Desktop/Major Project/FaceForensics++_C23/NeuralTextures/066_062.mp4,1,FAKE,NeuralTextures,066
275_887,/Users/nihaldastagiri/Desktop/Major Project/FaceForensics++_C23/NeuralTextures/275_887.mp4,1,FAKE,NeuralTextures,275
067_025,/Users/nihaldastagiri/Desktop/Major Project/FaceForensics++_C23/NeuralTextures/067_025.mp4,1,FAKE,NeuralTextures,067
318_334,/Users/nihaldastagiri/Desktop/Major Project/FaceForensics++_C23/NeuralTextures/318_334.mp4,1,FAKE,NeuralTextures,318
548_632,/Users/nihaldastagiri/Desktop/Major Project/FaceForensics++_C23/NeuralTextures/548_632.mp4,1,FAKE,NeuralTextures,548
998_561,/Users/nihaldastagiri/Desktop/Major Project/FaceForensics++_C23/NeuralTextures/998_561.mp4,1,FAKE,NeuralTextures,998
714_842,/Users/nihaldastagiri/Desktop/Major Project/FaceForensics++_C23/NeuralTextures/714_842.mp4,1,FAKE,NeuralTextures,714
753_789,/Users/nihaldastagiri/Desktop/Major Project/FaceForensics++_C23/NeuralTextures/753_789.mp4,1,FAKE,NeuralTextures,753
327_329,/Users/nihaldastagiri/Desktop/Major Project/FaceForensics++_C23/NeuralTextures/327_329.mp4,1,FAKE,NeuralTextures,327
382_409,/Users/nihaldastagiri/Desktop/Major Project/FaceForensics++_C23/NeuralTextures/382_409.mp4,1,FAKE,NeuralTextures,382
451_449,/Users/nihaldastagiri/Desktop/Major Project/FaceForensics++_C23/NeuralTextures/451_449.mp4,1,FAKE,NeuralTextures,451
522_337,/Users/nihaldastagiri/Desktop/Major Project/FaceForensics++_C23/NeuralTextures/522_337.mp4,1,FAKE,NeuralTextures,522
218_239,/Users/nihaldastagiri/Desktop/Major Project/FaceForensics++_C23/NeuralTextures/218_239.mp4,1,FAKE,NeuralTextures,218
787_782,/Users/nihaldastagiri/Desktop/Major Project/FaceForensics++_C23/NeuralTextures/787_782.mp4,1,FAKE,NeuralTextures,787
436_526,/Users/nihaldastagiri/Desktop/Major Project/FaceForensics++_C23/NeuralTextures/436_526.mp4,1,FAKE,NeuralTextures,436
764_850,/Users/nihaldastagiri/Desktop/Major Project/FaceForensics++_C23/NeuralTextures/764_850.mp4,1,FAKE,NeuralTextures,764
088_060,/Users/nihaldastagiri/Desktop/Major Project/FaceForensics++_C23/NeuralTextures/088_060.mp4,1,FAKE,NeuralTextures,088
063_041,/Users/nihaldastagiri/Desktop/Major Project/FaceForensics++_C23/NeuralTextures/063_041.mp4,1,FAKE,NeuralTextures,063
826_833,/Users/nihaldastagiri/Desktop/Major Project/FaceForensics++_C23/NeuralTextures/826_833.mp4,1,FAKE,NeuralTextures,826
716_712,/Users/nihaldastagiri/Desktop/Major Project/FaceForensics++_C23/NeuralTextures/716_712.mp4,1,FAKE,NeuralTextures,716
351_346,/Users/nihaldastagiri/Desktop/Major Project/FaceForensics++_C23/NeuralTextures/351_346.mp4,1,FAKE,NeuralTextures,351
936_931,/Users/nihaldastagiri/Desktop/Major Project/FaceForensics++_C23/NeuralTextures/936_931.mp4,1,FAKE,NeuralTextures,936
256_146,/Users/nihaldastagiri/Desktop/Major Project/FaceForensics++_C23/NeuralTextures/256_146.mp4,1,FAKE,NeuralTextures,256
635_642,/Users/nihaldastagiri/Desktop/Major Project/FaceForensics++_C23/NeuralTextures/635_642.mp4,1,FAKE,NeuralTextures,635
644_657,/Users/nihaldastagiri/Desktop/Major Project/FaceForensics++_C23/NeuralTextures/644_657.mp4,1,FAKE,NeuralTextures,644
554_572,/Users/nihaldastagiri/Desktop/Major Project/FaceForensics++_C23/NeuralTextures/554_572.mp4,1,FAKE,NeuralTextures,554
959_957,/Users/nihaldastagiri/Desktop/Major Project/FaceForensics++_C23/NeuralTextures/959_957.mp4,1,FAKE,NeuralTextures,959
168_222,/Users/nihaldastagiri/Desktop/Major Project/FaceForensics++_C23/NeuralTextures/168_222.mp4,1,FAKE,NeuralTextures,168
917_924,/Users/nihaldastagiri/Desktop/Major Project/FaceForensics++_C23/NeuralTextures/917_924.mp4,1,FAKE,NeuralTextures,917
528_510,/Users/nihaldastagiri/Desktop/Major Project/FaceForensics++_C23/NeuralTextures/528_510.mp4,1,FAKE,NeuralTextures,528
823_584,/Users/nihaldastagiri/Desktop/Major Project/FaceForensics++_C23/NeuralTextures/823_584.mp4,1,FAKE,NeuralTextures,823
985_981,/Users/nihaldastagiri/Desktop/Major Project/FaceForensics++_C23/NeuralTextures/985_981.mp4,1,FAKE,NeuralTextures,985
816_649,/Users/nihaldastagiri/Desktop/Major Project/FaceForensics++_C23/NeuralTextures/816_649.mp4,1,FAKE,NeuralTextures,816
086_090,/Users/nihaldastagiri/Desktop/Major Project/FaceForensics++_C23/NeuralTextures/086_090.mp4,1,FAKE,NeuralTextures,086
432_357,/Users/nihaldastagiri/Desktop/Major Project/FaceForensics++_C23/NeuralTextures/432_357.mp4,1,FAKE,NeuralTextures,432
184_205,/Users/nihaldastagiri/Desktop/Major Project/FaceForensics++_C23/NeuralTextures/184_205.mp4,1,FAKE,NeuralTextures,184
978_975,/Users/nihaldastagiri/Desktop/Major Project/FaceForensics++_C23/NeuralTextures/978_975.mp4,1,FAKE,NeuralTextures,978
534_490,/Users/nihaldastagiri/Desktop/Major Project/FaceForensics++_C23/NeuralTextures/534_490.mp4,1,FAKE,NeuralTextures,534
294_292,/Users/nihaldastagiri/Desktop/Major Project/FaceForensics++_C23/NeuralTextures/294_292.mp4,1,FAKE,NeuralTextures,294
892_112,/Users/nihaldastagiri/Desktop/Major Project/FaceForensics++_C23/NeuralTextures/892_112.mp4,1,FAKE,NeuralTextures,892
425_485,/Users/nihaldastagiri/Desktop/Major Project/FaceForensics++_C23/NeuralTextures/425_485.mp4,1,FAKE,NeuralTextures,425
713_726,/Users/nihaldastagiri/Desktop/Major Project/FaceForensics++_C23/NeuralTextures/713_726.mp4,1,FAKE,NeuralTextures,713
260_331,/Users/nihaldastagiri/Desktop/Major Project/FaceForensics++_C23/NeuralTextures/260_331.mp4,1,FAKE,NeuralTextures,260
237_236,/Users/nihaldastagiri/Desktop/Major Project/FaceForensics++_C23/NeuralTextures/237_236.mp4,1,FAKE,NeuralTextures,237
559_543,/Users/nihaldastagiri/Desktop/Major Project/FaceForensics++_C23/NeuralTextures/559_543.mp4,1,FAKE,NeuralTextures,559
583_558,/Users/nihaldastagiri/Desktop/Major Project/FaceForensics++_C23/NeuralTextures/583_558.mp4,1,FAKE,NeuralTextures,583
445_494,/Users/nihaldastagiri/Desktop/Major Project/FaceForensics++_C23/NeuralTextures/445_494.mp4,1,FAKE,NeuralTextures,445
867_765,/Users/nihaldastagiri/Desktop/Major Project/FaceForensics++_C23/NeuralTextures/867_765.mp4,1,FAKE,NeuralTextures,867
800_840,/Users/nihaldastagiri/Desktop/Major Project/FaceForensics++_C23/NeuralTextures/800_840.mp4,1,FAKE,NeuralTextures,800
599_585,/Users/nihaldastagiri/Desktop/Major Project/FaceForensics++_C23/NeuralTextures/599_585.mp4,1,FAKE,NeuralTextures,599
849_771,/Users/nihaldastagiri/Desktop/Major Project/FaceForensics++_C23/NeuralTextures/849_771.mp4,1,FAKE,NeuralTextures,849
265_475,/Users/nihaldastagiri/Desktop/Major Project/FaceForensics++_C23/NeuralTextures/265_475.mp4,1,FAKE,NeuralTextures,265
995_233,/Users/nihaldastagiri/Desktop/Major Project/FaceForensics++_C23/NeuralTextures/995_233.mp4,1,FAKE,NeuralTextures,995
529_633,/Users/nihaldastagiri/Desktop/Major Project/FaceForensics++_C23/NeuralTextures/529_633.mp4,1,FAKE,NeuralTextures,529
055_147,/Users/nihaldastagiri/Desktop/Major Project/FaceForensics++_C23/NeuralTextures/055_147.mp4,1,FAKE,NeuralTextures,055
120_118,/Users/nihaldastagiri/Desktop/Major Project/FaceForensics++_C23/NeuralTextures/120_118.mp4,1,FAKE,NeuralTextures,120
215_208,/Users/nihaldastagiri/Desktop/Major Project/FaceForensics++_C23/NeuralTextures/215_208.mp4,1,FAKE,NeuralTextures,215
025_067,/Users/nihaldastagiri/Desktop/Major Project/FaceForensics++_C23/NeuralTextures/025_067.mp4,1,FAKE,NeuralTextures,025
072_037,/Users/nihaldastagiri/Desktop/Major Project/FaceForensics++_C23/NeuralTextures/072_037.mp4,1,FAKE,NeuralTextures,072
044_945,/Users/nihaldastagiri/Desktop/Major Project/FaceForensics++_C23/NeuralTextures/044_945.mp4,1,FAKE,NeuralTextures,044
247_229,/Users/nihaldastagiri/Desktop/Major Project/FaceForensics++_C23/NeuralTextures/247_229.mp4,1,FAKE,NeuralTextures,247
721_715,/Users/nihaldastagiri/Desktop/Major Project/FaceForensics++_C23/NeuralTextures/721_715.mp4,1,FAKE,NeuralTextures,721
281_474,/Users/nihaldastagiri/Desktop/Major Project/FaceForensics++_C23/NeuralTextures/281_474.mp4,1,FAKE,NeuralTextures,281
893_913,/Users/nihaldastagiri/Desktop/Major Project/FaceForensics++_C23/NeuralTextures/893_913.mp4,1,FAKE,NeuralTextures,893
914_899,/Users/nihaldastagiri/Desktop/Major Project/FaceForensics++_C23/NeuralTextures/914_899.mp4,1,FAKE,NeuralTextures,914
810_838,/Users/nihaldastagiri/Desktop/Major Project/FaceForensics++_C23/NeuralTextures/810_838.mp4,1,FAKE,NeuralTextures,810
244_822,/Users/nihaldastagiri/Desktop/Major Project/FaceForensics++_C23/NeuralTextures/244_822.mp4,1,FAKE,NeuralTextures,244
822_244,/Users/nihaldastagiri/Desktop/Major Project/FaceForensics++_C23/NeuralTextures/822_244.mp4,1,FAKE,NeuralTextures,822
321_288,/Users/nihaldastagiri/Desktop/Major Project/FaceForensics++_C23/NeuralTextures/321_288.mp4,1,FAKE,NeuralTextures,321
643_646,/Users/nihaldastagiri/Desktop/Major Project/FaceForensics++_C23/NeuralTextures/643_646.mp4,1,FAKE,NeuralTextures,643
158_379,/Users/nihaldastagiri/Desktop/Major Project/FaceForensics++_C23/NeuralTextures/158_379.mp4,1,FAKE,NeuralTextures,158
977_075,/Users/nihaldastagiri/Desktop/Major Project/FaceForensics++_C23/NeuralTextures/977_075.mp4,1,FAKE,NeuralTextures,977
429_404,/Users/nihaldastagiri/Desktop/Major Project/FaceForensics++_C23/NeuralTextures/429_404.mp4,1,FAKE,NeuralTextures,429
941_940,/Users/nihaldastagiri/Desktop/Major Project/FaceForensics++_C23/NeuralTextures/941_940.mp4,1,FAKE,NeuralTextures,941
462_467,/Users/nihaldastagiri/Desktop/Major Project/FaceForensics++_C23/NeuralTextures/462_467.mp4,1,FAKE,NeuralTextures,462
309_303,/Users/nihaldastagiri/Desktop/Major Project/FaceForensics++_C23/NeuralTextures/309_303.mp4,1,FAKE,NeuralTextures,309
697_581,/Users/nihaldastagiri/Desktop/Major Project/FaceForensics++_C23/NeuralTextures/697_581.mp4,1,FAKE,NeuralTextures,697
060_088,/Users/nihaldastagiri/Desktop/Major Project/FaceForensics++_C23/NeuralTextures/060_088.mp4,1,FAKE,NeuralTextures,060
884_968,/Users/nihaldastagiri/Desktop/Major Project/FaceForensics++_C23/NeuralTextures/884_968.mp4,1,FAKE,NeuralTextures,884
595_597,/Users/nihaldastagiri/Desktop/Major Project/FaceForensics++_C23/NeuralTextures/595_597.mp4,1,FAKE,NeuralTextures,595
767_694,/Users/nihaldastagiri/Desktop/Major Project/FaceForensics++_C23/NeuralTextures/767_694.mp4,1,FAKE,NeuralTextures,767
649_816,/Users/nihaldastagiri/Desktop/Major Project/FaceForensics++_C23/NeuralTextures/649_816.mp4,1,FAKE,NeuralTextures,649
650_625,/Users/nihaldastagiri/Desktop/Major Project/FaceForensics++_C23/NeuralTextures/650_625.mp4,1,FAKE,NeuralTextures,650
865_739,/Users/nihaldastagiri/Desktop/Major Project/FaceForensics++_C23/NeuralTextures/865_739.mp4,1,FAKE,NeuralTextures,865
668_664,/Users/nihaldastagiri/Desktop/Major Project/FaceForensics++_C23/NeuralTextures/668_664.mp4,1,FAKE,NeuralTextures,668
298_279,/Users/nihaldastagiri/Desktop/Major Project/FaceForensics++_C23/NeuralTextures/298_279.mp4,1,FAKE,NeuralTextures,298
689_690,/Users/nihaldastagiri/Desktop/Major Project/FaceForensics++_C23/NeuralTextures/689_690.mp4,1,FAKE,NeuralTextures,689
314_347,/Users/nihaldastagiri/Desktop/Major Project/FaceForensics++_C23/NeuralTextures/314_347.mp4,1,FAKE,NeuralTextures,314
310_196,/Users/nihaldastagiri/Desktop/Major Project/FaceForensics++_C23/NeuralTextures/310_196.mp4,1,FAKE,NeuralTextures,310
361_448,/Users/nihaldastagiri/Desktop/Major Project/FaceForensics++_C23/NeuralTextures/361_448.mp4,1,FAKE,NeuralTextures,361
479_706,/Users/nihaldastagiri/Desktop/Major Project/FaceForensics++_C23/NeuralTextures/479_706.mp4,1,FAKE,NeuralTextures,479
110_043,/Users/nihaldastagiri/Desktop/Major Project/FaceForensics++_C23/NeuralTextures/110_043.mp4,1,FAKE,NeuralTextures,110
989_993,/Users/nihaldastagiri/Desktop/Major Project/FaceForensics++_C23/NeuralTextures/989_993.mp4,1,FAKE,NeuralTextures,989
486_680,/Users/nihaldastagiri/Desktop/Major Project/FaceForensics++_C23/NeuralTextures/486_680.mp4,1,FAKE,NeuralTextures,486
363_343,/Users/nihaldastagiri/Desktop/Major Project/FaceForensics++_C23/NeuralTextures/363_343.mp4,1,FAKE,NeuralTextures,363
254_261,/Users/nihaldastagiri/Desktop/Major Project/FaceForensics++_C23/NeuralTextures/254_261.mp4,1,FAKE,NeuralTextures,254
259_345,/Users/nihaldastagiri/Desktop/Major Project/FaceForensics++_C23/NeuralTextures/259_345.mp4,1,FAKE,NeuralTextures,259
802_885,/Users/nihaldastagiri/Desktop/Major Project/FaceForensics++_C23/NeuralTextures/802_885.mp4,1,FAKE,NeuralTextures,802
677_671,/Users/nihaldastagiri/Desktop/Major Project/FaceForensics++_C23/NeuralTextures/677_671.mp4,1,FAKE,NeuralTextures,677
494_445,/Users/nihaldastagiri/Desktop/Major Project/FaceForensics++_C23/NeuralTextures/494_445.mp4,1,FAKE,NeuralTextures,494
670_661,/Users/nihaldastagiri/Desktop/Major Project/FaceForensics++_C23/NeuralTextures/670_661.mp4,1,FAKE,NeuralTextures,670
377_333,/Users/nihaldastagiri/Desktop/Major Project/FaceForensics++_C23/NeuralTextures/377_333.mp4,1,FAKE,NeuralTextures,377
526_436,/Users/nihaldastagiri/Desktop/Major Project/FaceForensics++_C23/NeuralTextures/526_436.mp4,1,FAKE,NeuralTextures,526
845_846,/Users/nihaldastagiri/Desktop/Major Project/FaceForensics++_C23/NeuralTextures/845_846.mp4,1,FAKE,NeuralTextures,845
137_165,/Users/nihaldastagiri/Desktop/Major Project/FaceForensics++_C23/NeuralTextures/137_165.mp4,1,FAKE,NeuralTextures,137
355_748,/Users/nihaldastagiri/Desktop/Major Project/FaceForensics++_C23/NeuralTextures/355_748.mp4,1,FAKE,NeuralTextures,355
365_307,/Users/nihaldastagiri/Desktop/Major Project/FaceForensics++_C23/NeuralTextures/365_307.mp4,1,FAKE,NeuralTextures,365
942_943,/Users/nihaldastagiri/Desktop/Major Project/FaceForensics++_C23/NeuralTextures/942_943.mp4,1,FAKE,NeuralTextures,942
749_659,/Users/nihaldastagiri/Desktop/Major Project/FaceForensics++_C23/NeuralTextures/749_659.mp4,1,FAKE,NeuralTextures,749
948_965,/Users/nihaldastagiri/Desktop/Major Project/FaceForensics++_C23/NeuralTextures/948_965.mp4,1,FAKE,NeuralTextures,948
829_808,/Users/nihaldastagiri/Desktop/Major Project/FaceForensics++_C23/NeuralTextures/829_808.mp4,1,FAKE,NeuralTextures,829
656_666,/Users/nihaldastagiri/Desktop/Major Project/FaceForensics++_C23/NeuralTextures/656_666.mp4,1,FAKE,NeuralTextures,656
199_181,/Users/nihaldastagiri/Desktop/Major Project/FaceForensics++_C23/NeuralTextures/199_181.mp4,1,FAKE,NeuralTextures,199
213_083,/Users/nihaldastagiri/Desktop/Major Project/FaceForensics++_C23/NeuralTextures/213_083.mp4,1,FAKE,NeuralTextures,213
408_424,/Users/nihaldastagiri/Desktop/Major Project/FaceForensics++_C23/NeuralTextures/408_424.mp4,1,FAKE,NeuralTextures,408
332_051,/Users/nihaldastagiri/Desktop/Major Project/FaceForensics++_C23/NeuralTextures/332_051.mp4,1,FAKE,NeuralTextures,332
208_215,/Users/nihaldastagiri/Desktop/Major Project/FaceForensics++_C23/NeuralTextures/208_215.mp4,1,FAKE,NeuralTextures,208
613_685,/Users/nihaldastagiri/Desktop/Major Project/FaceForensics++_C23/NeuralTextures/613_685.mp4,1,FAKE,NeuralTextures,613
078_955,/Users/nihaldastagiri/Desktop/Major Project/FaceForensics++_C23/NeuralTextures/078_955.mp4,1,FAKE,NeuralTextures,078
029_048,/Users/nihaldastagiri/Desktop/Major Project/FaceForensics++_C23/NeuralTextures/029_048.mp4,1,FAKE,NeuralTextures,029
535_587,/Users/nihaldastagiri/Desktop/Major Project/FaceForensics++_C23/NeuralTextures/535_587.mp4,1,FAKE,NeuralTextures,535
695_422,/Users/nihaldastagiri/Desktop/Major Project/FaceForensics++_C23/NeuralTextures/695_422.mp4,1,FAKE,NeuralTextures,695
557_560,/Users/nihaldastagiri/Desktop/Major Project/FaceForensics++_C23/NeuralTextures/557_560.mp4,1,FAKE,NeuralTextures,557
836_950,/Users/nihaldastagiri/Desktop/Major Project/FaceForensics++_C23/NeuralTextures/836_950.mp4,1,FAKE,NeuralTextures,836
596_609,/Users/nihaldastagiri/Desktop/Major Project/FaceForensics++_C23/NeuralTextures/596_609.mp4,1,FAKE,NeuralTextures,596
165_137,/Users/nihaldastagiri/Desktop/Major Project/FaceForensics++_C23/NeuralTextures/165_137.mp4,1,FAKE,NeuralTextures,165
918_934,/Users/nihaldastagiri/Desktop/Major Project/FaceForensics++_C23/NeuralTextures/918_934.mp4,1,FAKE,NeuralTextures,918
495_512,/Users/nihaldastagiri/Desktop/Major Project/FaceForensics++_C23/NeuralTextures/495_512.mp4,1,FAKE,NeuralTextures,495
824_419,/Users/nihaldastagiri/Desktop/Major Project/FaceForensics++_C23/NeuralTextures/824_419.mp4,1,FAKE,NeuralTextures,824
065_089,/Users/nihaldastagiri/Desktop/Major Project/FaceForensics++_C23/NeuralTextures/065_089.mp4,1,FAKE,NeuralTextures,065
141_161,/Users/nihaldastagiri/Desktop/Major Project/FaceForensics++_C23/NeuralTextures/141_161.mp4,1,FAKE,NeuralTextures,141
925_933,/Users/nihaldastagiri/Desktop/Major Project/FaceForensics++_C23/NeuralTextures/925_933.mp4,1,FAKE,NeuralTextures,925
827_817,/Users/nihaldastagiri/Desktop/Major Project/FaceForensics++_C23/NeuralTextures/827_817.mp4,1,FAKE,NeuralTextures,827
655_444,/Users/nihaldastagiri/Desktop/Major Project/FaceForensics++_C23/NeuralTextures/655_444.mp4,1,FAKE,NeuralTextures,655
331_260,/Users/nihaldastagiri/Desktop/Major Project/FaceForensics++_C23/NeuralTextures/331_260.mp4,1,FAKE,NeuralTextures,331
664_668,/Users/nihaldastagiri/Desktop/Major Project/FaceForensics++_C23/NeuralTextures/664_668.mp4,1,FAKE,NeuralTextures,664
249_280,/Users/nihaldastagiri/Desktop/Major Project/FaceForensics++_C23/NeuralTextures/249_280.mp4,1,FAKE,NeuralTextures,249
907_795,/Users/nihaldastagiri/Desktop/Major Project/FaceForensics++_C23/NeuralTextures/907_795.mp4,1,FAKE,NeuralTextures,907
708_772,/Users/nihaldastagiri/Desktop/Major Project/FaceForensics++_C23/NeuralTextures/708_772.mp4,1,FAKE,NeuralTextures,708
305_513,/Users/nihaldastagiri/Desktop/Major Project/FaceForensics++_C23/NeuralTextures/305_513.mp4,1,FAKE,NeuralTextures,305
734_699,/Users/nihaldastagiri/Desktop/Major Project/FaceForensics++_C23/NeuralTextures/734_699.mp4,1,FAKE,NeuralTextures,734
975_978,/Users/nihaldastagiri/Desktop/Major Project/FaceForensics++_C23/NeuralTextures/975_978.mp4,1,FAKE,NeuralTextures,975
049_946,/Users/nihaldastagiri/Desktop/Major Project/FaceForensics++_C23/NeuralTextures/049_946.mp4,1,FAKE,NeuralTextures,049
896_128,/Users/nihaldastagiri/Desktop/Major Project/FaceForensics++_C23/NeuralTextures/896_128.mp4,1,FAKE,NeuralTextures,896
002_006,/Users/nihaldastagiri/Desktop/Major Project/FaceForensics++_C23/NeuralTextures/002_006.mp4,1,FAKE,NeuralTextures,002
544_532,/Users/nihaldastagiri/Desktop/Major Project/FaceForensics++_C23/NeuralTextures/544_532.mp4,1,FAKE,NeuralTextures,544
350_349,/Users/nihaldastagiri/Desktop/Major Project/FaceForensics++_C23/NeuralTextures/350_349.mp4,1,FAKE,NeuralTextures,350
904_046,/Users/nihaldastagiri/Desktop/Major Project/FaceForensics++_C23/NeuralTextures/904_046.mp4,1,FAKE,NeuralTextures,904
536_540,/Users/nihaldastagiri/Desktop/Major Project/FaceForensics++_C23/NeuralTextures/536_540.mp4,1,FAKE,NeuralTextures,536
344_020,/Users/nihaldastagiri/Desktop/Major Project/FaceForensics++_C23/NeuralTextures/344_020.mp4,1,FAKE,NeuralTextures,344
994_986,/Users/nihaldastagiri/Desktop/Major Project/FaceForensics++_C23/NeuralTextures/994_986.mp4,1,FAKE,NeuralTextures,994
481_469,/Users/nihaldastagiri/Desktop/Major Project/FaceForensics++_C23/NeuralTextures/481_469.mp4,1,FAKE,NeuralTextures,481
575_603,/Users/nihaldastagiri/Desktop/Major Project/FaceForensics++_C23/NeuralTextures/575_603.mp4,1,FAKE,NeuralTextures,575
033_097,/Users/nihaldastagiri/Desktop/Major Project/FaceForensics++_C23/NeuralTextures/033_097.mp4,1,FAKE,NeuralTextures,033
031_163,/Users/nihaldastagiri/Desktop/Major Project/FaceForensics++_C23/NeuralTextures/031_163.mp4,1,FAKE,NeuralTextures,031
231_663,/Users/nihaldastagiri/Desktop/Major Project/FaceForensics++_C23/NeuralTextures/231_663.mp4,1,FAKE,NeuralTextures,231
963_879,/Users/nihaldastagiri/Desktop/Major Project/FaceForensics++_C23/NeuralTextures/963_879.mp4,1,FAKE,NeuralTextures,963
192_134,/Users/nihaldastagiri/Desktop/Major Project/FaceForensics++_C23/NeuralTextures/192_134.mp4,1,FAKE,NeuralTextures,192
333_377,/Users/nihaldastagiri/Desktop/Major Project/FaceForensics++_C23/NeuralTextures/333_377.mp4,1,FAKE,NeuralTextures,333
003_000,/Users/nihaldastagiri/Desktop/Major Project/FaceForensics++_C23/NeuralTextures/003_000.mp4,1,FAKE,NeuralTextures,003
204_230,/Users/nihaldastagiri/Desktop/Major Project/FaceForensics++_C23/NeuralTextures/204_230.mp4,1,FAKE,NeuralTextures,204
514_443,/Users/nihaldastagiri/Desktop/Major Project/FaceForensics++_C23/NeuralTextures/514_443.mp4,1,FAKE,NeuralTextures,514
799_809,/Users/nihaldastagiri/Desktop/Major Project/FaceForensics++_C23/NeuralTextures/799_809.mp4,1,FAKE,NeuralTextures,799
306_278,/Users/nihaldastagiri/Desktop/Major Project/FaceForensics++_C23/NeuralTextures/306_278.mp4,1,FAKE,NeuralTextures,306
109_107,/Users/nihaldastagiri/Desktop/Major Project/FaceForensics++_C23/NeuralTextures/109_107.mp4,1,FAKE,NeuralTextures,109
430_459,/Users/nihaldastagiri/Desktop/Major Project/FaceForensics++_C23/NeuralTextures/430_459.mp4,1,FAKE,NeuralTextures,430
077_100,/Users/nihaldastagiri/Desktop/Major Project/FaceForensics++_C23/NeuralTextures/077_100.mp4,1,FAKE,NeuralTextures,077
084_042,/Users/nihaldastagiri/Desktop/Major Project/FaceForensics++_C23/NeuralTextures/084_042.mp4,1,FAKE,NeuralTextures,084
286_267,/Users/nihaldastagiri/Desktop/Major Project/FaceForensics++_C23/NeuralTextures/286_267.mp4,1,FAKE,NeuralTextures,286
082_103,/Users/nihaldastagiri/Desktop/Major Project/FaceForensics++_C23/NeuralTextures/082_103.mp4,1,FAKE,NeuralTextures,082
991_064,/Users/nihaldastagiri/Desktop/Major Project/FaceForensics++_C23/NeuralTextures/991_064.mp4,1,FAKE,NeuralTextures,991
789_753,/Users/nihaldastagiri/Desktop/Major Project/FaceForensics++_C23/NeuralTextures/789_753.mp4,1,FAKE,NeuralTextures,789
894_848,/Users/nihaldastagiri/Desktop/Major Project/FaceForensics++_C23/NeuralTextures/894_848.mp4,1,FAKE,NeuralTextures,894
398_457,/Users/nihaldastagiri/Desktop/Major Project/FaceForensics++_C23/NeuralTextures/398_457.mp4,1,FAKE,NeuralTextures,398
323_302,/Users/nihaldastagiri/Desktop/Major Project/FaceForensics++_C23/NeuralTextures/323_302.mp4,1,FAKE,NeuralTextures,323
519_515,/Users/nihaldastagiri/Desktop/Major Project/FaceForensics++_C23/NeuralTextures/519_515.mp4,1,FAKE,NeuralTextures,519
916_783,/Users/nihaldastagiri/Desktop/Major Project/FaceForensics++_C23/NeuralTextures/916_783.mp4,1,FAKE,NeuralTextures,916
922_898,/Users/nihaldastagiri/Desktop/Major Project/FaceForensics++_C23/NeuralTextures/922_898.mp4,1,FAKE,NeuralTextures,922
005_010,/Users/nihaldastagiri/Desktop/Major Project/FaceForensics++_C23/NeuralTextures/005_010.mp4,1,FAKE,NeuralTextures,005
731_741,/Users/nihaldastagiri/Desktop/Major Project/FaceForensics++_C23/NeuralTextures/731_741.mp4,1,FAKE,NeuralTextures,731
465_482,/Users/nihaldastagiri/Desktop/Major Project/FaceForensics++_C23/NeuralTextures/465_482.mp4,1,FAKE,NeuralTextures,465
097_033,/Users/nihaldastagiri/Desktop/Major Project/FaceForensics++_C23/NeuralTextures/097_033.mp4,1,FAKE,NeuralTextures,097
266_252,/Users/nihaldastagiri/Desktop/Major Project/FaceForensics++_C23/NeuralTextures/266_252.mp4,1,FAKE,NeuralTextures,266
357_432,/Users/nihaldastagiri/Desktop/Major Project/FaceForensics++_C23/NeuralTextures/357_432.mp4,1,FAKE,NeuralTextures,357
868_949,/Users/nihaldastagiri/Desktop/Major Project/FaceForensics++_C23/NeuralTextures/868_949.mp4,1,FAKE,NeuralTextures,868
798_778,/Users/nihaldastagiri/Desktop/Major Project/FaceForensics++_C23/NeuralTextures/798_778.mp4,1,FAKE,NeuralTextures,798
380_358,/Users/nihaldastagiri/Desktop/Major Project/FaceForensics++_C23/NeuralTextures/380_358.mp4,1,FAKE,NeuralTextures,380
631_551,/Users/nihaldastagiri/Desktop/Major Project/FaceForensics++_C23/NeuralTextures/631_551.mp4,1,FAKE,NeuralTextures,631
381_376,/Users/nihaldastagiri/Desktop/Major Project/FaceForensics++_C23/NeuralTextures/381_376.mp4,1,FAKE,NeuralTextures,381
490_534,/Users/nihaldastagiri/Desktop/Major Project/FaceForensics++_C23/NeuralTextures/490_534.mp4,1,FAKE,NeuralTextures,490
118_120,/Users/nihaldastagiri/Desktop/Major Project/FaceForensics++_C23/NeuralTextures/118_120.mp4,1,FAKE,NeuralTextures,118
900_926,/Users/nihaldastagiri/Desktop/Major Project/FaceForensics++_C23/NeuralTextures/900_926.mp4,1,FAKE,NeuralTextures,900
250_461,/Users/nihaldastagiri/Desktop/Major Project/FaceForensics++_C23/NeuralTextures/250_461.mp4,1,FAKE,NeuralTextures,250
523_541,/Users/nihaldastagiri/Desktop/Major Project/FaceForensics++_C23/NeuralTextures/523_541.mp4,1,FAKE,NeuralTextures,523
009_027,/Users/nihaldastagiri/Desktop/Major Project/FaceForensics++_C23/NeuralTextures/009_027.mp4,1,FAKE,NeuralTextures,009
196_310,/Users/nihaldastagiri/Desktop/Major Project/FaceForensics++_C23/NeuralTextures/196_310.mp4,1,FAKE,NeuralTextures,196
603_575,/Users/nihaldastagiri/Desktop/Major Project/FaceForensics++_C23/NeuralTextures/603_575.mp4,1,FAKE,NeuralTextures,603
081_087,/Users/nihaldastagiri/Desktop/Major Project/FaceForensics++_C23/NeuralTextures/081_087.mp4,1,FAKE,NeuralTextures,081
783_916,/Users/nihaldastagiri/Desktop/Major Project/FaceForensics++_C23/NeuralTextures/783_916.mp4,1,FAKE,NeuralTextures,783
587_535,/Users/nihaldastagiri/Desktop/Major Project/FaceForensics++_C23/NeuralTextures/587_535.mp4,1,FAKE,NeuralTextures,587
797_844,/Users/nihaldastagiri/Desktop/Major Project/FaceForensics++_C23/NeuralTextures/797_844.mp4,1,FAKE,NeuralTextures,797
239_218,/Users/nihaldastagiri/Desktop/Major Project/FaceForensics++_C23/NeuralTextures/239_218.mp4,1,FAKE,NeuralTextures,239
290_240,/Users/nihaldastagiri/Desktop/Major Project/FaceForensics++_C23/NeuralTextures/290_240.mp4,1,FAKE,NeuralTextures,290
211_177,/Users/nihaldastagiri/Desktop/Major Project/FaceForensics++_C23/NeuralTextures/211_177.mp4,1,FAKE,NeuralTextures,211
717_684,/Users/nihaldastagiri/Desktop/Major Project/FaceForensics++_C23/NeuralTextures/717_684.mp4,1,FAKE,NeuralTextures,717
359_317,/Users/nihaldastagiri/Desktop/Major Project/FaceForensics++_C23/NeuralTextures/359_317.mp4,1,FAKE,NeuralTextures,359
449_451,/Users/nihaldastagiri/Desktop/Major Project/FaceForensics++_C23/NeuralTextures/449_451.mp4,1,FAKE,NeuralTextures,449
227_169,/Users/nihaldastagiri/Desktop/Major Project/FaceForensics++_C23/NeuralTextures/227_169.mp4,1,FAKE,NeuralTextures,227
950_836,/Users/nihaldastagiri/Desktop/Major Project/FaceForensics++_C23/NeuralTextures/950_836.mp4,1,FAKE,NeuralTextures,950
946_049,/Users/nihaldastagiri/Desktop/Major Project/FaceForensics++_C23/NeuralTextures/946_049.mp4,1,FAKE,NeuralTextures,946
796_740,/Users/nihaldastagiri/Desktop/Major Project/FaceForensics++_C23/NeuralTextures/796_740.mp4,1,FAKE,NeuralTextures,796
501_326,/Users/nihaldastagiri/Desktop/Major Project/FaceForensics++_C23/NeuralTextures/501_326.mp4,1,FAKE,NeuralTextures,501
464_463,/Users/nihaldastagiri/Desktop/Major Project/FaceForensics++_C23/NeuralTextures/464_463.mp4,1,FAKE,NeuralTextures,464
362_354,/Users/nihaldastagiri/Desktop/Major Project/FaceForensics++_C23/NeuralTextures/362_354.mp4,1,FAKE,NeuralTextures,362
468_470,/Users/nihaldastagiri/Desktop/Major Project/FaceForensics++_C23/NeuralTextures/468_470.mp4,1,FAKE,NeuralTextures,468
935_733,/Users/nihaldastagiri/Desktop/Major Project/FaceForensics++_C23/NeuralTextures/935_733.mp4,1,FAKE,NeuralTextures,935
428_466,/Users/nihaldastagiri/Desktop/Major Project/FaceForensics++_C23/NeuralTextures/428_466.mp4,1,FAKE,NeuralTextures,428
007_132,/Users/nihaldastagiri/Desktop/Major Project/FaceForensics++_C23/NeuralTextures/007_132.mp4,1,FAKE,NeuralTextures,007
155_576,/Users/nihaldastagiri/Desktop/Major Project/FaceForensics++_C23/NeuralTextures/155_576.mp4,1,FAKE,NeuralTextures,155
541_523,/Users/nihaldastagiri/Desktop/Major Project/FaceForensics++_C23/NeuralTextures/541_523.mp4,1,FAKE,NeuralTextures,541
440_364,/Users/nihaldastagiri/Desktop/Major Project/FaceForensics++_C23/NeuralTextures/440_364.mp4,1,FAKE,NeuralTextures,440
482_465,/Users/nihaldastagiri/Desktop/Major Project/FaceForensics++_C23/NeuralTextures/482_465.mp4,1,FAKE,NeuralTextures,482
422_695,/Users/nihaldastagiri/Desktop/Major Project/FaceForensics++_C23/NeuralTextures/422_695.mp4,1,FAKE,NeuralTextures,422
778_798,/Users/nihaldastagiri/Desktop/Major Project/FaceForensics++_C23/NeuralTextures/778_798.mp4,1,FAKE,NeuralTextures,778
949_868,/Users/nihaldastagiri/Desktop/Major Project/FaceForensics++_C23/NeuralTextures/949_868.mp4,1,FAKE,NeuralTextures,949
334_318,/Users/nihaldastagiri/Desktop/Major Project/FaceForensics++_C23/NeuralTextures/334_318.mp4,1,FAKE,NeuralTextures,334
576_155,/Users/nihaldastagiri/Desktop/Major Project/FaceForensics++_C23/NeuralTextures/576_155.mp4,1,FAKE,NeuralTextures,576
934_918,/Users/nihaldastagiri/Desktop/Major Project/FaceForensics++_C23/NeuralTextures/934_918.mp4,1,FAKE,NeuralTextures,934
567_606,/Users/nihaldastagiri/Desktop/Major Project/FaceForensics++_C23/NeuralTextures/567_606.mp4,1,FAKE,NeuralTextures,567
594_530,/Users/nihaldastagiri/Desktop/Major Project/FaceForensics++_C23/NeuralTextures/594_530.mp4,1,FAKE,NeuralTextures,594
530_594,/Users/nihaldastagiri/Desktop/Major Project/FaceForensics++_C23/NeuralTextures/530_594.mp4,1,FAKE,NeuralTextures,530
581_697,/Users/nihaldastagiri/Desktop/Major Project/FaceForensics++_C23/NeuralTextures/581_697.mp4,1,FAKE,NeuralTextures,581
707_705,/Users/nihaldastagiri/Desktop/Major Project/FaceForensics++_C23/NeuralTextures/707_705.mp4,1,FAKE,NeuralTextures,707
448_361,/Users/nihaldastagiri/Desktop/Major Project/FaceForensics++_C23/NeuralTextures/448_361.mp4,1,FAKE,NeuralTextures,448
453_402,/Users/nihaldastagiri/Desktop/Major Project/FaceForensics++_C23/NeuralTextures/453_402.mp4,1,FAKE,NeuralTextures,453
228_289,/Users/nihaldastagiri/Desktop/Major Project/FaceForensics++_C23/NeuralTextures/228_289.mp4,1,FAKE,NeuralTextures,228
352_319,/Users/nihaldastagiri/Desktop/Major Project/FaceForensics++_C23/NeuralTextures/352_319.mp4,1,FAKE,NeuralTextures,352
728_673,/Users/nihaldastagiri/Desktop/Major Project/FaceForensics++_C23/NeuralTextures/728_673.mp4,1,FAKE,NeuralTextures,728
212_179,/Users/nihaldastagiri/Desktop/Major Project/FaceForensics++_C23/NeuralTextures/212_179.mp4,1,FAKE,NeuralTextures,212
079_076,/Users/nihaldastagiri/Desktop/Major Project/FaceForensics++_C23/NeuralTextures/079_076.mp4,1,FAKE,NeuralTextures,079
148_133,/Users/nihaldastagiri/Desktop/Major Project/FaceForensics++_C23/NeuralTextures/148_133.mp4,1,FAKE,NeuralTextures,148
302_323,/Users/nihaldastagiri/Desktop/Major Project/FaceForensics++_C23/NeuralTextures/302_323.mp4,1,FAKE,NeuralTextures,302
628_568,/Users/nihaldastagiri/Desktop/Major Project/FaceForensics++_C23/NeuralTextures/628_568.mp4,1,FAKE,NeuralTextures,628
777_745,/Users/nihaldastagiri/Desktop/Major Project/FaceForensics++_C23/NeuralTextures/777_745.mp4,1,FAKE,NeuralTextures,777
506_478,/Users/nihaldastagiri/Desktop/Major Project/FaceForensics++_C23/NeuralTextures/506_478.mp4,1,FAKE,NeuralTextures,506
342_416,/Users/nihaldastagiri/Desktop/Major Project/FaceForensics++_C23/NeuralTextures/342_416.mp4,1,FAKE,NeuralTextures,342
485_425,/Users/nihaldastagiri/Desktop/Major Project/FaceForensics++_C23/NeuralTextures/485_425.mp4,1,FAKE,NeuralTextures,485
711_681,/Users/nihaldastagiri/Desktop/Major Project/FaceForensics++_C23/NeuralTextures/711_681.mp4,1,FAKE,NeuralTextures,711
133_148,/Users/nihaldastagiri/Desktop/Major Project/FaceForensics++_C23/NeuralTextures/133_148.mp4,1,FAKE,NeuralTextures,133
703_604,/Users/nihaldastagiri/Desktop/Major Project/FaceForensics++_C23/NeuralTextures/703_604.mp4,1,FAKE,NeuralTextures,703
311_387,/Users/nihaldastagiri/Desktop/Major Project/FaceForensics++_C23/NeuralTextures/311_387.mp4,1,FAKE,NeuralTextures,311
722_458,/Users/nihaldastagiri/Desktop/Major Project/FaceForensics++_C23/NeuralTextures/722_458.mp4,1,FAKE,NeuralTextures,722
629_618,/Users/nihaldastagiri/Desktop/Major Project/FaceForensics++_C23/NeuralTextures/629_618.mp4,1,FAKE,NeuralTextures,629
000_003,/Users/nihaldastagiri/Desktop/Major Project/FaceForensics++_C23/NeuralTextures/000_003.mp4,1,FAKE,NeuralTextures,000
316_369,/Users/nihaldastagiri/Desktop/Major Project/FaceForensics++_C23/NeuralTextures/316_369.mp4,1,FAKE,NeuralTextures,316
706_479,/Users/nihaldastagiri/Desktop/Major Project/FaceForensics++_C23/NeuralTextures/706_479.mp4,1,FAKE,NeuralTextures,706
547_574,/Users/nihaldastagiri/Desktop/Major Project/FaceForensics++_C23/NeuralTextures/547_574.mp4,1,FAKE,NeuralTextures,547
872_873,/Users/nihaldastagiri/Desktop/Major Project/FaceForensics++_C23/NeuralTextures/872_873.mp4,1,FAKE,NeuralTextures,872
532_544,/Users/nihaldastagiri/Desktop/Major Project/FaceForensics++_C23/NeuralTextures/532_544.mp4,1,FAKE,NeuralTextures,532
477_487,/Users/nihaldastagiri/Desktop/Major Project/FaceForensics++_C23/NeuralTextures/477_487.mp4,1,FAKE,NeuralTextures,477
404_429,/Users/nihaldastagiri/Desktop/Major Project/FaceForensics++_C23/NeuralTextures/404_429.mp4,1,FAKE,NeuralTextures,404
172_582,/Users/nihaldastagiri/Desktop/Major Project/FaceForensics++_C23/NeuralTextures/172_582.mp4,1,FAKE,NeuralTextures,172
125_038,/Users/nihaldastagiri/Desktop/Major Project/FaceForensics++_C23/NeuralTextures/125_038.mp4,1,FAKE,NeuralTextures,125
394_373,/Users/nihaldastagiri/Desktop/Major Project/FaceForensics++_C23/NeuralTextures/394_373.mp4,1,FAKE,NeuralTextures,394
420_257,/Users/nihaldastagiri/Desktop/Major Project/FaceForensics++_C23/NeuralTextures/420_257.mp4,1,FAKE,NeuralTextures,420
552_851,/Users/nihaldastagiri/Desktop/Major Project/FaceForensics++_C23/NeuralTextures/552_851.mp4,1,FAKE,NeuralTextures,552
903_792,/Users/nihaldastagiri/Desktop/Major Project/FaceForensics++_C23/NeuralTextures/903_792.mp4,1,FAKE,NeuralTextures,903
090_086,/Users/nihaldastagiri/Desktop/Major Project/FaceForensics++_C23/NeuralTextures/090_086.mp4,1,FAKE,NeuralTextures,090
939_115,/Users/nihaldastagiri/Desktop/Major Project/FaceForensics++_C23/NeuralTextures/939_115.mp4,1,FAKE,NeuralTextures,939
181_199,/Users/nihaldastagiri/Desktop/Major Project/FaceForensics++_C23/NeuralTextures/181_199.mp4,1,FAKE,NeuralTextures,181
274_412,/Users/nihaldastagiri/Desktop/Major Project/FaceForensics++_C23/NeuralTextures/274_412.mp4,1,FAKE,NeuralTextures,274
895_915,/Users/nihaldastagiri/Desktop/Major Project/FaceForensics++_C23/NeuralTextures/895_915.mp4,1,FAKE,NeuralTextures,895
069_961,/Users/nihaldastagiri/Desktop/Major Project/FaceForensics++_C23/NeuralTextures/069_961.mp4,1,FAKE,NeuralTextures,069
291_874,/Users/nihaldastagiri/Desktop/Major Project/FaceForensics++_C23/NeuralTextures/291_874.mp4,1,FAKE,NeuralTextures,291
131_518,/Users/nihaldastagiri/Desktop/Major Project/FaceForensics++_C23/NeuralTextures/131_518.mp4,1,FAKE,NeuralTextures,131
300_304,/Users/nihaldastagiri/Desktop/Major Project/FaceForensics++_C23/NeuralTextures/300_304.mp4,1,FAKE,NeuralTextures,300
424_408,/Users/nihaldastagiri/Desktop/Major Project/FaceForensics++_C23/NeuralTextures/424_408.mp4,1,FAKE,NeuralTextures,424
326_501,/Users/nihaldastagiri/Desktop/Major Project/FaceForensics++_C23/NeuralTextures/326_501.mp4,1,FAKE,NeuralTextures,326
144_122,/Users/nihaldastagiri/Desktop/Major Project/FaceForensics++_C23/NeuralTextures/144_122.mp4,1,FAKE,NeuralTextures,144
423_421,/Users/nihaldastagiri/Desktop/Major Project/FaceForensics++_C23/NeuralTextures/423_421.mp4,1,FAKE,NeuralTextures,423
580_524,/Users/nihaldastagiri/Desktop/Major Project/FaceForensics++_C23/NeuralTextures/580_524.mp4,1,FAKE,NeuralTextures,580
135_880,/Users/nihaldastagiri/Desktop/Major Project/FaceForensics++_C23/NeuralTextures/135_880.mp4,1,FAKE,NeuralTextures,135
450_533,/Users/nihaldastagiri/Desktop/Major Project/FaceForensics++_C23/NeuralTextures/450_533.mp4,1,FAKE,NeuralTextures,450
164_216,/Users/nihaldastagiri/Desktop/Major Project/FaceForensics++_C23/NeuralTextures/164_216.mp4,1,FAKE,NeuralTextures,164
028_068,/Users/nihaldastagiri/Desktop/Major Project/FaceForensics++_C23/NeuralTextures/028_068.mp4,1,FAKE,NeuralTextures,028
773_652,/Users/nihaldastagiri/Desktop/Major Project/FaceForensics++_C23/NeuralTextures/773_652.mp4,1,FAKE,NeuralTextures,773
193_030,/Users/nihaldastagiri/Desktop/Major Project/FaceForensics++_C23/NeuralTextures/193_030.mp4,1,FAKE,NeuralTextures,193
388_308,/Users/nihaldastagiri/Desktop/Major Project/FaceForensics++_C23/NeuralTextures/388_308.mp4,1,FAKE,NeuralTextures,388
852_834,/Users/nihaldastagiri/Desktop/Major Project/FaceForensics++_C23/NeuralTextures/852_834.mp4,1,FAKE,NeuralTextures,852
169_227,/Users/nihaldastagiri/Desktop/Major Project/FaceForensics++_C23/NeuralTextures/169_227.mp4,1,FAKE,NeuralTextures,169
705_707,/Users/nihaldastagiri/Desktop/Major Project/FaceForensics++_C23/NeuralTextures/705_707.mp4,1,FAKE,NeuralTextures,705
140_143,/Users/nihaldastagiri/Desktop/Major Project/FaceForensics++_C23/NeuralTextures/140_143.mp4,1,FAKE,NeuralTextures,140
173_171,/Users/nihaldastagiri/Desktop/Major Project/FaceForensics++_C23/NeuralTextures/173_171.mp4,1,FAKE,NeuralTextures,173
006_002,/Users/nihaldastagiri/Desktop/Major Project/FaceForensics++_C23/NeuralTextures/006_002.mp4,1,FAKE,NeuralTextures,006
745_777,/Users/nihaldastagiri/Desktop/Major Project/FaceForensics++_C23/NeuralTextures/745_777.mp4,1,FAKE,NeuralTextures,745
478_506,/Users/nihaldastagiri/Desktop/Major Project/FaceForensics++_C23/NeuralTextures/478_506.mp4,1,FAKE,NeuralTextures,478
073_024,/Users/nihaldastagiri/Desktop/Major Project/FaceForensics++_C23/NeuralTextures/073_024.mp4,1,FAKE,NeuralTextures,073
910_911,/Users/nihaldastagiri/Desktop/Major Project/FaceForensics++_C23/NeuralTextures/910_911.mp4,1,FAKE,NeuralTextures,910
813_700,/Users/nihaldastagiri/Desktop/Major Project/FaceForensics++_C23/NeuralTextures/813_700.mp4,1,FAKE,NeuralTextures,813
238_282,/Users/nihaldastagiri/Desktop/Major Project/FaceForensics++_C23/NeuralTextures/238_282.mp4,1,FAKE,NeuralTextures,238
145_299,/Users/nihaldastagiri/Desktop/Major Project/FaceForensics++_C23/NeuralTextures/145_299.mp4,1,FAKE,NeuralTextures,145
792_903,/Users/nihaldastagiri/Desktop/Major Project/FaceForensics++_C23/NeuralTextures/792_903.mp4,1,FAKE,NeuralTextures,792
234_187,/Users/nihaldastagiri/Desktop/Major Project/FaceForensics++_C23/NeuralTextures/234_187.mp4,1,FAKE,NeuralTextures,234
220_219,/Users/nihaldastagiri/Desktop/Major Project/FaceForensics++_C23/NeuralTextures/220_219.mp4,1,FAKE,NeuralTextures,220
923_023,/Users/nihaldastagiri/Desktop/Major Project/FaceForensics++_C23/NeuralTextures/923_023.mp4,1,FAKE,NeuralTextures,923
500_592,/Users/nihaldastagiri/Desktop/Major Project/FaceForensics++_C23/NeuralTextures/500_592.mp4,1,FAKE,NeuralTextures,500
132_007,/Users/nihaldastagiri/Desktop/Major Project/FaceForensics++_C23/NeuralTextures/132_007.mp4,1,FAKE,NeuralTextures,132
990_008,/Users/nihaldastagiri/Desktop/Major Project/FaceForensics++_C23/NeuralTextures/990_008.mp4,1,FAKE,NeuralTextures,990
774_735,/Users/nihaldastagiri/Desktop/Major Project/FaceForensics++_C23/NeuralTextures/774_735.mp4,1,FAKE,NeuralTextures,774
185_276,/Users/nihaldastagiri/Desktop/Major Project/FaceForensics++_C23/NeuralTextures/185_276.mp4,1,FAKE,NeuralTextures,185
041_063,/Users/nihaldastagiri/Desktop/Major Project/FaceForensics++_C23/NeuralTextures/041_063.mp4,1,FAKE,NeuralTextures,041
696_686,/Users/nihaldastagiri/Desktop/Major Project/FaceForensics++_C23/NeuralTextures/696_686.mp4,1,FAKE,NeuralTextures,696
108_052,/Users/nihaldastagiri/Desktop/Major Project/FaceForensics++_C23/NeuralTextures/108_052.mp4,1,FAKE,NeuralTextures,108
588_556,/Users/nihaldastagiri/Desktop/Major Project/FaceForensics++_C23/NeuralTextures/588_556.mp4,1,FAKE,NeuralTextures,588
056_996,/Users/nihaldastagiri/Desktop/Major Project/FaceForensics++_C23/NeuralTextures/056_996.mp4,1,FAKE,NeuralTextures,056
405_393,/Users/nihaldastagiri/Desktop/Major Project/FaceForensics++_C23/NeuralTextures/405_393.mp4,1,FAKE,NeuralTextures,405
442_195,/Users/nihaldastagiri/Desktop/Major Project/FaceForensics++_C23/NeuralTextures/442_195.mp4,1,FAKE,NeuralTextures,442
757_573,/Users/nihaldastagiri/Desktop/Major Project/FaceForensics++_C23/NeuralTextures/757_573.mp4,1,FAKE,NeuralTextures,757
997_040,/Users/nihaldastagiri/Desktop/Major Project/FaceForensics++_C23/NeuralTextures/997_040.mp4,1,FAKE,NeuralTextures,997
024_073,/Users/nihaldastagiri/Desktop/Major Project/FaceForensics++_C23/NeuralTextures/024_073.mp4,1,FAKE,NeuralTextures,024
467_462,/Users/nihaldastagiri/Desktop/Major Project/FaceForensics++_C23/NeuralTextures/467_462.mp4,1,FAKE,NeuralTextures,467
539_499,/Users/nihaldastagiri/Desktop/Major Project/FaceForensics++_C23/NeuralTextures/539_499.mp4,1,FAKE,NeuralTextures,539
531_549,/Users/nihaldastagiri/Desktop/Major Project/FaceForensics++_C23/NeuralTextures/531_549.mp4,1,FAKE,NeuralTextures,531
618_629,/Users/nihaldastagiri/Desktop/Major Project/FaceForensics++_C23/NeuralTextures/618_629.mp4,1,FAKE,NeuralTextures,618
694_767,/Users/nihaldastagiri/Desktop/Major Project/FaceForensics++_C23/NeuralTextures/694_767.mp4,1,FAKE,NeuralTextures,694
926_900,/Users/nihaldastagiri/Desktop/Major Project/FaceForensics++_C23/NeuralTextures/926_900.mp4,1,FAKE,NeuralTextures,926
338_336,/Users/nihaldastagiri/Desktop/Major Project/FaceForensics++_C23/NeuralTextures/338_336.mp4,1,FAKE,NeuralTextures,338
051_332,/Users/nihaldastagiri/Desktop/Major Project/FaceForensics++_C23/NeuralTextures/051_332.mp4,1,FAKE,NeuralTextures,051
507_418,/Users/nihaldastagiri/Desktop/Major Project/FaceForensics++_C23/NeuralTextures/507_418.mp4,1,FAKE,NeuralTextures,507
516_555,/Users/nihaldastagiri/Desktop/Major Project/FaceForensics++_C23/NeuralTextures/516_555.mp4,1,FAKE,NeuralTextures,516
920_811,/Users/nihaldastagiri/Desktop/Major Project/FaceForensics++_C23/NeuralTextures/920_811.mp4,1,FAKE,NeuralTextures,920
781_806,/Users/nihaldastagiri/Desktop/Major Project/FaceForensics++_C23/NeuralTextures/781_806.mp4,1,FAKE,NeuralTextures,781
264_271,/Users/nihaldastagiri/Desktop/Major Project/FaceForensics++_C23/NeuralTextures/264_271.mp4,1,FAKE,NeuralTextures,264
817_827,/Users/nihaldastagiri/Desktop/Major Project/FaceForensics++_C23/NeuralTextures/817_827.mp4,1,FAKE,NeuralTextures,817
710_788,/Users/nihaldastagiri/Desktop/Major Project/FaceForensics++_C23/NeuralTextures/710_788.mp4,1,FAKE,NeuralTextures,710
682_669,/Users/nihaldastagiri/Desktop/Major Project/FaceForensics++_C23/NeuralTextures/682_669.mp4,1,FAKE,NeuralTextures,682
832_762,/Users/nihaldastagiri/Desktop/Major Project/FaceForensics++_C23/NeuralTextures/832_762.mp4,1,FAKE,NeuralTextures,832
518_131,/Users/nihaldastagiri/Desktop/Major Project/FaceForensics++_C23/NeuralTextures/518_131.mp4,1,FAKE,NeuralTextures,518
447_431,/Users/nihaldastagiri/Desktop/Major Project/FaceForensics++_C23/NeuralTextures/447_431.mp4,1,FAKE,NeuralTextures,447
018_019,/Users/nihaldastagiri/Desktop/Major Project/FaceForensics++_C23/NeuralTextures/018_019.mp4,1,FAKE,NeuralTextures,018
715_721,/Users/nihaldastagiri/Desktop/Major Project/FaceForensics++_C23/NeuralTextures/715_721.mp4,1,FAKE,NeuralTextures,715
483_370,/Users/nihaldastagiri/Desktop/Major Project/FaceForensics++_C23/NeuralTextures/483_370.mp4,1,FAKE,NeuralTextures,483
568_628,/Users/nihaldastagiri/Desktop/Major Project/FaceForensics++_C23/NeuralTextures/568_628.mp4,1,FAKE,NeuralTextures,568
433_498,/Users/nihaldastagiri/Desktop/Major Project/FaceForensics++_C23/NeuralTextures/433_498.mp4,1,FAKE,NeuralTextures,433
367_371,/Users/nihaldastagiri/Desktop/Major Project/FaceForensics++_C23/NeuralTextures/367_371.mp4,1,FAKE,NeuralTextures,367
083_213,/Users/nihaldastagiri/Desktop/Major Project/FaceForensics++_C23/NeuralTextures/083_213.mp4,1,FAKE,NeuralTextures,083
061_080,/Users/nihaldastagiri/Desktop/Major Project/FaceForensics++_C23/NeuralTextures/061_080.mp4,1,FAKE,NeuralTextures,061
638_640,/Users/nihaldastagiri/Desktop/Major Project/FaceForensics++_C23/NeuralTextures/638_640.mp4,1,FAKE,NeuralTextures,638
272_396,/Users/nihaldastagiri/Desktop/Major Project/FaceForensics++_C23/NeuralTextures/272_396.mp4,1,FAKE,NeuralTextures,272
285_136,/Users/nihaldastagiri/Desktop/Major Project/FaceForensics++_C23/NeuralTextures/285_136.mp4,1,FAKE,NeuralTextures,285
360_437,/Users/nihaldastagiri/Desktop/Major Project/FaceForensics++_C23/NeuralTextures/360_437.mp4,1,FAKE,NeuralTextures,360
354_362,/Users/nihaldastagiri/Desktop/Major Project/FaceForensics++_C23/NeuralTextures/354_362.mp4,1,FAKE,NeuralTextures,354
456_435,/Users/nihaldastagiri/Desktop/Major Project/FaceForensics++_C23/NeuralTextures/456_435.mp4,1,FAKE,NeuralTextures,456
278_306,/Users/nihaldastagiri/Desktop/Major Project/FaceForensics++_C23/NeuralTextures/278_306.mp4,1,FAKE,NeuralTextures,278
012_026,/Users/nihaldastagiri/Desktop/Major Project/FaceForensics++_C23/NeuralTextures/012_026.mp4,1,FAKE,NeuralTextures,012
182_242,/Users/nihaldastagiri/Desktop/Major Project/FaceForensics++_C23/NeuralTextures/182_242.mp4,1,FAKE,NeuralTextures,182
368_378,/Users/nihaldastagiri/Desktop/Major Project/FaceForensics++_C23/NeuralTextures/368_378.mp4,1,FAKE,NeuralTextures,368
881_856,/Users/nihaldastagiri/Desktop/Major Project/FaceForensics++_C23/NeuralTextures/881_856.mp4,1,FAKE,NeuralTextures,881
615_687,/Users/nihaldastagiri/Desktop/Major Project/FaceForensics++_C23/NeuralTextures/615_687.mp4,1,FAKE,NeuralTextures,615
223_586,/Users/nihaldastagiri/Desktop/Major Project/FaceForensics++_C23/NeuralTextures/223_586.mp4,1,FAKE,NeuralTextures,223
572_554,/Users/nihaldastagiri/Desktop/Major Project/FaceForensics++_C23/NeuralTextures/572_554.mp4,1,FAKE,NeuralTextures,572
970_973,/Users/nihaldastagiri/Desktop/Major Project/FaceForensics++_C23/NeuralTextures/970_973.mp4,1,FAKE,NeuralTextures,970
653_601,/Users/nihaldastagiri/Desktop/Major Project/FaceForensics++_C23/NeuralTextures/653_601.mp4,1,FAKE,NeuralTextures,653
545_553,/Users/nihaldastagiri/Desktop/Major Project/FaceForensics++_C23/NeuralTextures/545_553.mp4,1,FAKE,NeuralTextures,545
582_172,/Users/nihaldastagiri/Desktop/Major Project/FaceForensics++_C23/NeuralTextures/582_172.mp4,1,FAKE,NeuralTextures,582
633_529,/Users/nihaldastagiri/Desktop/Major Project/FaceForensics++_C23/NeuralTextures/633_529.mp4,1,FAKE,NeuralTextures,633
176_190,/Users/nihaldastagiri/Desktop/Major Project/FaceForensics++_C23/NeuralTextures/176_190.mp4,1,FAKE,NeuralTextures,176
665_679,/Users/nihaldastagiri/Desktop/Major Project/FaceForensics++_C23/NeuralTextures/665_679.mp4,1,FAKE,NeuralTextures,665
673_728,/Users/nihaldastagiri/Desktop/Major Project/FaceForensics++_C23/NeuralTextures/673_728.mp4,1,FAKE,NeuralTextures,673
585_599,/Users/nihaldastagiri/Desktop/Major Project/FaceForensics++_C23/NeuralTextures/585_599.mp4,1,FAKE,NeuralTextures,585
873_872,/Users/nihaldastagiri/Desktop/Major Project/FaceForensics++_C23/NeuralTextures/873_872.mp4,1,FAKE,NeuralTextures,873
393_405,/Users/nihaldastagiri/Desktop/Major Project/FaceForensics++_C23/NeuralTextures/393_405.mp4,1,FAKE,NeuralTextures,393
163_031,/Users/nihaldastagiri/Desktop/Major Project/FaceForensics++_C23/NeuralTextures/163_031.mp4,1,FAKE,NeuralTextures,163
248_232,/Users/nihaldastagiri/Desktop/Major Project/FaceForensics++_C23/NeuralTextures/248_232.mp4,1,FAKE,NeuralTextures,248
634_660,/Users/nihaldastagiri/Desktop/Major Project/FaceForensics++_C23/NeuralTextures/634_660.mp4,1,FAKE,NeuralTextures,634
885_802,/Users/nihaldastagiri/Desktop/Major Project/FaceForensics++_C23/NeuralTextures/885_802.mp4,1,FAKE,NeuralTextures,885
669_682,/Users/nihaldastagiri/Desktop/Major Project/FaceForensics++_C23/NeuralTextures/669_682.mp4,1,FAKE,NeuralTextures,669
375_251,/Users/nihaldastagiri/Desktop/Major Project/FaceForensics++_C23/NeuralTextures/375_251.mp4,1,FAKE,NeuralTextures,375
412_274,/Users/nihaldastagiri/Desktop/Major Project/FaceForensics++_C23/NeuralTextures/412_274.mp4,1,FAKE,NeuralTextures,412
074_825,/Users/nihaldastagiri/Desktop/Major Project/FaceForensics++_C23/NeuralTextures/074_825.mp4,1,FAKE,NeuralTextures,074
113_983,/Users/nihaldastagiri/Desktop/Major Project/FaceForensics++_C23/NeuralTextures/113_983.mp4,1,FAKE,NeuralTextures,113
598_178,/Users/nihaldastagiri/Desktop/Major Project/FaceForensics++_C23/NeuralTextures/598_178.mp4,1,FAKE,NeuralTextures,598
961_069,/Users/nihaldastagiri/Desktop/Major Project/FaceForensics++_C23/NeuralTextures/961_069.mp4,1,FAKE,NeuralTextures,961
390_709,/Users/nihaldastagiri/Desktop/Major Project/FaceForensics++_C23/NeuralTextures/390_709.mp4,1,FAKE,NeuralTextures,390
104_126,/Users/nihaldastagiri/Desktop/Major Project/FaceForensics++_C23/NeuralTextures/104_126.mp4,1,FAKE,NeuralTextures,104
114_102,/Users/nihaldastagiri/Desktop/Major Project/FaceForensics++_C23/NeuralTextures/114_102.mp4,1,FAKE,NeuralTextures,114
417_496,/Users/nihaldastagiri/Desktop/Major Project/FaceForensics++_C23/NeuralTextures/417_496.mp4,1,FAKE,NeuralTextures,417
525_509,/Users/nihaldastagiri/Desktop/Major Project/FaceForensics++_C23/NeuralTextures/525_509.mp4,1,FAKE,NeuralTextures,525
457_398,/Users/nihaldastagiri/Desktop/Major Project/FaceForensics++_C23/NeuralTextures/457_398.mp4,1,FAKE,NeuralTextures,457
409_382,/Users/nihaldastagiri/Desktop/Major Project/FaceForensics++_C23/NeuralTextures/409_382.mp4,1,FAKE,NeuralTextures,409
092_098,/Users/nihaldastagiri/Desktop/Major Project/FaceForensics++_C23/NeuralTextures/092_098.mp4,1,FAKE,NeuralTextures,092
930_763,/Users/nihaldastagiri/Desktop/Major Project/FaceForensics++_C23/NeuralTextures/930_763.mp4,1,FAKE,NeuralTextures,930
089_065,/Users/nihaldastagiri/Desktop/Major Project/FaceForensics++_C23/NeuralTextures/089_065.mp4,1,FAKE,NeuralTextures,089
336_338,/Users/nihaldastagiri/Desktop/Major Project/FaceForensics++_C23/NeuralTextures/336_338.mp4,1,FAKE,NeuralTextures,336
988_966,/Users/nihaldastagiri/Desktop/Major Project/FaceForensics++_C23/NeuralTextures/988_966.mp4,1,FAKE,NeuralTextures,988
921_569,/Users/nihaldastagiri/Desktop/Major Project/FaceForensics++_C23/NeuralTextures/921_569.mp4,1,FAKE,NeuralTextures,921
933_925,/Users/nihaldastagiri/Desktop/Major Project/FaceForensics++_C23/NeuralTextures/933_925.mp4,1,FAKE,NeuralTextures,933
605_591,/Users/nihaldastagiri/Desktop/Major Project/FaceForensics++_C23/NeuralTextures/605_591.mp4,1,FAKE,NeuralTextures,605
593_577,/Users/nihaldastagiri/Desktop/Major Project/FaceForensics++_C23/NeuralTextures/593_577.mp4,1,FAKE,NeuralTextures,593
611_760,/Users/nihaldastagiri/Desktop/Major Project/FaceForensics++_C23/NeuralTextures/611_760.mp4,1,FAKE,NeuralTextures,611
094_111,/Users/nihaldastagiri/Desktop/Major Project/FaceForensics++_C23/NeuralTextures/094_111.mp4,1,FAKE,NeuralTextures,094
011_805,/Users/nihaldastagiri/Desktop/Major Project/FaceForensics++_C23/NeuralTextures/011_805.mp4,1,FAKE,NeuralTextures,011
396_272,/Users/nihaldastagiri/Desktop/Major Project/FaceForensics++_C23/NeuralTextures/396_272.mp4,1,FAKE,NeuralTextures,396
533_450,/Users/nihaldastagiri/Desktop/Major Project/FaceForensics++_C23/NeuralTextures/533_450.mp4,1,FAKE,NeuralTextures,533
043_110,/Users/nihaldastagiri/Desktop/Major Project/FaceForensics++_C23/NeuralTextures/043_110.mp4,1,FAKE,NeuralTextures,043
042_084,/Users/nihaldastagiri/Desktop/Major Project/FaceForensics++_C23/NeuralTextures/042_084.mp4,1,FAKE,NeuralTextures,042
329_327,/Users/nihaldastagiri/Desktop/Major Project/FaceForensics++_C23/NeuralTextures/329_327.mp4,1,FAKE,NeuralTextures,329
167_166,/Users/nihaldastagiri/Desktop/Major Project/FaceForensics++_C23/NeuralTextures/167_166.mp4,1,FAKE,NeuralTextures,167
497_403,/Users/nihaldastagiri/Desktop/Major Project/FaceForensics++_C23/NeuralTextures/497_403.mp4,1,FAKE,NeuralTextures,497
876_891,/Users/nihaldastagiri/Desktop/Major Project/FaceForensics++_C23/NeuralTextures/876_891.mp4,1,FAKE,NeuralTextures,876
597_595,/Users/nihaldastagiri/Desktop/Major Project/FaceForensics++_C23/NeuralTextures/597_595.mp4,1,FAKE,NeuralTextures,597
756_503,/Users/nihaldastagiri/Desktop/Major Project/FaceForensics++_C23/NeuralTextures/756_503.mp4,1,FAKE,NeuralTextures,756
100_077,/Users/nihaldastagiri/Desktop/Major Project/FaceForensics++_C23/NeuralTextures/100_077.mp4,1,FAKE,NeuralTextures,100
426_287,/Users/nihaldastagiri/Desktop/Major Project/FaceForensics++_C23/NeuralTextures/426_287.mp4,1,FAKE,NeuralTextures,426
178_598,/Users/nihaldastagiri/Desktop/Major Project/FaceForensics++_C23/NeuralTextures/178_598.mp4,1,FAKE,NeuralTextures,178
444_655,/Users/nihaldastagiri/Desktop/Major Project/FaceForensics++_C23/NeuralTextures/444_655.mp4,1,FAKE,NeuralTextures,444
416_342,/Users/nihaldastagiri/Desktop/Major Project/FaceForensics++_C23/NeuralTextures/416_342.mp4,1,FAKE,NeuralTextures,416
870_001,/Users/nihaldastagiri/Desktop/Major Project/FaceForensics++_C23/NeuralTextures/870_001.mp4,1,FAKE,NeuralTextures,870
882_952,/Users/nihaldastagiri/Desktop/Major Project/FaceForensics++_C23/NeuralTextures/882_952.mp4,1,FAKE,NeuralTextures,882
680_486,/Users/nihaldastagiri/Desktop/Major Project/FaceForensics++_C23/NeuralTextures/680_486.mp4,1,FAKE,NeuralTextures,680
177_211,/Users/nihaldastagiri/Desktop/Major Project/FaceForensics++_C23/NeuralTextures/177_211.mp4,1,FAKE,NeuralTextures,177
395_401,/Users/nihaldastagiri/Desktop/Major Project/FaceForensics++_C23/NeuralTextures/395_401.mp4,1,FAKE,NeuralTextures,395
911_910,/Users/nihaldastagiri/Desktop/Major Project/FaceForensics++_C23/NeuralTextures/911_910.mp4,1,FAKE,NeuralTextures,911
793_768,/Users/nihaldastagiri/Desktop/Major Project/FaceForensics++_C23/NeuralTextures/793_768.mp4,1,FAKE,NeuralTextures,793
960_999,/Users/nihaldastagiri/Desktop/Major Project/FaceForensics++_C23/NeuralTextures/960_999.mp4,1,FAKE,NeuralTextures,960
684_717,/Users/nihaldastagiri/Desktop/Major Project/FaceForensics++_C23/NeuralTextures/684_717.mp4,1,FAKE,NeuralTextures,684
383_353,/Users/nihaldastagiri/Desktop/Major Project/FaceForensics++_C23/NeuralTextures/383_353.mp4,1,FAKE,NeuralTextures,383
956_958,/Users/nihaldastagiri/Desktop/Major Project/FaceForensics++_C23/NeuralTextures/956_958.mp4,1,FAKE,NeuralTextures,956
751_752,/Users/nihaldastagiri/Desktop/Major Project/FaceForensics++_C23/NeuralTextures/751_752.mp4,1,FAKE,NeuralTextures,751
257_420,/Users/nihaldastagiri/Desktop/Major Project/FaceForensics++_C23/NeuralTextures/257_420.mp4,1,FAKE,NeuralTextures,257
538_493,/Users/nihaldastagiri/Desktop/Major Project/FaceForensics++_C23/NeuralTextures/538_493.mp4,1,FAKE,NeuralTextures,538
335_277,/Users/nihaldastagiri/Desktop/Major Project/FaceForensics++_C23/NeuralTextures/335_277.mp4,1,FAKE,NeuralTextures,335
015_919,/Users/nihaldastagiri/Desktop/Major Project/FaceForensics++_C23/NeuralTextures/015_919.mp4,1,FAKE,NeuralTextures,015
324_356,/Users/nihaldastagiri/Desktop/Major Project/FaceForensics++_C23/NeuralTextures/324_356.mp4,1,FAKE,NeuralTextures,324
758_754,/Users/nihaldastagiri/Desktop/Major Project/FaceForensics++_C23/NeuralTextures/758_754.mp4,1,FAKE,NeuralTextures,758
222_168,/Users/nihaldastagiri/Desktop/Major Project/FaceForensics++_C23/NeuralTextures/222_168.mp4,1,FAKE,NeuralTextures,222
179_212,/Users/nihaldastagiri/Desktop/Major Project/FaceForensics++_C23/NeuralTextures/179_212.mp4,1,FAKE,NeuralTextures,179
983_113,/Users/nihaldastagiri/Desktop/Major Project/FaceForensics++_C23/NeuralTextures/983_113.mp4,1,FAKE,NeuralTextures,983
022_489,/Users/nihaldastagiri/Desktop/Major Project/FaceForensics++_C23/NeuralTextures/022_489.mp4,1,FAKE,NeuralTextures,022
356_324,/Users/nihaldastagiri/Desktop/Major Project/FaceForensics++_C23/NeuralTextures/356_324.mp4,1,FAKE,NeuralTextures,356
666_656,/Users/nihaldastagiri/Desktop/Major Project/FaceForensics++_C23/NeuralTextures/666_656.mp4,1,FAKE,NeuralTextures,666
861_858,/Users/nihaldastagiri/Desktop/Major Project/FaceForensics++_C23/NeuralTextures/861_858.mp4,1,FAKE,NeuralTextures,861
340_341,/Users/nihaldastagiri/Desktop/Major Project/FaceForensics++_C23/NeuralTextures/340_341.mp4,1,FAKE,NeuralTextures,340
431_447,/Users/nihaldastagiri/Desktop/Major Project/FaceForensics++_C23/NeuralTextures/431_447.mp4,1,FAKE,NeuralTextures,431
551_631,/Users/nihaldastagiri/Desktop/Major Project/FaceForensics++_C23/NeuralTextures/551_631.mp4,1,FAKE,NeuralTextures,551
833_826,/Users/nihaldastagiri/Desktop/Major Project/FaceForensics++_C23/NeuralTextures/833_826.mp4,1,FAKE,NeuralTextures,833
203_201,/Users/nihaldastagiri/Desktop/Major Project/FaceForensics++_C23/NeuralTextures/203_201.mp4,1,FAKE,NeuralTextures,203
630_623,/Users/nihaldastagiri/Desktop/Major Project/FaceForensics++_C23/NeuralTextures/630_623.mp4,1,FAKE,NeuralTextures,630
093_121,/Users/nihaldastagiri/Desktop/Major Project/FaceForensics++_C23/NeuralTextures/093_121.mp4,1,FAKE,NeuralTextures,093
558_583,/Users/nihaldastagiri/Desktop/Major Project/FaceForensics++_C23/NeuralTextures/558_583.mp4,1,FAKE,NeuralTextures,558
068_028,/Users/nihaldastagiri/Desktop/Major Project/FaceForensics++_C23/NeuralTextures/068_028.mp4,1,FAKE,NeuralTextures,068
622_647,/Users/nihaldastagiri/Desktop/Major Project/FaceForensics++_C23/NeuralTextures/622_647.mp4,1,FAKE,NeuralTextures,622
284_263,/Users/nihaldastagiri/Desktop/Major Project/FaceForensics++_C23/NeuralTextures/284_263.mp4,1,FAKE,NeuralTextures,284
844_797,/Users/nihaldastagiri/Desktop/Major Project/FaceForensics++_C23/NeuralTextures/844_797.mp4,1,FAKE,NeuralTextures,844
434_438,/Users/nihaldastagiri/Desktop/Major Project/FaceForensics++_C23/NeuralTextures/434_438.mp4,1,FAKE,NeuralTextures,434
153_150,/Users/nihaldastagiri/Desktop/Major Project/FaceForensics++_C23/NeuralTextures/153_150.mp4,1,FAKE,NeuralTextures,153
075_977,/Users/nihaldastagiri/Desktop/Major Project/FaceForensics++_C23/NeuralTextures/075_977.mp4,1,FAKE,NeuralTextures,075
730_815,/Users/nihaldastagiri/Desktop/Major Project/FaceForensics++_C23/NeuralTextures/730_815.mp4,1,FAKE,NeuralTextures,730
446_667,/Users/nihaldastagiri/Desktop/Major Project/FaceForensics++_C23/NeuralTextures/446_667.mp4,1,FAKE,NeuralTextures,446
188_191,/Users/nihaldastagiri/Desktop/Major Project/FaceForensics++_C23/NeuralTextures/188_191.mp4,1,FAKE,NeuralTextures,188
271_264,/Users/nihaldastagiri/Desktop/Major Project/FaceForensics++_C23/NeuralTextures/271_264.mp4,1,FAKE,NeuralTextures,271
236_237,/Users/nihaldastagiri/Desktop/Major Project/FaceForensics++_C23/NeuralTextures/236_237.mp4,1,FAKE,NeuralTextures,236
487_477,/Users/nihaldastagiri/Desktop/Major Project/FaceForensics++_C23/NeuralTextures/487_477.mp4,1,FAKE,NeuralTextures,487
117_217,/Users/nihaldastagiri/Desktop/Major Project/FaceForensics++_C23/NeuralTextures/117_217.mp4,1,FAKE,NeuralTextures,117
943_942,/Users/nihaldastagiri/Desktop/Major Project/FaceForensics++_C23/NeuralTextures/943_942.mp4,1,FAKE,NeuralTextures,943
512_495,/Users/nihaldastagiri/Desktop/Major Project/FaceForensics++_C23/NeuralTextures/512_495.mp4,1,FAKE,NeuralTextures,512
825_074,/Users/nihaldastagiri/Desktop/Major Project/FaceForensics++_C23/NeuralTextures/825_074.mp4,1,FAKE,NeuralTextures,825
591_605,/Users/nihaldastagiri/Desktop/Major Project/FaceForensics++_C23/NeuralTextures/591_605.mp4,1,FAKE,NeuralTextures,591
126_104,/Users/nihaldastagiri/Desktop/Major Project/FaceForensics++_C23/NeuralTextures/126_104.mp4,1,FAKE,NeuralTextures,126
116_091,/Users/nihaldastagiri/Desktop/Major Project/FaceForensics++_C23/NeuralTextures/116_091.mp4,1,FAKE,NeuralTextures,116
473_366,/Users/nihaldastagiri/Desktop/Major Project/FaceForensics++_C23/NeuralTextures/473_366.mp4,1,FAKE,NeuralTextures,473
693_698,/Users/nihaldastagiri/Desktop/Major Project/FaceForensics++_C23/NeuralTextures/693_698.mp4,1,FAKE,NeuralTextures,693
057_070,/Users/nihaldastagiri/Desktop/Major Project/FaceForensics++_C23/NeuralTextures/057_070.mp4,1,FAKE,NeuralTextures,057
863_853,/Users/nihaldastagiri/Desktop/Major Project/FaceForensics++_C23/NeuralTextures/863_853.mp4,1,FAKE,NeuralTextures,863
912_927,/Users/nihaldastagiri/Desktop/Major Project/FaceForensics++_C23/NeuralTextures/912_927.mp4,1,FAKE,NeuralTextures,912
369_316,/Users/nihaldastagiri/Desktop/Major Project/FaceForensics++_C23/NeuralTextures/369_316.mp4,1,FAKE,NeuralTextures,369
268_269,/Users/nihaldastagiri/Desktop/Major Project/FaceForensics++_C23/NeuralTextures/268_269.mp4,1,FAKE,NeuralTextures,268
046_904,/Users/nihaldastagiri/Desktop/Major Project/FaceForensics++_C23/NeuralTextures/046_904.mp4,1,FAKE,NeuralTextures,046
349_350,/Users/nihaldastagiri/Desktop/Major Project/FaceForensics++_C23/NeuralTextures/349_350.mp4,1,FAKE,NeuralTextures,349
195_442,/Users/nihaldastagiri/Desktop/Major Project/FaceForensics++_C23/NeuralTextures/195_442.mp4,1,FAKE,NeuralTextures,195
999_960,/Users/nihaldastagiri/Desktop/Major Project/FaceForensics++_C23/NeuralTextures/999_960.mp4,1,FAKE,NeuralTextures,999
834_852,/Users/nihaldastagiri/Desktop/Major Project/FaceForensics++_C23/NeuralTextures/834_852.mp4,1,FAKE,NeuralTextures,834
736_785,/Users/nihaldastagiri/Desktop/Major Project/FaceForensics++_C23/NeuralTextures/736_785.mp4,1,FAKE,NeuralTextures,736
263_284,/Users/nihaldastagiri/Desktop/Major Project/FaceForensics++_C23/NeuralTextures/263_284.mp4,1,FAKE,NeuralTextures,263
443_514,/Users/nihaldastagiri/Desktop/Major Project/FaceForensics++_C23/NeuralTextures/443_514.mp4,1,FAKE,NeuralTextures,443
675_608,/Users/nihaldastagiri/Desktop/Major Project/FaceForensics++_C23/NeuralTextures/675_608.mp4,1,FAKE,NeuralTextures,675
304_300,/Users/nihaldastagiri/Desktop/Major Project/FaceForensics++_C23/NeuralTextures/304_300.mp4,1,FAKE,NeuralTextures,304
341_340,/Users/nihaldastagiri/Desktop/Major Project/FaceForensics++_C23/NeuralTextures/341_340.mp4,1,FAKE,NeuralTextures,341
966_988,/Users/nihaldastagiri/Desktop/Major Project/FaceForensics++_C23/NeuralTextures/966_988.mp4,1,FAKE,NeuralTextures,966
149_152,/Users/nihaldastagiri/Desktop/Major Project/FaceForensics++_C23/NeuralTextures/149_152.mp4,1,FAKE,NeuralTextures,149
124_085,/Users/nihaldastagiri/Desktop/Major Project/FaceForensics++_C23/NeuralTextures/124_085.mp4,1,FAKE,NeuralTextures,124
786_819,/Users/nihaldastagiri/Desktop/Major Project/FaceForensics++_C23/NeuralTextures/786_819.mp4,1,FAKE,NeuralTextures,786
050_059,/Users/nihaldastagiri/Desktop/Major Project/FaceForensics++_C23/NeuralTextures/050_059.mp4,1,FAKE,NeuralTextures,050
353_383,/Users/nihaldastagiri/Desktop/Major Project/FaceForensics++_C23/NeuralTextures/353_383.mp4,1,FAKE,NeuralTextures,353
927_912,/Users/nihaldastagiri/Desktop/Major Project/FaceForensics++_C23/NeuralTextures/927_912.mp4,1,FAKE,NeuralTextures,927
142_138,/Users/nihaldastagiri/Desktop/Major Project/FaceForensics++_C23/NeuralTextures/142_138.mp4,1,FAKE,NeuralTextures,142
470_468,/Users/nihaldastagiri/Desktop/Major Project/FaceForensics++_C23/NeuralTextures/470_468.mp4,1,FAKE,NeuralTextures,470
399_488,/Users/nihaldastagiri/Desktop/Major Project/FaceForensics++_C23/NeuralTextures/399_488.mp4,1,FAKE,NeuralTextures,399
625_650,/Users/nihaldastagiri/Desktop/Major Project/FaceForensics++_C23/NeuralTextures/625_650.mp4,1,FAKE,NeuralTextures,625
320_328,/Users/nihaldastagiri/Desktop/Major Project/FaceForensics++_C23/NeuralTextures/320_328.mp4,1,FAKE,NeuralTextures,320
019_018,/Users/nihaldastagiri/Desktop/Major Project/FaceForensics++_C23/NeuralTextures/019_018.mp4,1,FAKE,NeuralTextures,019
809_799,/Users/nihaldastagiri/Desktop/Major Project/FaceForensics++_C23/NeuralTextures/809_799.mp4,1,FAKE,NeuralTextures,809
790_014,/Users/nihaldastagiri/Desktop/Major Project/FaceForensics++_C23/NeuralTextures/790_014.mp4,1,FAKE,NeuralTextures,790
808_829,/Users/nihaldastagiri/Desktop/Major Project/FaceForensics++_C23/NeuralTextures/808_829.mp4,1,FAKE,NeuralTextures,808
407_374,/Users/nihaldastagiri/Desktop/Major Project/FaceForensics++_C23/NeuralTextures/407_374.mp4,1,FAKE,NeuralTextures,407
537_563,/Users/nihaldastagiri/Desktop/Major Project/FaceForensics++_C23/NeuralTextures/537_563.mp4,1,FAKE,NeuralTextures,537
620_619,/Users/nihaldastagiri/Desktop/Major Project/FaceForensics++_C23/NeuralTextures/620_619.mp4,1,FAKE,NeuralTextures,620
038_125,/Users/nihaldastagiri/Desktop/Major Project/FaceForensics++_C23/NeuralTextures/038_125.mp4,1,FAKE,NeuralTextures,038
175_159,/Users/nihaldastagiri/Desktop/Major Project/FaceForensics++_C23/NeuralTextures/175_159.mp4,1,FAKE,NeuralTextures,175
245_157,/Users/nihaldastagiri/Desktop/Major Project/FaceForensics++_C23/NeuralTextures/245_157.mp4,1,FAKE,NeuralTextures,245
828_830,/Users/nihaldastagiri/Desktop/Major Project/FaceForensics++_C23/NeuralTextures/828_830.mp4,1,FAKE,NeuralTextures,828
667_446,/Users/nihaldastagiri/Desktop/Major Project/FaceForensics++_C23/NeuralTextures/667_446.mp4,1,FAKE,NeuralTextures,667
754_758,/Users/nihaldastagiri/Desktop/Major Project/FaceForensics++_C23/NeuralTextures/754_758.mp4,1,FAKE,NeuralTextures,754
858_861,/Users/nihaldastagiri/Desktop/Major Project/FaceForensics++_C23/NeuralTextures/858_861.mp4,1,FAKE,NeuralTextures,858
154_386,/Users/nihaldastagiri/Desktop/Major Project/FaceForensics++_C23/NeuralTextures/154_386.mp4,1,FAKE,NeuralTextures,154
287_426,/Users/nihaldastagiri/Desktop/Major Project/FaceForensics++_C23/NeuralTextures/287_426.mp4,1,FAKE,NeuralTextures,287
602_397,/Users/nihaldastagiri/Desktop/Major Project/FaceForensics++_C23/NeuralTextures/602_397.mp4,1,FAKE,NeuralTextures,602
569_921,/Users/nihaldastagiri/Desktop/Major Project/FaceForensics++_C23/NeuralTextures/569_921.mp4,1,FAKE,NeuralTextures,569
743_750,/Users/nihaldastagiri/Desktop/Major Project/FaceForensics++_C23/NeuralTextures/743_750.mp4,1,FAKE,NeuralTextures,743
017_803,/Users/nihaldastagiri/Desktop/Major Project/FaceForensics++_C23/NeuralTextures/017_803.mp4,1,FAKE,NeuralTextures,017
127_129,/Users/nihaldastagiri/Desktop/Major Project/FaceForensics++_C23/NeuralTextures/127_129.mp4,1,FAKE,NeuralTextures,127
322_315,/Users/nihaldastagiri/Desktop/Major Project/FaceForensics++_C23/NeuralTextures/322_315.mp4,1,FAKE,NeuralTextures,322
255_214,/Users/nihaldastagiri/Desktop/Major Project/FaceForensics++_C23/NeuralTextures/255_214.mp4,1,FAKE,NeuralTextures,255
657_644,/Users/nihaldastagiri/Desktop/Major Project/FaceForensics++_C23/NeuralTextures/657_644.mp4,1,FAKE,NeuralTextures,657
964_174,/Users/nihaldastagiri/Desktop/Major Project/FaceForensics++_C23/NeuralTextures/964_174.mp4,1,FAKE,NeuralTextures,964
190_176,/Users/nihaldastagiri/Desktop/Major Project/FaceForensics++_C23/NeuralTextures/190_176.mp4,1,FAKE,NeuralTextures,190
115_939,/Users/nihaldastagiri/Desktop/Major Project/FaceForensics++_C23/NeuralTextures/115_939.mp4,1,FAKE,NeuralTextures,115
616_614,/Users/nihaldastagiri/Desktop/Major Project/FaceForensics++_C23/NeuralTextures/616_614.mp4,1,FAKE,NeuralTextures,616
606_567,/Users/nihaldastagiri/Desktop/Major Project/FaceForensics++_C23/NeuralTextures/606_567.mp4,1,FAKE,NeuralTextures,606
180_105,/Users/nihaldastagiri/Desktop/Major Project/FaceForensics++_C23/NeuralTextures/180_105.mp4,1,FAKE,NeuralTextures,180
301_262,/Users/nihaldastagiri/Desktop/Major Project/FaceForensics++_C23/NeuralTextures/301_262.mp4,1,FAKE,NeuralTextures,301
759_755,/Users/nihaldastagiri/Desktop/Major Project/FaceForensics++_C23/NeuralTextures/759_755.mp4,1,FAKE,NeuralTextures,759
712_716,/Users/nihaldastagiri/Desktop/Major Project/FaceForensics++_C23/NeuralTextures/712_716.mp4,1,FAKE,NeuralTextures,712
723_704,/Users/nihaldastagiri/Desktop/Major Project/FaceForensics++_C23/NeuralTextures/723_704.mp4,1,FAKE,NeuralTextures,723
685_613,/Users/nihaldastagiri/Desktop/Major Project/FaceForensics++_C23/NeuralTextures/685_613.mp4,1,FAKE,NeuralTextures,685
979_875,/Users/nihaldastagiri/Desktop/Major Project/FaceForensics++_C23/NeuralTextures/979_875.mp4,1,FAKE,NeuralTextures,979
517_521,/Users/nihaldastagiri/Desktop/Major Project/FaceForensics++_C23/NeuralTextures/517_521.mp4,1,FAKE,NeuralTextures,517
984_967,/Users/nihaldastagiri/Desktop/Major Project/FaceForensics++_C23/NeuralTextures/984_967.mp4,1,FAKE,NeuralTextures,984
045_889,/Users/nihaldastagiri/Desktop/Major Project/FaceForensics++_C23/NeuralTextures/045_889.mp4,1,FAKE,NeuralTextures,045
909_857,/Users/nihaldastagiri/Desktop/Major Project/FaceForensics++_C23/NeuralTextures/909_857.mp4,1,FAKE,NeuralTextures,909
157_245,/Users/nihaldastagiri/Desktop/Major Project/FaceForensics++_C23/NeuralTextures/157_245.mp4,1,FAKE,NeuralTextures,157
851_552,/Users/nihaldastagiri/Desktop/Major Project/FaceForensics++_C23/NeuralTextures/851_552.mp4,1,FAKE,NeuralTextures,851
171_173,/Users/nihaldastagiri/Desktop/Major Project/FaceForensics++_C23/NeuralTextures/171_173.mp4,1,FAKE,NeuralTextures,171
016_209,/Users/nihaldastagiri/Desktop/Major Project/FaceForensics++_C23/NeuralTextures/016_209.mp4,1,FAKE,NeuralTextures,016
511_472,/Users/nihaldastagiri/Desktop/Major Project/FaceForensics++_C23/NeuralTextures/511_472.mp4,1,FAKE,NeuralTextures,511
048_029,/Users/nihaldastagiri/Desktop/Major Project/FaceForensics++_C23/NeuralTextures/048_029.mp4,1,FAKE,NeuralTextures,048
971_564,/Users/nihaldastagiri/Desktop/Major Project/FaceForensics++_C23/NeuralTextures/971_564.mp4,1,FAKE,NeuralTextures,971
940_941,/Users/nihaldastagiri/Desktop/Major Project/FaceForensics++_C23/NeuralTextures/940_941.mp4,1,FAKE,NeuralTextures,940
515_519,/Users/nihaldastagiri/Desktop/Major Project/FaceForensics++_C23/NeuralTextures/515_519.mp4,1,FAKE,NeuralTextures,515
952_882,/Users/nihaldastagiri/Desktop/Major Project/FaceForensics++_C23/NeuralTextures/952_882.mp4,1,FAKE,NeuralTextures,952
480_389,/Users/nihaldastagiri/Desktop/Major Project/FaceForensics++_C23/NeuralTextures/480_389.mp4,1,FAKE,NeuralTextures,480
283_313,/Users/nihaldastagiri/Desktop/Major Project/FaceForensics++_C23/NeuralTextures/283_313.mp4,1,FAKE,NeuralTextures,283
718_972,/Users/nihaldastagiri/Desktop/Major Project/FaceForensics++_C23/NeuralTextures/718_972.mp4,1,FAKE,NeuralTextures,718
877_886,/Users/nihaldastagiri/Desktop/Major Project/FaceForensics++_C23/NeuralTextures/877_886.mp4,1,FAKE,NeuralTextures,877
225_151,/Users/nihaldastagiri/Desktop/Major Project/FaceForensics++_C23/NeuralTextures/225_151.mp4,1,FAKE,NeuralTextures,225
026_012,/Users/nihaldastagiri/Desktop/Major Project/FaceForensics++_C23/NeuralTextures/026_012.mp4,1,FAKE,NeuralTextures,026
954_976,/Users/nihaldastagiri/Desktop/Major Project/FaceForensics++_C23/NeuralTextures/954_976.mp4,1,FAKE,NeuralTextures,954
437_360,/Users/nihaldastagiri/Desktop/Major Project/FaceForensics++_C23/NeuralTextures/437_360.mp4,1,FAKE,NeuralTextures,437
951_947,/Users/nihaldastagiri/Desktop/Major Project/FaceForensics++_C23/NeuralTextures/951_947.mp4,1,FAKE,NeuralTextures,951
364_440,/Users/nihaldastagiri/Desktop/Major Project/FaceForensics++_C23/NeuralTextures/364_440.mp4,1,FAKE,NeuralTextures,364
229_247,/Users/nihaldastagiri/Desktop/Major Project/FaceForensics++_C23/NeuralTextures/229_247.mp4,1,FAKE,NeuralTextures,229
037_072,/Users/nihaldastagiri/Desktop/Major Project/FaceForensics++_C23/NeuralTextures/037_072.mp4,1,FAKE,NeuralTextures,037
965_948,/Users/nihaldastagiri/Desktop/Major Project/FaceForensics++_C23/NeuralTextures/965_948.mp4,1,FAKE,NeuralTextures,965
374_407,/Users/nihaldastagiri/Desktop/Major Project/FaceForensics++_C23/NeuralTextures/374_407.mp4,1,FAKE,NeuralTextures,374
469_481,/Users/nihaldastagiri/Desktop/Major Project/FaceForensics++_C23/NeuralTextures/469_481.mp4,1,FAKE,NeuralTextures,469
967_984,/Users/nihaldastagiri/Desktop/Major Project/FaceForensics++_C23/NeuralTextures/967_984.mp4,1,FAKE,NeuralTextures,967
850_764,/Users/nihaldastagiri/Desktop/Major Project/FaceForensics++_C23/NeuralTextures/850_764.mp4,1,FAKE,NeuralTextures,850
704_723,/Users/nihaldastagiri/Desktop/Major Project/FaceForensics++_C23/NeuralTextures/704_723.mp4,1,FAKE,NeuralTextures,704
841_639,/Users/nihaldastagiri/Desktop/Major Project/FaceForensics++_C23/NeuralTextures/841_639.mp4,1,FAKE,NeuralTextures,841
194_235,/Users/nihaldastagiri/Desktop/Major Project/FaceForensics++_C23/NeuralTextures/194_235.mp4,1,FAKE,NeuralTextures,194
854_747,/Users/nihaldastagiri/Desktop/Major Project/FaceForensics++_C23/NeuralTextures/854_747.mp4,1,FAKE,NeuralTextures,854
864_839,/Users/nihaldastagiri/Desktop/Major Project/FaceForensics++_C23/NeuralTextures/864_839.mp4,1,FAKE,NeuralTextures,864
503_756,/Users/nihaldastagiri/Desktop/Major Project/FaceForensics++_C23/NeuralTextures/503_756.mp4,1,FAKE,NeuralTextures,503
969_897,/Users/nihaldastagiri/Desktop/Major Project/FaceForensics++_C23/NeuralTextures/969_897.mp4,1,FAKE,NeuralTextures,969
830_828,/Users/nihaldastagiri/Desktop/Major Project/FaceForensics++_C23/NeuralTextures/830_828.mp4,1,FAKE,NeuralTextures,830
579_701,/Users/nihaldastagiri/Desktop/Major Project/FaceForensics++_C23/NeuralTextures/579_701.mp4,1,FAKE,NeuralTextures,579
968_884,/Users/nihaldastagiri/Desktop/Major Project/FaceForensics++_C23/NeuralTextures/968_884.mp4,1,FAKE,NeuralTextures,968
162_330,/Users/nihaldastagiri/Desktop/Major Project/FaceForensics++_C23/NeuralTextures/162_330.mp4,1,FAKE,NeuralTextures,162
908_207,/Users/nihaldastagiri/Desktop/Major Project/FaceForensics++_C23/NeuralTextures/908_207.mp4,1,FAKE,NeuralTextures,908
152_149,/Users/nihaldastagiri/Desktop/Major Project/FaceForensics++_C23/NeuralTextures/152_149.mp4,1,FAKE,NeuralTextures,152
801_855,/Users/nihaldastagiri/Desktop/Major Project/FaceForensics++_C23/NeuralTextures/801_855.mp4,1,FAKE,NeuralTextures,801
993_989,/Users/nihaldastagiri/Desktop/Major Project/FaceForensics++_C23/NeuralTextures/993_989.mp4,1,FAKE,NeuralTextures,993
755_759,/Users/nihaldastagiri/Desktop/Major Project/FaceForensics++_C23/NeuralTextures/755_759.mp4,1,FAKE,NeuralTextures,755
111_094,/Users/nihaldastagiri/Desktop/Major Project/FaceForensics++_C23/NeuralTextures/111_094.mp4,1,FAKE,NeuralTextures,111
226_491,/Users/nihaldastagiri/Desktop/Major Project/FaceForensics++_C23/NeuralTextures/226_491.mp4,1,FAKE,NeuralTextures,226
688_645,/Users/nihaldastagiri/Desktop/Major Project/FaceForensics++_C23/NeuralTextures/688_645.mp4,1,FAKE,NeuralTextures,688
103_082,/Users/nihaldastagiri/Desktop/Major Project/FaceForensics++_C23/NeuralTextures/103_082.mp4,1,FAKE,NeuralTextures,103
421_423,/Users/nihaldastagiri/Desktop/Major Project/FaceForensics++_C23/NeuralTextures/421_423.mp4,1,FAKE,NeuralTextures,421
419_824,/Users/nihaldastagiri/Desktop/Major Project/FaceForensics++_C23/NeuralTextures/419_824.mp4,1,FAKE,NeuralTextures,419
750_743,/Users/nihaldastagiri/Desktop/Major Project/FaceForensics++_C23/NeuralTextures/750_743.mp4,1,FAKE,NeuralTextures,750
586_223,/Users/nihaldastagiri/Desktop/Major Project/FaceForensics++_C23/NeuralTextures/586_223.mp4,1,FAKE,NeuralTextures,586
780_869,/Users/nihaldastagiri/Desktop/Major Project/FaceForensics++_C23/NeuralTextures/780_869.mp4,1,FAKE,NeuralTextures,780
672_720,/Users/nihaldastagiri/Desktop/Major Project/FaceForensics++_C23/NeuralTextures/672_720.mp4,1,FAKE,NeuralTextures,672
119_123,/Users/nihaldastagiri/Desktop/Major Project/FaceForensics++_C23/NeuralTextures/119_123.mp4,1,FAKE,NeuralTextures,119
053_095,/Users/nihaldastagiri/Desktop/Major Project/FaceForensics++_C23/NeuralTextures/053_095.mp4,1,FAKE,NeuralTextures,053
151_225,/Users/nihaldastagiri/Desktop/Major Project/FaceForensics++_C23/NeuralTextures/151_225.mp4,1,FAKE,NeuralTextures,151
403_497,/Users/nihaldastagiri/Desktop/Major Project/FaceForensics++_C23/NeuralTextures/403_497.mp4,1,FAKE,NeuralTextures,403
945_044,/Users/nihaldastagiri/Desktop/Major Project/FaceForensics++_C23/NeuralTextures/945_044.mp4,1,FAKE,NeuralTextures,945
207_908,/Users/nihaldastagiri/Desktop/Major Project/FaceForensics++_C23/NeuralTextures/207_908.mp4,1,FAKE,NeuralTextures,207
658_627,/Users/nihaldastagiri/Desktop/Major Project/FaceForensics++_C23/NeuralTextures/658_627.mp4,1,FAKE,NeuralTextures,658
843_859,/Users/nihaldastagiri/Desktop/Major Project/FaceForensics++_C23/NeuralTextures/843_859.mp4,1,FAKE,NeuralTextures,843
762_832,/Users/nihaldastagiri/Desktop/Major Project/FaceForensics++_C23/NeuralTextures/762_832.mp4,1,FAKE,NeuralTextures,762
008_990,/Users/nihaldastagiri/Desktop/Major Project/FaceForensics++_C23/NeuralTextures/008_990.mp4,1,FAKE,NeuralTextures,008
807_273,/Users/nihaldastagiri/Desktop/Major Project/FaceForensics++_C23/NeuralTextures/807_273.mp4,1,FAKE,NeuralTextures,807
036_035,/Users/nihaldastagiri/Desktop/Major Project/FaceForensics++_C23/NeuralTextures/036_035.mp4,1,FAKE,NeuralTextures,036
452_550,/Users/nihaldastagiri/Desktop/Major Project/FaceForensics++_C23/NeuralTextures/452_550.mp4,1,FAKE,NeuralTextures,452
651_835,/Users/nihaldastagiri/Desktop/Major Project/FaceForensics++_C23/NeuralTextures/651_835.mp4,1,FAKE,NeuralTextures,651
253_183,/Users/nihaldastagiri/Desktop/Major Project/FaceForensics++_C23/NeuralTextures/253_183.mp4,1,FAKE,NeuralTextures,253
303_309,/Users/nihaldastagiri/Desktop/Major Project/FaceForensics++_C23/NeuralTextures/303_309.mp4,1,FAKE,NeuralTextures,303
746_571,/Users/nihaldastagiri/Desktop/Major Project/FaceForensics++_C23/NeuralTextures/746_571.mp4,1,FAKE,NeuralTextures,746
571_746,/Users/nihaldastagiri/Desktop/Major Project/FaceForensics++_C23/NeuralTextures/571_746.mp4,1,FAKE,NeuralTextures,571
623_630,/Users/nihaldastagiri/Desktop/Major Project/FaceForensics++_C23/NeuralTextures/623_630.mp4,1,FAKE,NeuralTextures,623
732_691,/Users/nihaldastagiri/Desktop/Major Project/FaceForensics++_C23/NeuralTextures/732_691.mp4,1,FAKE,NeuralTextures,732
891_876,/Users/nihaldastagiri/Desktop/Major Project/FaceForensics++_C23/NeuralTextures/891_876.mp4,1,FAKE,NeuralTextures,891
262_301,/Users/nihaldastagiri/Desktop/Major Project/FaceForensics++_C23/NeuralTextures/262_301.mp4,1,FAKE,NeuralTextures,262
610_692,/Users/nihaldastagiri/Desktop/Major Project/FaceForensics++_C23/NeuralTextures/610_692.mp4,1,FAKE,NeuralTextures,610
297_270,/Users/nihaldastagiri/Desktop/Major Project/FaceForensics++_C23/NeuralTextures/297_270.mp4,1,FAKE,NeuralTextures,297
414_385,/Users/nihaldastagiri/Desktop/Major Project/FaceForensics++_C23/NeuralTextures/414_385.mp4,1,FAKE,NeuralTextures,414
150_153,/Users/nihaldastagiri/Desktop/Major Project/FaceForensics++_C23/NeuralTextures/150_153.mp4,1,FAKE,NeuralTextures,150
521,/Users/nihaldastagiri/Desktop/Major Project/FaceForensics++_C23/original/521.mp4,0,REAL,original,521
737,/Users/nihaldastagiri/Desktop/Major Project/FaceForensics++_C23/original/737.mp4,0,REAL,original,737
740,/Users/nihaldastagiri/Desktop/Major Project/FaceForensics++_C23/original/740.mp4,0,REAL,original,740
660,/Users/nihaldastagiri/Desktop/Major Project/FaceForensics++_C23/original/660.mp4,0,REAL,original,660
411,/Users/nihaldastagiri/Desktop/Major Project/FaceForensics++_C23/original/411.mp4,0,REAL,original,411
678,/Users/nihaldastagiri/Desktop/Major Project/FaceForensics++_C23/original/678.mp4,0,REAL,original,678
626,/Users/nihaldastagiri/Desktop/Major Project/FaceForensics++_C23/original/626.mp4,0,REAL,original,626
513,/Users/nihaldastagiri/Desktop/Major Project/FaceForensics++_C23/original/513.mp4,0,REAL,original,513
859,/Users/nihaldastagiri/Desktop/Major Project/FaceForensics++_C23/original/859.mp4,0,REAL,original,859
136,/Users/nihaldastagiri/Desktop/Major Project/FaceForensics++_C23/original/136.mp4,0,REAL,original,136
811,/Users/nihaldastagiri/Desktop/Major Project/FaceForensics++_C23/original/811.mp4,0,REAL,original,811
076,/Users/nihaldastagiri/Desktop/Major Project/FaceForensics++_C23/original/076.mp4,0,REAL,original,076
636,/Users/nihaldastagiri/Desktop/Major Project/FaceForensics++_C23/original/636.mp4,0,REAL,original,636
973,/Users/nihaldastagiri/Desktop/Major Project/FaceForensics++_C23/original/973.mp4,0,REAL,original,973
938,/Users/nihaldastagiri/Desktop/Major Project/FaceForensics++_C23/original/938.mp4,0,REAL,original,938
899,/Users/nihaldastagiri/Desktop/Major Project/FaceForensics++_C23/original/899.mp4,0,REAL,original,899
280,/Users/nihaldastagiri/Desktop/Major Project/FaceForensics++_C23/original/280.mp4,0,REAL,original,280
883,/Users/nihaldastagiri/Desktop/Major Project/FaceForensics++_C23/original/883.mp4,0,REAL,original,883
761,/Users/nihaldastagiri/Desktop/Major Project/FaceForensics++_C23/original/761.mp4,0,REAL,original,761
319,/Users/nihaldastagiri/Desktop/Major Project/FaceForensics++_C23/original/319.mp4,0,REAL,original,319
549,/Users/nihaldastagiri/Desktop/Major Project/FaceForensics++_C23/original/549.mp4,0,REAL,original,549
174,/Users/nihaldastagiri/Desktop/Major Project/FaceForensics++_C23/original/174.mp4,0,REAL,original,174
371,/Users/nihaldastagiri/Desktop/Major Project/FaceForensics++_C23/original/371.mp4,0,REAL,original,371
527,/Users/nihaldastagiri/Desktop/Major Project/FaceForensics++_C23/original/527.mp4,0,REAL,original,527
210,/Users/nihaldastagiri/Desktop/Major Project/FaceForensics++_C23/original/210.mp4,0,REAL,original,210
235,/Users/nihaldastagiri/Desktop/Major Project/FaceForensics++_C23/original/235.mp4,0,REAL,original,235
101,/Users/nihaldastagiri/Desktop/Major Project/FaceForensics++_C23/original/101.mp4,0,REAL,original,101
986,/Users/nihaldastagiri/Desktop/Major Project/FaceForensics++_C23/original/986.mp4,0,REAL,original,986
902,/Users/nihaldastagiri/Desktop/Major Project/FaceForensics++_C23/original/902.mp4,0,REAL,original,902
947,/Users/nihaldastagiri/Desktop/Major Project/FaceForensics++_C23/original/947.mp4,0,REAL,original,947
346,/Users/nihaldastagiri/Desktop/Major Project/FaceForensics++_C23/original/346.mp4,0,REAL,original,346
139,/Users/nihaldastagiri/Desktop/Major Project/FaceForensics++_C23/original/139.mp4,0,REAL,original,139
621,/Users/nihaldastagiri/Desktop/Major Project/FaceForensics++_C23/original/621.mp4,0,REAL,original,621
499,/Users/nihaldastagiri/Desktop/Major Project/FaceForensics++_C23/original/499.mp4,0,REAL,original,499
370,/Users/nihaldastagiri/Desktop/Major Project/FaceForensics++_C23/original/370.mp4,0,REAL,original,370
198,/Users/nihaldastagiri/Desktop/Major Project/FaceForensics++_C23/original/198.mp4,0,REAL,original,198
687,/Users/nihaldastagiri/Desktop/Major Project/FaceForensics++_C23/original/687.mp4,0,REAL,original,687
584,/Users/nihaldastagiri/Desktop/Major Project/FaceForensics++_C23/original/584.mp4,0,REAL,original,584
901,/Users/nihaldastagiri/Desktop/Major Project/FaceForensics++_C23/original/901.mp4,0,REAL,original,901
059,/Users/nihaldastagiri/Desktop/Major Project/FaceForensics++_C23/original/059.mp4,0,REAL,original,059
328,/Users/nihaldastagiri/Desktop/Major Project/FaceForensics++_C23/original/328.mp4,0,REAL,original,328
096,/Users/nihaldastagiri/Desktop/Major Project/FaceForensics++_C23/original/096.mp4,0,REAL,original,096
312,/Users/nihaldastagiri/Desktop/Major Project/FaceForensics++_C23/original/312.mp4,0,REAL,original,312
974,/Users/nihaldastagiri/Desktop/Major Project/FaceForensics++_C23/original/974.mp4,0,REAL,original,974
299,/Users/nihaldastagiri/Desktop/Major Project/FaceForensics++_C23/original/299.mp4,0,REAL,original,299
277,/Users/nihaldastagiri/Desktop/Major Project/FaceForensics++_C23/original/277.mp4,0,REAL,original,277
924,/Users/nihaldastagiri/Desktop/Major Project/FaceForensics++_C23/original/924.mp4,0,REAL,original,924
601,/Users/nihaldastagiri/Desktop/Major Project/FaceForensics++_C23/original/601.mp4,0,REAL,original,601
439,/Users/nihaldastagiri/Desktop/Major Project/FaceForensics++_C23/original/439.mp4,0,REAL,original,439
837,/Users/nihaldastagiri/Desktop/Major Project/FaceForensics++_C23/original/837.mp4,0,REAL,original,837
570,/Users/nihaldastagiri/Desktop/Major Project/FaceForensics++_C23/original/570.mp4,0,REAL,original,570
879,/Users/nihaldastagiri/Desktop/Major Project/FaceForensics++_C23/original/879.mp4,0,REAL,original,879
261,/Users/nihaldastagiri/Desktop/Major Project/FaceForensics++_C23/original/261.mp4,0,REAL,original,261
578,/Users/nihaldastagiri/Desktop/Major Project/FaceForensics++_C23/original/578.mp4,0,REAL,original,578
023,/Users/nihaldastagiri/Desktop/Major Project/FaceForensics++_C23/original/023.mp4,0,REAL,original,023
030,/Users/nihaldastagiri/Desktop/Major Project/FaceForensics++_C23/original/030.mp4,0,REAL,original,030
617,/Users/nihaldastagiri/Desktop/Major Project/FaceForensics++_C23/original/617.mp4,0,REAL,original,617
010,/Users/nihaldastagiri/Desktop/Major Project/FaceForensics++_C23/original/010.mp4,0,REAL,original,010
221,/Users/nihaldastagiri/Desktop/Major Project/FaceForensics++_C23/original/221.mp4,0,REAL,original,221
820,/Users/nihaldastagiri/Desktop/Major Project/FaceForensics++_C23/original/820.mp4,0,REAL,original,820
296,/Users/nihaldastagiri/Desktop/Major Project/FaceForensics++_C23/original/296.mp4,0,REAL,original,296
054,/Users/nihaldastagiri/Desktop/Major Project/FaceForensics++_C23/original/054.mp4,0,REAL,original,054
542,/Users/nihaldastagiri/Desktop/Major Project/FaceForensics++_C23/original/542.mp4,0,REAL,original,542
209,/Users/nihaldastagiri/Desktop/Major Project/FaceForensics++_C23/original/209.mp4,0,REAL,original,209
604,/Users/nihaldastagiri/Desktop/Major Project/FaceForensics++_C23/original/604.mp4,0,REAL,original,604
692,/Users/nihaldastagiri/Desktop/Major Project/FaceForensics++_C23/original/692.mp4,0,REAL,original,692
662,/Users/nihaldastagiri/Desktop/Major Project/FaceForensics++_C23/original/662.mp4,0,REAL,original,662
866,/Users/nihaldastagiri/Desktop/Major Project/FaceForensics++_C23/original/866.mp4,0,REAL,original,866
070,/Users/nihaldastagiri/Desktop/Major Project/FaceForensics++_C23/original/070.mp4,0,REAL,original,070
543,/Users/nihaldastagiri/Desktop/Major Project/FaceForensics++_C23/original/543.mp4,0,REAL,original,543
107,/Users/nihaldastagiri/Desktop/Major Project/FaceForensics++_C23/original/107.mp4,0,REAL,original,107
493,/Users/nihaldastagiri/Desktop/Major Project/FaceForensics++_C23/original/493.mp4,0,REAL,original,493
590,/Users/nihaldastagiri/Desktop/Major Project/FaceForensics++_C23/original/590.mp4,0,REAL,original,590
741,/Users/nihaldastagiri/Desktop/Major Project/FaceForensics++_C23/original/741.mp4,0,REAL,original,741
292,/Users/nihaldastagiri/Desktop/Major Project/FaceForensics++_C23/original/292.mp4,0,REAL,original,292
289,/Users/nihaldastagiri/Desktop/Major Project/FaceForensics++_C23/original/289.mp4,0,REAL,original,289
652,/Users/nihaldastagiri/Desktop/Major Project/FaceForensics++_C23/original/652.mp4,0,REAL,original,652
039,/Users/nihaldastagiri/Desktop/Major Project/FaceForensics++_C23/original/039.mp4,0,REAL,original,039
589,/Users/nihaldastagiri/Desktop/Major Project/FaceForensics++_C23/original/589.mp4,0,REAL,original,589
307,/Users/nihaldastagiri/Desktop/Major Project/FaceForensics++_C23/original/307.mp4,0,REAL,original,307
679,/Users/nihaldastagiri/Desktop/Major Project/FaceForensics++_C23/original/679.mp4,0,REAL,original,679
066,/Users/nihaldastagiri/Desktop/Major Project/FaceForensics++_C23/original/066.mp4,0,REAL,original,066
275,/Users/nihaldastagiri/Desktop/Major Project/FaceForensics++_C23/original/275.mp4,0,REAL,original,275
067,/Users/nihaldastagiri/Desktop/Major Project/FaceForensics++_C23/original/067.mp4,0,REAL,original,067
318,/Users/nihaldastagiri/Desktop/Major Project/FaceForensics++_C23/original/318.mp4,0,REAL,original,318
548,/Users/nihaldastagiri/Desktop/Major Project/FaceForensics++_C23/original/548.mp4,0,REAL,original,548
998,/Users/nihaldastagiri/Desktop/Major Project/FaceForensics++_C23/original/998.mp4,0,REAL,original,998
714,/Users/nihaldastagiri/Desktop/Major Project/FaceForensics++_C23/original/714.mp4,0,REAL,original,714
753,/Users/nihaldastagiri/Desktop/Major Project/FaceForensics++_C23/original/753.mp4,0,REAL,original,753
327,/Users/nihaldastagiri/Desktop/Major Project/FaceForensics++_C23/original/327.mp4,0,REAL,original,327
382,/Users/nihaldastagiri/Desktop/Major Project/FaceForensics++_C23/original/382.mp4,0,REAL,original,382
451,/Users/nihaldastagiri/Desktop/Major Project/FaceForensics++_C23/original/451.mp4,0,REAL,original,451
522,/Users/nihaldastagiri/Desktop/Major Project/FaceForensics++_C23/original/522.mp4,0,REAL,original,522
218,/Users/nihaldastagiri/Desktop/Major Project/FaceForensics++_C23/original/218.mp4,0,REAL,original,218
787,/Users/nihaldastagiri/Desktop/Major Project/FaceForensics++_C23/original/787.mp4,0,REAL,original,787
436,/Users/nihaldastagiri/Desktop/Major Project/FaceForensics++_C23/original/436.mp4,0,REAL,original,436
764,/Users/nihaldastagiri/Desktop/Major Project/FaceForensics++_C23/original/764.mp4,0,REAL,original,764
088,/Users/nihaldastagiri/Desktop/Major Project/FaceForensics++_C23/original/088.mp4,0,REAL,original,088
063,/Users/nihaldastagiri/Desktop/Major Project/FaceForensics++_C23/original/063.mp4,0,REAL,original,063
826,/Users/nihaldastagiri/Desktop/Major Project/FaceForensics++_C23/original/826.mp4,0,REAL,original,826
716,/Users/nihaldastagiri/Desktop/Major Project/FaceForensics++_C23/original/716.mp4,0,REAL,original,716
351,/Users/nihaldastagiri/Desktop/Major Project/FaceForensics++_C23/original/351.mp4,0,REAL,original,351
936,/Users/nihaldastagiri/Desktop/Major Project/FaceForensics++_C23/original/936.mp4,0,REAL,original,936
256,/Users/nihaldastagiri/Desktop/Major Project/FaceForensics++_C23/original/256.mp4,0,REAL,original,256
635,/Users/nihaldastagiri/Desktop/Major Project/FaceForensics++_C23/original/635.mp4,0,REAL,original,635
644,/Users/nihaldastagiri/Desktop/Major Project/FaceForensics++_C23/original/644.mp4,0,REAL,original,644
554,/Users/nihaldastagiri/Desktop/Major Project/FaceForensics++_C23/original/554.mp4,0,REAL,original,554
959,/Users/nihaldastagiri/Desktop/Major Project/FaceForensics++_C23/original/959.mp4,0,REAL,original,959
168,/Users/nihaldastagiri/Desktop/Major Project/FaceForensics++_C23/original/168.mp4,0,REAL,original,168
917,/Users/nihaldastagiri/Desktop/Major Project/FaceForensics++_C23/original/917.mp4,0,REAL,original,917
528,/Users/nihaldastagiri/Desktop/Major Project/FaceForensics++_C23/original/528.mp4,0,REAL,original,528
823,/Users/nihaldastagiri/Desktop/Major Project/FaceForensics++_C23/original/823.mp4,0,REAL,original,823
985,/Users/nihaldastagiri/Desktop/Major Project/FaceForensics++_C23/original/985.mp4,0,REAL,original,985
816,/Users/nihaldastagiri/Desktop/Major Project/FaceForensics++_C23/original/816.mp4,0,REAL,original,816
086,/Users/nihaldastagiri/Desktop/Major Project/FaceForensics++_C23/original/086.mp4,0,REAL,original,086
432,/Users/nihaldastagiri/Desktop/Major Project/FaceForensics++_C23/original/432.mp4,0,REAL,original,432
184,/Users/nihaldastagiri/Desktop/Major Project/FaceForensics++_C23/original/184.mp4,0,REAL,original,184
978,/Users/nihaldastagiri/Desktop/Major Project/FaceForensics++_C23/original/978.mp4,0,REAL,original,978
534,/Users/nihaldastagiri/Desktop/Major Project/FaceForensics++_C23/original/534.mp4,0,REAL,original,534
294,/Users/nihaldastagiri/Desktop/Major Project/FaceForensics++_C23/original/294.mp4,0,REAL,original,294
892,/Users/nihaldastagiri/Desktop/Major Project/FaceForensics++_C23/original/892.mp4,0,REAL,original,892
425,/Users/nihaldastagiri/Desktop/Major Project/FaceForensics++_C23/original/425.mp4,0,REAL,original,425
713,/Users/nihaldastagiri/Desktop/Major Project/FaceForensics++_C23/original/713.mp4,0,REAL,original,713
260,/Users/nihaldastagiri/Desktop/Major Project/FaceForensics++_C23/original/260.mp4,0,REAL,original,260
237,/Users/nihaldastagiri/Desktop/Major Project/FaceForensics++_C23/original/237.mp4,0,REAL,original,237
559,/Users/nihaldastagiri/Desktop/Major Project/FaceForensics++_C23/original/559.mp4,0,REAL,original,559
583,/Users/nihaldastagiri/Desktop/Major Project/FaceForensics++_C23/original/583.mp4,0,REAL,original,583
445,/Users/nihaldastagiri/Desktop/Major Project/FaceForensics++_C23/original/445.mp4,0,REAL,original,445
867,/Users/nihaldastagiri/Desktop/Major Project/FaceForensics++_C23/original/867.mp4,0,REAL,original,867
800,/Users/nihaldastagiri/Desktop/Major Project/FaceForensics++_C23/original/800.mp4,0,REAL,original,800
599,/Users/nihaldastagiri/Desktop/Major Project/FaceForensics++_C23/original/599.mp4,0,REAL,original,599
849,/Users/nihaldastagiri/Desktop/Major Project/FaceForensics++_C23/original/849.mp4,0,REAL,original,849
265,/Users/nihaldastagiri/Desktop/Major Project/FaceForensics++_C23/original/265.mp4,0,REAL,original,265
995,/Users/nihaldastagiri/Desktop/Major Project/FaceForensics++_C23/original/995.mp4,0,REAL,original,995
529,/Users/nihaldastagiri/Desktop/Major Project/FaceForensics++_C23/original/529.mp4,0,REAL,original,529
055,/Users/nihaldastagiri/Desktop/Major Project/FaceForensics++_C23/original/055.mp4,0,REAL,original,055
120,/Users/nihaldastagiri/Desktop/Major Project/FaceForensics++_C23/original/120.mp4,0,REAL,original,120
215,/Users/nihaldastagiri/Desktop/Major Project/FaceForensics++_C23/original/215.mp4,0,REAL,original,215
025,/Users/nihaldastagiri/Desktop/Major Project/FaceForensics++_C23/original/025.mp4,0,REAL,original,025
072,/Users/nihaldastagiri/Desktop/Major Project/FaceForensics++_C23/original/072.mp4,0,REAL,original,072
044,/Users/nihaldastagiri/Desktop/Major Project/FaceForensics++_C23/original/044.mp4,0,REAL,original,044
247,/Users/nihaldastagiri/Desktop/Major Project/FaceForensics++_C23/original/247.mp4,0,REAL,original,247
721,/Users/nihaldastagiri/Desktop/Major Project/FaceForensics++_C23/original/721.mp4,0,REAL,original,721
281,/Users/nihaldastagiri/Desktop/Major Project/FaceForensics++_C23/original/281.mp4,0,REAL,original,281
893,/Users/nihaldastagiri/Desktop/Major Project/FaceForensics++_C23/original/893.mp4,0,REAL,original,893
914,/Users/nihaldastagiri/Desktop/Major Project/FaceForensics++_C23/original/914.mp4,0,REAL,original,914
810,/Users/nihaldastagiri/Desktop/Major Project/FaceForensics++_C23/original/810.mp4,0,REAL,original,810
244,/Users/nihaldastagiri/Desktop/Major Project/FaceForensics++_C23/original/244.mp4,0,REAL,original,244
822,/Users/nihaldastagiri/Desktop/Major Project/FaceForensics++_C23/original/822.mp4,0,REAL,original,822
321,/Users/nihaldastagiri/Desktop/Major Project/FaceForensics++_C23/original/321.mp4,0,REAL,original,321
643,/Users/nihaldastagiri/Desktop/Major Project/FaceForensics++_C23/original/643.mp4,0,REAL,original,643
158,/Users/nihaldastagiri/Desktop/Major Project/FaceForensics++_C23/original/158.mp4,0,REAL,original,158
977,/Users/nihaldastagiri/Desktop/Major Project/FaceForensics++_C23/original/977.mp4,0,REAL,original,977
429,/Users/nihaldastagiri/Desktop/Major Project/FaceForensics++_C23/original/429.mp4,0,REAL,original,429
941,/Users/nihaldastagiri/Desktop/Major Project/FaceForensics++_C23/original/941.mp4,0,REAL,original,941
462,/Users/nihaldastagiri/Desktop/Major Project/FaceForensics++_C23/original/462.mp4,0,REAL,original,462
309,/Users/nihaldastagiri/Desktop/Major Project/FaceForensics++_C23/original/309.mp4,0,REAL,original,309
697,/Users/nihaldastagiri/Desktop/Major Project/FaceForensics++_C23/original/697.mp4,0,REAL,original,697
060,/Users/nihaldastagiri/Desktop/Major Project/FaceForensics++_C23/original/060.mp4,0,REAL,original,060
884,/Users/nihaldastagiri/Desktop/Major Project/FaceForensics++_C23/original/884.mp4,0,REAL,original,884
595,/Users/nihaldastagiri/Desktop/Major Project/FaceForensics++_C23/original/595.mp4,0,REAL,original,595
767,/Users/nihaldastagiri/Desktop/Major Project/FaceForensics++_C23/original/767.mp4,0,REAL,original,767
649,/Users/nihaldastagiri/Desktop/Major Project/FaceForensics++_C23/original/649.mp4,0,REAL,original,649
650,/Users/nihaldastagiri/Desktop/Major Project/FaceForensics++_C23/original/650.mp4,0,REAL,original,650
865,/Users/nihaldastagiri/Desktop/Major Project/FaceForensics++_C23/original/865.mp4,0,REAL,original,865
668,/Users/nihaldastagiri/Desktop/Major Project/FaceForensics++_C23/original/668.mp4,0,REAL,original,668
298,/Users/nihaldastagiri/Desktop/Major Project/FaceForensics++_C23/original/298.mp4,0,REAL,original,298
689,/Users/nihaldastagiri/Desktop/Major Project/FaceForensics++_C23/original/689.mp4,0,REAL,original,689
314,/Users/nihaldastagiri/Desktop/Major Project/FaceForensics++_C23/original/314.mp4,0,REAL,original,314
310,/Users/nihaldastagiri/Desktop/Major Project/FaceForensics++_C23/original/310.mp4,0,REAL,original,310
361,/Users/nihaldastagiri/Desktop/Major Project/FaceForensics++_C23/original/361.mp4,0,REAL,original,361
479,/Users/nihaldastagiri/Desktop/Major Project/FaceForensics++_C23/original/479.mp4,0,REAL,original,479
110,/Users/nihaldastagiri/Desktop/Major Project/FaceForensics++_C23/original/110.mp4,0,REAL,original,110
989,/Users/nihaldastagiri/Desktop/Major Project/FaceForensics++_C23/original/989.mp4,0,REAL,original,989
486,/Users/nihaldastagiri/Desktop/Major Project/FaceForensics++_C23/original/486.mp4,0,REAL,original,486
363,/Users/nihaldastagiri/Desktop/Major Project/FaceForensics++_C23/original/363.mp4,0,REAL,original,363
254,/Users/nihaldastagiri/Desktop/Major Project/FaceForensics++_C23/original/254.mp4,0,REAL,original,254
259,/Users/nihaldastagiri/Desktop/Major Project/FaceForensics++_C23/original/259.mp4,0,REAL,original,259
802,/Users/nihaldastagiri/Desktop/Major Project/FaceForensics++_C23/original/802.mp4,0,REAL,original,802
677,/Users/nihaldastagiri/Desktop/Major Project/FaceForensics++_C23/original/677.mp4,0,REAL,original,677
494,/Users/nihaldastagiri/Desktop/Major Project/FaceForensics++_C23/original/494.mp4,0,REAL,original,494
670,/Users/nihaldastagiri/Desktop/Major Project/FaceForensics++_C23/original/670.mp4,0,REAL,original,670
377,/Users/nihaldastagiri/Desktop/Major Project/FaceForensics++_C23/original/377.mp4,0,REAL,original,377
526,/Users/nihaldastagiri/Desktop/Major Project/FaceForensics++_C23/original/526.mp4,0,REAL,original,526
845,/Users/nihaldastagiri/Desktop/Major Project/FaceForensics++_C23/original/845.mp4,0,REAL,original,845
137,/Users/nihaldastagiri/Desktop/Major Project/FaceForensics++_C23/original/137.mp4,0,REAL,original,137
355,/Users/nihaldastagiri/Desktop/Major Project/FaceForensics++_C23/original/355.mp4,0,REAL,original,355
365,/Users/nihaldastagiri/Desktop/Major Project/FaceForensics++_C23/original/365.mp4,0,REAL,original,365
942,/Users/nihaldastagiri/Desktop/Major Project/FaceForensics++_C23/original/942.mp4,0,REAL,original,942
749,/Users/nihaldastagiri/Desktop/Major Project/FaceForensics++_C23/original/749.mp4,0,REAL,original,749
948,/Users/nihaldastagiri/Desktop/Major Project/FaceForensics++_C23/original/948.mp4,0,REAL,original,948
829,/Users/nihaldastagiri/Desktop/Major Project/FaceForensics++_C23/original/829.mp4,0,REAL,original,829
656,/Users/nihaldastagiri/Desktop/Major Project/FaceForensics++_C23/original/656.mp4,0,REAL,original,656
199,/Users/nihaldastagiri/Desktop/Major Project/FaceForensics++_C23/original/199.mp4,0,REAL,original,199
213,/Users/nihaldastagiri/Desktop/Major Project/FaceForensics++_C23/original/213.mp4,0,REAL,original,213
408,/Users/nihaldastagiri/Desktop/Major Project/FaceForensics++_C23/original/408.mp4,0,REAL,original,408
332,/Users/nihaldastagiri/Desktop/Major Project/FaceForensics++_C23/original/332.mp4,0,REAL,original,332
208,/Users/nihaldastagiri/Desktop/Major Project/FaceForensics++_C23/original/208.mp4,0,REAL,original,208
613,/Users/nihaldastagiri/Desktop/Major Project/FaceForensics++_C23/original/613.mp4,0,REAL,original,613
078,/Users/nihaldastagiri/Desktop/Major Project/FaceForensics++_C23/original/078.mp4,0,REAL,original,078
029,/Users/nihaldastagiri/Desktop/Major Project/FaceForensics++_C23/original/029.mp4,0,REAL,original,029
535,/Users/nihaldastagiri/Desktop/Major Project/FaceForensics++_C23/original/535.mp4,0,REAL,original,535
695,/Users/nihaldastagiri/Desktop/Major Project/FaceForensics++_C23/original/695.mp4,0,REAL,original,695
557,/Users/nihaldastagiri/Desktop/Major Project/FaceForensics++_C23/original/557.mp4,0,REAL,original,557
836,/Users/nihaldastagiri/Desktop/Major Project/FaceForensics++_C23/original/836.mp4,0,REAL,original,836
596,/Users/nihaldastagiri/Desktop/Major Project/FaceForensics++_C23/original/596.mp4,0,REAL,original,596
165,/Users/nihaldastagiri/Desktop/Major Project/FaceForensics++_C23/original/165.mp4,0,REAL,original,165
918,/Users/nihaldastagiri/Desktop/Major Project/FaceForensics++_C23/original/918.mp4,0,REAL,original,918
495,/Users/nihaldastagiri/Desktop/Major Project/FaceForensics++_C23/original/495.mp4,0,REAL,original,495
824,/Users/nihaldastagiri/Desktop/Major Project/FaceForensics++_C23/original/824.mp4,0,REAL,original,824
065,/Users/nihaldastagiri/Desktop/Major Project/FaceForensics++_C23/original/065.mp4,0,REAL,original,065
141,/Users/nihaldastagiri/Desktop/Major Project/FaceForensics++_C23/original/141.mp4,0,REAL,original,141
925,/Users/nihaldastagiri/Desktop/Major Project/FaceForensics++_C23/original/925.mp4,0,REAL,original,925
827,/Users/nihaldastagiri/Desktop/Major Project/FaceForensics++_C23/original/827.mp4,0,REAL,original,827
655,/Users/nihaldastagiri/Desktop/Major Project/FaceForensics++_C23/original/655.mp4,0,REAL,original,655
331,/Users/nihaldastagiri/Desktop/Major Project/FaceForensics++_C23/original/331.mp4,0,REAL,original,331
664,/Users/nihaldastagiri/Desktop/Major Project/FaceForensics++_C23/original/664.mp4,0,REAL,original,664
249,/Users/nihaldastagiri/Desktop/Major Project/FaceForensics++_C23/original/249.mp4,0,REAL,original,249
907,/Users/nihaldastagiri/Desktop/Major Project/FaceForensics++_C23/original/907.mp4,0,REAL,original,907
708,/Users/nihaldastagiri/Desktop/Major Project/FaceForensics++_C23/original/708.mp4,0,REAL,original,708
305,/Users/nihaldastagiri/Desktop/Major Project/FaceForensics++_C23/original/305.mp4,0,REAL,original,305
734,/Users/nihaldastagiri/Desktop/Major Project/FaceForensics++_C23/original/734.mp4,0,REAL,original,734
975,/Users/nihaldastagiri/Desktop/Major Project/FaceForensics++_C23/original/975.mp4,0,REAL,original,975
049,/Users/nihaldastagiri/Desktop/Major Project/FaceForensics++_C23/original/049.mp4,0,REAL,original,049
896,/Users/nihaldastagiri/Desktop/Major Project/FaceForensics++_C23/original/896.mp4,0,REAL,original,896
002,/Users/nihaldastagiri/Desktop/Major Project/FaceForensics++_C23/original/002.mp4,0,REAL,original,002
544,/Users/nihaldastagiri/Desktop/Major Project/FaceForensics++_C23/original/544.mp4,0,REAL,original,544
350,/Users/nihaldastagiri/Desktop/Major Project/FaceForensics++_C23/original/350.mp4,0,REAL,original,350
904,/Users/nihaldastagiri/Desktop/Major Project/FaceForensics++_C23/original/904.mp4,0,REAL,original,904
536,/Users/nihaldastagiri/Desktop/Major Project/FaceForensics++_C23/original/536.mp4,0,REAL,original,536
344,/Users/nihaldastagiri/Desktop/Major Project/FaceForensics++_C23/original/344.mp4,0,REAL,original,344
994,/Users/nihaldastagiri/Desktop/Major Project/FaceForensics++_C23/original/994.mp4,0,REAL,original,994
481,/Users/nihaldastagiri/Desktop/Major Project/FaceForensics++_C23/original/481.mp4,0,REAL,original,481
575,/Users/nihaldastagiri/Desktop/Major Project/FaceForensics++_C23/original/575.mp4,0,REAL,original,575
033,/Users/nihaldastagiri/Desktop/Major Project/FaceForensics++_C23/original/033.mp4,0,REAL,original,033
031,/Users/nihaldastagiri/Desktop/Major Project/FaceForensics++_C23/original/031.mp4,0,REAL,original,031
231,/Users/nihaldastagiri/Desktop/Major Project/FaceForensics++_C23/original/231.mp4,0,REAL,original,231
963,/Users/nihaldastagiri/Desktop/Major Project/FaceForensics++_C23/original/963.mp4,0,REAL,original,963
192,/Users/nihaldastagiri/Desktop/Major Project/FaceForensics++_C23/original/192.mp4,0,REAL,original,192
333,/Users/nihaldastagiri/Desktop/Major Project/FaceForensics++_C23/original/333.mp4,0,REAL,original,333
003,/Users/nihaldastagiri/Desktop/Major Project/FaceForensics++_C23/original/003.mp4,0,REAL,original,003
204,/Users/nihaldastagiri/Desktop/Major Project/FaceForensics++_C23/original/204.mp4,0,REAL,original,204
514,/Users/nihaldastagiri/Desktop/Major Project/FaceForensics++_C23/original/514.mp4,0,REAL,original,514
799,/Users/nihaldastagiri/Desktop/Major Project/FaceForensics++_C23/original/799.mp4,0,REAL,original,799
306,/Users/nihaldastagiri/Desktop/Major Project/FaceForensics++_C23/original/306.mp4,0,REAL,original,306
109,/Users/nihaldastagiri/Desktop/Major Project/FaceForensics++_C23/original/109.mp4,0,REAL,original,109
430,/Users/nihaldastagiri/Desktop/Major Project/FaceForensics++_C23/original/430.mp4,0,REAL,original,430
077,/Users/nihaldastagiri/Desktop/Major Project/FaceForensics++_C23/original/077.mp4,0,REAL,original,077
084,/Users/nihaldastagiri/Desktop/Major Project/FaceForensics++_C23/original/084.mp4,0,REAL,original,084
286,/Users/nihaldastagiri/Desktop/Major Project/FaceForensics++_C23/original/286.mp4,0,REAL,original,286
082,/Users/nihaldastagiri/Desktop/Major Project/FaceForensics++_C23/original/082.mp4,0,REAL,original,082
991,/Users/nihaldastagiri/Desktop/Major Project/FaceForensics++_C23/original/991.mp4,0,REAL,original,991
789,/Users/nihaldastagiri/Desktop/Major Project/FaceForensics++_C23/original/789.mp4,0,REAL,original,789
894,/Users/nihaldastagiri/Desktop/Major Project/FaceForensics++_C23/original/894.mp4,0,REAL,original,894
398,/Users/nihaldastagiri/Desktop/Major Project/FaceForensics++_C23/original/398.mp4,0,REAL,original,398
323,/Users/nihaldastagiri/Desktop/Major Project/FaceForensics++_C23/original/323.mp4,0,REAL,original,323
519,/Users/nihaldastagiri/Desktop/Major Project/FaceForensics++_C23/original/519.mp4,0,REAL,original,519
916,/Users/nihaldastagiri/Desktop/Major Project/FaceForensics++_C23/original/916.mp4,0,REAL,original,916
922,/Users/nihaldastagiri/Desktop/Major Project/FaceForensics++_C23/original/922.mp4,0,REAL,original,922
005,/Users/nihaldastagiri/Desktop/Major Project/FaceForensics++_C23/original/005.mp4,0,REAL,original,005
731,/Users/nihaldastagiri/Desktop/Major Project/FaceForensics++_C23/original/731.mp4,0,REAL,original,731
465,/Users/nihaldastagiri/Desktop/Major Project/FaceForensics++_C23/original/465.mp4,0,REAL,original,465
097,/Users/nihaldastagiri/Desktop/Major Project/FaceForensics++_C23/original/097.mp4,0,REAL,original,097
266,/Users/nihaldastagiri/Desktop/Major Project/FaceForensics++_C23/original/266.mp4,0,REAL,original,266
357,/Users/nihaldastagiri/Desktop/Major Project/FaceForensics++_C23/original/357.mp4,0,REAL,original,357
868,/Users/nihaldastagiri/Desktop/Major Project/FaceForensics++_C23/original/868.mp4,0,REAL,original,868
798,/Users/nihaldastagiri/Desktop/Major Project/FaceForensics++_C23/original/798.mp4,0,REAL,original,798
380,/Users/nihaldastagiri/Desktop/Major Project/FaceForensics++_C23/original/380.mp4,0,REAL,original,380
631,/Users/nihaldastagiri/Desktop/Major Project/FaceForensics++_C23/original/631.mp4,0,REAL,original,631
381,/Users/nihaldastagiri/Desktop/Major Project/FaceForensics++_C23/original/381.mp4,0,REAL,original,381
490,/Users/nihaldastagiri/Desktop/Major Project/FaceForensics++_C23/original/490.mp4,0,REAL,original,490
118,/Users/nihaldastagiri/Desktop/Major Project/FaceForensics++_C23/original/118.mp4,0,REAL,original,118
900,/Users/nihaldastagiri/Desktop/Major Project/FaceForensics++_C23/original/900.mp4,0,REAL,original,900
250,/Users/nihaldastagiri/Desktop/Major Project/FaceForensics++_C23/original/250.mp4,0,REAL,original,250
523,/Users/nihaldastagiri/Desktop/Major Project/FaceForensics++_C23/original/523.mp4,0,REAL,original,523
009,/Users/nihaldastagiri/Desktop/Major Project/FaceForensics++_C23/original/009.mp4,0,REAL,original,009
196,/Users/nihaldastagiri/Desktop/Major Project/FaceForensics++_C23/original/196.mp4,0,REAL,original,196
603,/Users/nihaldastagiri/Desktop/Major Project/FaceForensics++_C23/original/603.mp4,0,REAL,original,603
081,/Users/nihaldastagiri/Desktop/Major Project/FaceForensics++_C23/original/081.mp4,0,REAL,original,081
783,/Users/nihaldastagiri/Desktop/Major Project/FaceForensics++_C23/original/783.mp4,0,REAL,original,783
587,/Users/nihaldastagiri/Desktop/Major Project/FaceForensics++_C23/original/587.mp4,0,REAL,original,587
797,/Users/nihaldastagiri/Desktop/Major Project/FaceForensics++_C23/original/797.mp4,0,REAL,original,797
239,/Users/nihaldastagiri/Desktop/Major Project/FaceForensics++_C23/original/239.mp4,0,REAL,original,239
290,/Users/nihaldastagiri/Desktop/Major Project/FaceForensics++_C23/original/290.mp4,0,REAL,original,290
211,/Users/nihaldastagiri/Desktop/Major Project/FaceForensics++_C23/original/211.mp4,0,REAL,original,211
717,/Users/nihaldastagiri/Desktop/Major Project/FaceForensics++_C23/original/717.mp4,0,REAL,original,717
359,/Users/nihaldastagiri/Desktop/Major Project/FaceForensics++_C23/original/359.mp4,0,REAL,original,359
449,/Users/nihaldastagiri/Desktop/Major Project/FaceForensics++_C23/original/449.mp4,0,REAL,original,449
227,/Users/nihaldastagiri/Desktop/Major Project/FaceForensics++_C23/original/227.mp4,0,REAL,original,227
950,/Users/nihaldastagiri/Desktop/Major Project/FaceForensics++_C23/original/950.mp4,0,REAL,original,950
946,/Users/nihaldastagiri/Desktop/Major Project/FaceForensics++_C23/original/946.mp4,0,REAL,original,946
796,/Users/nihaldastagiri/Desktop/Major Project/FaceForensics++_C23/original/796.mp4,0,REAL,original,796
501,/Users/nihaldastagiri/Desktop/Major Project/FaceForensics++_C23/original/501.mp4,0,REAL,original,501
464,/Users/nihaldastagiri/Desktop/Major Project/FaceForensics++_C23/original/464.mp4,0,REAL,original,464
362,/Users/nihaldastagiri/Desktop/Major Project/FaceForensics++_C23/original/362.mp4,0,REAL,original,362
468,/Users/nihaldastagiri/Desktop/Major Project/FaceForensics++_C23/original/468.mp4,0,REAL,original,468
935,/Users/nihaldastagiri/Desktop/Major Project/FaceForensics++_C23/original/935.mp4,0,REAL,original,935
428,/Users/nihaldastagiri/Desktop/Major Project/FaceForensics++_C23/original/428.mp4,0,REAL,original,428
007,/Users/nihaldastagiri/Desktop/Major Project/FaceForensics++_C23/original/007.mp4,0,REAL,original,007
155,/Users/nihaldastagiri/Desktop/Major Project/FaceForensics++_C23/original/155.mp4,0,REAL,original,155
541,/Users/nihaldastagiri/Desktop/Major Project/FaceForensics++_C23/original/541.mp4,0,REAL,original,541
440,/Users/nihaldastagiri/Desktop/Major Project/FaceForensics++_C23/original/440.mp4,0,REAL,original,440
482,/Users/nihaldastagiri/Desktop/Major Project/FaceForensics++_C23/original/482.mp4,0,REAL,original,482
422,/Users/nihaldastagiri/Desktop/Major Project/FaceForensics++_C23/original/422.mp4,0,REAL,original,422
778,/Users/nihaldastagiri/Desktop/Major Project/FaceForensics++_C23/original/778.mp4,0,REAL,original,778
949,/Users/nihaldastagiri/Desktop/Major Project/FaceForensics++_C23/original/949.mp4,0,REAL,original,949
334,/Users/nihaldastagiri/Desktop/Major Project/FaceForensics++_C23/original/334.mp4,0,REAL,original,334
576,/Users/nihaldastagiri/Desktop/Major Project/FaceForensics++_C23/original/576.mp4,0,REAL,original,576
934,/Users/nihaldastagiri/Desktop/Major Project/FaceForensics++_C23/original/934.mp4,0,REAL,original,934
567,/Users/nihaldastagiri/Desktop/Major Project/FaceForensics++_C23/original/567.mp4,0,REAL,original,567
594,/Users/nihaldastagiri/Desktop/Major Project/FaceForensics++_C23/original/594.mp4,0,REAL,original,594
530,/Users/nihaldastagiri/Desktop/Major Project/FaceForensics++_C23/original/530.mp4,0,REAL,original,530
581,/Users/nihaldastagiri/Desktop/Major Project/FaceForensics++_C23/original/581.mp4,0,REAL,original,581
707,/Users/nihaldastagiri/Desktop/Major Project/FaceForensics++_C23/original/707.mp4,0,REAL,original,707
448,/Users/nihaldastagiri/Desktop/Major Project/FaceForensics++_C23/original/448.mp4,0,REAL,original,448
453,/Users/nihaldastagiri/Desktop/Major Project/FaceForensics++_C23/original/453.mp4,0,REAL,original,453
228,/Users/nihaldastagiri/Desktop/Major Project/FaceForensics++_C23/original/228.mp4,0,REAL,original,228
352,/Users/nihaldastagiri/Desktop/Major Project/FaceForensics++_C23/original/352.mp4,0,REAL,original,352
728,/Users/nihaldastagiri/Desktop/Major Project/FaceForensics++_C23/original/728.mp4,0,REAL,original,728
212,/Users/nihaldastagiri/Desktop/Major Project/FaceForensics++_C23/original/212.mp4,0,REAL,original,212
079,/Users/nihaldastagiri/Desktop/Major Project/FaceForensics++_C23/original/079.mp4,0,REAL,original,079
148,/Users/nihaldastagiri/Desktop/Major Project/FaceForensics++_C23/original/148.mp4,0,REAL,original,148
302,/Users/nihaldastagiri/Desktop/Major Project/FaceForensics++_C23/original/302.mp4,0,REAL,original,302
628,/Users/nihaldastagiri/Desktop/Major Project/FaceForensics++_C23/original/628.mp4,0,REAL,original,628
777,/Users/nihaldastagiri/Desktop/Major Project/FaceForensics++_C23/original/777.mp4,0,REAL,original,777
506,/Users/nihaldastagiri/Desktop/Major Project/FaceForensics++_C23/original/506.mp4,0,REAL,original,506
342,/Users/nihaldastagiri/Desktop/Major Project/FaceForensics++_C23/original/342.mp4,0,REAL,original,342
485,/Users/nihaldastagiri/Desktop/Major Project/FaceForensics++_C23/original/485.mp4,0,REAL,original,485
711,/Users/nihaldastagiri/Desktop/Major Project/FaceForensics++_C23/original/711.mp4,0,REAL,original,711
133,/Users/nihaldastagiri/Desktop/Major Project/FaceForensics++_C23/original/133.mp4,0,REAL,original,133
703,/Users/nihaldastagiri/Desktop/Major Project/FaceForensics++_C23/original/703.mp4,0,REAL,original,703
311,/Users/nihaldastagiri/Desktop/Major Project/FaceForensics++_C23/original/311.mp4,0,REAL,original,311
722,/Users/nihaldastagiri/Desktop/Major Project/FaceForensics++_C23/original/722.mp4,0,REAL,original,722
629,/Users/nihaldastagiri/Desktop/Major Project/FaceForensics++_C23/original/629.mp4,0,REAL,original,629
000,/Users/nihaldastagiri/Desktop/Major Project/FaceForensics++_C23/original/000.mp4,0,REAL,original,000
316,/Users/nihaldastagiri/Desktop/Major Project/FaceForensics++_C23/original/316.mp4,0,REAL,original,316
706,/Users/nihaldastagiri/Desktop/Major Project/FaceForensics++_C23/original/706.mp4,0,REAL,original,706
547,/Users/nihaldastagiri/Desktop/Major Project/FaceForensics++_C23/original/547.mp4,0,REAL,original,547
872,/Users/nihaldastagiri/Desktop/Major Project/FaceForensics++_C23/original/872.mp4,0,REAL,original,872
532,/Users/nihaldastagiri/Desktop/Major Project/FaceForensics++_C23/original/532.mp4,0,REAL,original,532
477,/Users/nihaldastagiri/Desktop/Major Project/FaceForensics++_C23/original/477.mp4,0,REAL,original,477
404,/Users/nihaldastagiri/Desktop/Major Project/FaceForensics++_C23/original/404.mp4,0,REAL,original,404
172,/Users/nihaldastagiri/Desktop/Major Project/FaceForensics++_C23/original/172.mp4,0,REAL,original,172
125,/Users/nihaldastagiri/Desktop/Major Project/FaceForensics++_C23/original/125.mp4,0,REAL,original,125
394,/Users/nihaldastagiri/Desktop/Major Project/FaceForensics++_C23/original/394.mp4,0,REAL,original,394
420,/Users/nihaldastagiri/Desktop/Major Project/FaceForensics++_C23/original/420.mp4,0,REAL,original,420
552,/Users/nihaldastagiri/Desktop/Major Project/FaceForensics++_C23/original/552.mp4,0,REAL,original,552
903,/Users/nihaldastagiri/Desktop/Major Project/FaceForensics++_C23/original/903.mp4,0,REAL,original,903
090,/Users/nihaldastagiri/Desktop/Major Project/FaceForensics++_C23/original/090.mp4,0,REAL,original,090
939,/Users/nihaldastagiri/Desktop/Major Project/FaceForensics++_C23/original/939.mp4,0,REAL,original,939
181,/Users/nihaldastagiri/Desktop/Major Project/FaceForensics++_C23/original/181.mp4,0,REAL,original,181
274,/Users/nihaldastagiri/Desktop/Major Project/FaceForensics++_C23/original/274.mp4,0,REAL,original,274
895,/Users/nihaldastagiri/Desktop/Major Project/FaceForensics++_C23/original/895.mp4,0,REAL,original,895
069,/Users/nihaldastagiri/Desktop/Major Project/FaceForensics++_C23/original/069.mp4,0,REAL,original,069
291,/Users/nihaldastagiri/Desktop/Major Project/FaceForensics++_C23/original/291.mp4,0,REAL,original,291
131,/Users/nihaldastagiri/Desktop/Major Project/FaceForensics++_C23/original/131.mp4,0,REAL,original,131
300,/Users/nihaldastagiri/Desktop/Major Project/FaceForensics++_C23/original/300.mp4,0,REAL,original,300
424,/Users/nihaldastagiri/Desktop/Major Project/FaceForensics++_C23/original/424.mp4,0,REAL,original,424
326,/Users/nihaldastagiri/Desktop/Major Project/FaceForensics++_C23/original/326.mp4,0,REAL,original,326
144,/Users/nihaldastagiri/Desktop/Major Project/FaceForensics++_C23/original/144.mp4,0,REAL,original,144
423,/Users/nihaldastagiri/Desktop/Major Project/FaceForensics++_C23/original/423.mp4,0,REAL,original,423
580,/Users/nihaldastagiri/Desktop/Major Project/FaceForensics++_C23/original/580.mp4,0,REAL,original,580
135,/Users/nihaldastagiri/Desktop/Major Project/FaceForensics++_C23/original/135.mp4,0,REAL,original,135
450,/Users/nihaldastagiri/Desktop/Major Project/FaceForensics++_C23/original/450.mp4,0,REAL,original,450
164,/Users/nihaldastagiri/Desktop/Major Project/FaceForensics++_C23/original/164.mp4,0,REAL,original,164
028,/Users/nihaldastagiri/Desktop/Major Project/FaceForensics++_C23/original/028.mp4,0,REAL,original,028
773,/Users/nihaldastagiri/Desktop/Major Project/FaceForensics++_C23/original/773.mp4,0,REAL,original,773
193,/Users/nihaldastagiri/Desktop/Major Project/FaceForensics++_C23/original/193.mp4,0,REAL,original,193
388,/Users/nihaldastagiri/Desktop/Major Project/FaceForensics++_C23/original/388.mp4,0,REAL,original,388
852,/Users/nihaldastagiri/Desktop/Major Project/FaceForensics++_C23/original/852.mp4,0,REAL,original,852
169,/Users/nihaldastagiri/Desktop/Major Project/FaceForensics++_C23/original/169.mp4,0,REAL,original,169
705,/Users/nihaldastagiri/Desktop/Major Project/FaceForensics++_C23/original/705.mp4,0,REAL,original,705
140,/Users/nihaldastagiri/Desktop/Major Project/FaceForensics++_C23/original/140.mp4,0,REAL,original,140
173,/Users/nihaldastagiri/Desktop/Major Project/FaceForensics++_C23/original/173.mp4,0,REAL,original,173
006,/Users/nihaldastagiri/Desktop/Major Project/FaceForensics++_C23/original/006.mp4,0,REAL,original,006
745,/Users/nihaldastagiri/Desktop/Major Project/FaceForensics++_C23/original/745.mp4,0,REAL,original,745
478,/Users/nihaldastagiri/Desktop/Major Project/FaceForensics++_C23/original/478.mp4,0,REAL,original,478
073,/Users/nihaldastagiri/Desktop/Major Project/FaceForensics++_C23/original/073.mp4,0,REAL,original,073
910,/Users/nihaldastagiri/Desktop/Major Project/FaceForensics++_C23/original/910.mp4,0,REAL,original,910
813,/Users/nihaldastagiri/Desktop/Major Project/FaceForensics++_C23/original/813.mp4,0,REAL,original,813
238,/Users/nihaldastagiri/Desktop/Major Project/FaceForensics++_C23/original/238.mp4,0,REAL,original,238
145,/Users/nihaldastagiri/Desktop/Major Project/FaceForensics++_C23/original/145.mp4,0,REAL,original,145
792,/Users/nihaldastagiri/Desktop/Major Project/FaceForensics++_C23/original/792.mp4,0,REAL,original,792
234,/Users/nihaldastagiri/Desktop/Major Project/FaceForensics++_C23/original/234.mp4,0,REAL,original,234
220,/Users/nihaldastagiri/Desktop/Major Project/FaceForensics++_C23/original/220.mp4,0,REAL,original,220
923,/Users/nihaldastagiri/Desktop/Major Project/FaceForensics++_C23/original/923.mp4,0,REAL,original,923
500,/Users/nihaldastagiri/Desktop/Major Project/FaceForensics++_C23/original/500.mp4,0,REAL,original,500
132,/Users/nihaldastagiri/Desktop/Major Project/FaceForensics++_C23/original/132.mp4,0,REAL,original,132
990,/Users/nihaldastagiri/Desktop/Major Project/FaceForensics++_C23/original/990.mp4,0,REAL,original,990
774,/Users/nihaldastagiri/Desktop/Major Project/FaceForensics++_C23/original/774.mp4,0,REAL,original,774
185,/Users/nihaldastagiri/Desktop/Major Project/FaceForensics++_C23/original/185.mp4,0,REAL,original,185
041,/Users/nihaldastagiri/Desktop/Major Project/FaceForensics++_C23/original/041.mp4,0,REAL,original,041
696,/Users/nihaldastagiri/Desktop/Major Project/FaceForensics++_C23/original/696.mp4,0,REAL,original,696
108,/Users/nihaldastagiri/Desktop/Major Project/FaceForensics++_C23/original/108.mp4,0,REAL,original,108
588,/Users/nihaldastagiri/Desktop/Major Project/FaceForensics++_C23/original/588.mp4,0,REAL,original,588
056,/Users/nihaldastagiri/Desktop/Major Project/FaceForensics++_C23/original/056.mp4,0,REAL,original,056
405,/Users/nihaldastagiri/Desktop/Major Project/FaceForensics++_C23/original/405.mp4,0,REAL,original,405
442,/Users/nihaldastagiri/Desktop/Major Project/FaceForensics++_C23/original/442.mp4,0,REAL,original,442
757,/Users/nihaldastagiri/Desktop/Major Project/FaceForensics++_C23/original/757.mp4,0,REAL,original,757
997,/Users/nihaldastagiri/Desktop/Major Project/FaceForensics++_C23/original/997.mp4,0,REAL,original,997
024,/Users/nihaldastagiri/Desktop/Major Project/FaceForensics++_C23/original/024.mp4,0,REAL,original,024
467,/Users/nihaldastagiri/Desktop/Major Project/FaceForensics++_C23/original/467.mp4,0,REAL,original,467
539,/Users/nihaldastagiri/Desktop/Major Project/FaceForensics++_C23/original/539.mp4,0,REAL,original,539
531,/Users/nihaldastagiri/Desktop/Major Project/FaceForensics++_C23/original/531.mp4,0,REAL,original,531
618,/Users/nihaldastagiri/Desktop/Major Project/FaceForensics++_C23/original/618.mp4,0,REAL,original,618
694,/Users/nihaldastagiri/Desktop/Major Project/FaceForensics++_C23/original/694.mp4,0,REAL,original,694
926,/Users/nihaldastagiri/Desktop/Major Project/FaceForensics++_C23/original/926.mp4,0,REAL,original,926
338,/Users/nihaldastagiri/Desktop/Major Project/FaceForensics++_C23/original/338.mp4,0,REAL,original,338
051,/Users/nihaldastagiri/Desktop/Major Project/FaceForensics++_C23/original/051.mp4,0,REAL,original,051
507,/Users/nihaldastagiri/Desktop/Major Project/FaceForensics++_C23/original/507.mp4,0,REAL,original,507
516,/Users/nihaldastagiri/Desktop/Major Project/FaceForensics++_C23/original/516.mp4,0,REAL,original,516
920,/Users/nihaldastagiri/Desktop/Major Project/FaceForensics++_C23/original/920.mp4,0,REAL,original,920
781,/Users/nihaldastagiri/Desktop/Major Project/FaceForensics++_C23/original/781.mp4,0,REAL,original,781
264,/Users/nihaldastagiri/Desktop/Major Project/FaceForensics++_C23/original/264.mp4,0,REAL,original,264
817,/Users/nihaldastagiri/Desktop/Major Project/FaceForensics++_C23/original/817.mp4,0,REAL,original,817
710,/Users/nihaldastagiri/Desktop/Major Project/FaceForensics++_C23/original/710.mp4,0,REAL,original,710
682,/Users/nihaldastagiri/Desktop/Major Project/FaceForensics++_C23/original/682.mp4,0,REAL,original,682
832,/Users/nihaldastagiri/Desktop/Major Project/FaceForensics++_C23/original/832.mp4,0,REAL,original,832
518,/Users/nihaldastagiri/Desktop/Major Project/FaceForensics++_C23/original/518.mp4,0,REAL,original,518
447,/Users/nihaldastagiri/Desktop/Major Project/FaceForensics++_C23/original/447.mp4,0,REAL,original,447
018,/Users/nihaldastagiri/Desktop/Major Project/FaceForensics++_C23/original/018.mp4,0,REAL,original,018
715,/Users/nihaldastagiri/Desktop/Major Project/FaceForensics++_C23/original/715.mp4,0,REAL,original,715
483,/Users/nihaldastagiri/Desktop/Major Project/FaceForensics++_C23/original/483.mp4,0,REAL,original,483
568,/Users/nihaldastagiri/Desktop/Major Project/FaceForensics++_C23/original/568.mp4,0,REAL,original,568
433,/Users/nihaldastagiri/Desktop/Major Project/FaceForensics++_C23/original/433.mp4,0,REAL,original,433
367,/Users/nihaldastagiri/Desktop/Major Project/FaceForensics++_C23/original/367.mp4,0,REAL,original,367
083,/Users/nihaldastagiri/Desktop/Major Project/FaceForensics++_C23/original/083.mp4,0,REAL,original,083
061,/Users/nihaldastagiri/Desktop/Major Project/FaceForensics++_C23/original/061.mp4,0,REAL,original,061
638,/Users/nihaldastagiri/Desktop/Major Project/FaceForensics++_C23/original/638.mp4,0,REAL,original,638
272,/Users/nihaldastagiri/Desktop/Major Project/FaceForensics++_C23/original/272.mp4,0,REAL,original,272
285,/Users/nihaldastagiri/Desktop/Major Project/FaceForensics++_C23/original/285.mp4,0,REAL,original,285
360,/Users/nihaldastagiri/Desktop/Major Project/FaceForensics++_C23/original/360.mp4,0,REAL,original,360
354,/Users/nihaldastagiri/Desktop/Major Project/FaceForensics++_C23/original/354.mp4,0,REAL,original,354
456,/Users/nihaldastagiri/Desktop/Major Project/FaceForensics++_C23/original/456.mp4,0,REAL,original,456
278,/Users/nihaldastagiri/Desktop/Major Project/FaceForensics++_C23/original/278.mp4,0,REAL,original,278
012,/Users/nihaldastagiri/Desktop/Major Project/FaceForensics++_C23/original/012.mp4,0,REAL,original,012
182,/Users/nihaldastagiri/Desktop/Major Project/FaceForensics++_C23/original/182.mp4,0,REAL,original,182
368,/Users/nihaldastagiri/Desktop/Major Project/FaceForensics++_C23/original/368.mp4,0,REAL,original,368
881,/Users/nihaldastagiri/Desktop/Major Project/FaceForensics++_C23/original/881.mp4,0,REAL,original,881
615,/Users/nihaldastagiri/Desktop/Major Project/FaceForensics++_C23/original/615.mp4,0,REAL,original,615
223,/Users/nihaldastagiri/Desktop/Major Project/FaceForensics++_C23/original/223.mp4,0,REAL,original,223
572,/Users/nihaldastagiri/Desktop/Major Project/FaceForensics++_C23/original/572.mp4,0,REAL,original,572
970,/Users/nihaldastagiri/Desktop/Major Project/FaceForensics++_C23/original/970.mp4,0,REAL,original,970
653,/Users/nihaldastagiri/Desktop/Major Project/FaceForensics++_C23/original/653.mp4,0,REAL,original,653
545,/Users/nihaldastagiri/Desktop/Major Project/FaceForensics++_C23/original/545.mp4,0,REAL,original,545
582,/Users/nihaldastagiri/Desktop/Major Project/FaceForensics++_C23/original/582.mp4,0,REAL,original,582
633,/Users/nihaldastagiri/Desktop/Major Project/FaceForensics++_C23/original/633.mp4,0,REAL,original,633
176,/Users/nihaldastagiri/Desktop/Major Project/FaceForensics++_C23/original/176.mp4,0,REAL,original,176
665,/Users/nihaldastagiri/Desktop/Major Project/FaceForensics++_C23/original/665.mp4,0,REAL,original,665
673,/Users/nihaldastagiri/Desktop/Major Project/FaceForensics++_C23/original/673.mp4,0,REAL,original,673
585,/Users/nihaldastagiri/Desktop/Major Project/FaceForensics++_C23/original/585.mp4,0,REAL,original,585
873,/Users/nihaldastagiri/Desktop/Major Project/FaceForensics++_C23/original/873.mp4,0,REAL,original,873
393,/Users/nihaldastagiri/Desktop/Major Project/FaceForensics++_C23/original/393.mp4,0,REAL,original,393
163,/Users/nihaldastagiri/Desktop/Major Project/FaceForensics++_C23/original/163.mp4,0,REAL,original,163
248,/Users/nihaldastagiri/Desktop/Major Project/FaceForensics++_C23/original/248.mp4,0,REAL,original,248
634,/Users/nihaldastagiri/Desktop/Major Project/FaceForensics++_C23/original/634.mp4,0,REAL,original,634
885,/Users/nihaldastagiri/Desktop/Major Project/FaceForensics++_C23/original/885.mp4,0,REAL,original,885
669,/Users/nihaldastagiri/Desktop/Major Project/FaceForensics++_C23/original/669.mp4,0,REAL,original,669
375,/Users/nihaldastagiri/Desktop/Major Project/FaceForensics++_C23/original/375.mp4,0,REAL,original,375
412,/Users/nihaldastagiri/Desktop/Major Project/FaceForensics++_C23/original/412.mp4,0,REAL,original,412
074,/Users/nihaldastagiri/Desktop/Major Project/FaceForensics++_C23/original/074.mp4,0,REAL,original,074
113,/Users/nihaldastagiri/Desktop/Major Project/FaceForensics++_C23/original/113.mp4,0,REAL,original,113
598,/Users/nihaldastagiri/Desktop/Major Project/FaceForensics++_C23/original/598.mp4,0,REAL,original,598
961,/Users/nihaldastagiri/Desktop/Major Project/FaceForensics++_C23/original/961.mp4,0,REAL,original,961
390,/Users/nihaldastagiri/Desktop/Major Project/FaceForensics++_C23/original/390.mp4,0,REAL,original,390
104,/Users/nihaldastagiri/Desktop/Major Project/FaceForensics++_C23/original/104.mp4,0,REAL,original,104
114,/Users/nihaldastagiri/Desktop/Major Project/FaceForensics++_C23/original/114.mp4,0,REAL,original,114
417,/Users/nihaldastagiri/Desktop/Major Project/FaceForensics++_C23/original/417.mp4,0,REAL,original,417
525,/Users/nihaldastagiri/Desktop/Major Project/FaceForensics++_C23/original/525.mp4,0,REAL,original,525
457,/Users/nihaldastagiri/Desktop/Major Project/FaceForensics++_C23/original/457.mp4,0,REAL,original,457
409,/Users/nihaldastagiri/Desktop/Major Project/FaceForensics++_C23/original/409.mp4,0,REAL,original,409
092,/Users/nihaldastagiri/Desktop/Major Project/FaceForensics++_C23/original/092.mp4,0,REAL,original,092
930,/Users/nihaldastagiri/Desktop/Major Project/FaceForensics++_C23/original/930.mp4,0,REAL,original,930
089,/Users/nihaldastagiri/Desktop/Major Project/FaceForensics++_C23/original/089.mp4,0,REAL,original,089
336,/Users/nihaldastagiri/Desktop/Major Project/FaceForensics++_C23/original/336.mp4,0,REAL,original,336
988,/Users/nihaldastagiri/Desktop/Major Project/FaceForensics++_C23/original/988.mp4,0,REAL,original,988
921,/Users/nihaldastagiri/Desktop/Major Project/FaceForensics++_C23/original/921.mp4,0,REAL,original,921
933,/Users/nihaldastagiri/Desktop/Major Project/FaceForensics++_C23/original/933.mp4,0,REAL,original,933
605,/Users/nihaldastagiri/Desktop/Major Project/FaceForensics++_C23/original/605.mp4,0,REAL,original,605
593,/Users/nihaldastagiri/Desktop/Major Project/FaceForensics++_C23/original/593.mp4,0,REAL,original,593
611,/Users/nihaldastagiri/Desktop/Major Project/FaceForensics++_C23/original/611.mp4,0,REAL,original,611
094,/Users/nihaldastagiri/Desktop/Major Project/FaceForensics++_C23/original/094.mp4,0,REAL,original,094
011,/Users/nihaldastagiri/Desktop/Major Project/FaceForensics++_C23/original/011.mp4,0,REAL,original,011
396,/Users/nihaldastagiri/Desktop/Major Project/FaceForensics++_C23/original/396.mp4,0,REAL,original,396
533,/Users/nihaldastagiri/Desktop/Major Project/FaceForensics++_C23/original/533.mp4,0,REAL,original,533
043,/Users/nihaldastagiri/Desktop/Major Project/FaceForensics++_C23/original/043.mp4,0,REAL,original,043
042,/Users/nihaldastagiri/Desktop/Major Project/FaceForensics++_C23/original/042.mp4,0,REAL,original,042
329,/Users/nihaldastagiri/Desktop/Major Project/FaceForensics++_C23/original/329.mp4,0,REAL,original,329
167,/Users/nihaldastagiri/Desktop/Major Project/FaceForensics++_C23/original/167.mp4,0,REAL,original,167
497,/Users/nihaldastagiri/Desktop/Major Project/FaceForensics++_C23/original/497.mp4,0,REAL,original,497
876,/Users/nihaldastagiri/Desktop/Major Project/FaceForensics++_C23/original/876.mp4,0,REAL,original,876
597,/Users/nihaldastagiri/Desktop/Major Project/FaceForensics++_C23/original/597.mp4,0,REAL,original,597
756,/Users/nihaldastagiri/Desktop/Major Project/FaceForensics++_C23/original/756.mp4,0,REAL,original,756
100,/Users/nihaldastagiri/Desktop/Major Project/FaceForensics++_C23/original/100.mp4,0,REAL,original,100
426,/Users/nihaldastagiri/Desktop/Major Project/FaceForensics++_C23/original/426.mp4,0,REAL,original,426
178,/Users/nihaldastagiri/Desktop/Major Project/FaceForensics++_C23/original/178.mp4,0,REAL,original,178
444,/Users/nihaldastagiri/Desktop/Major Project/FaceForensics++_C23/original/444.mp4,0,REAL,original,444
416,/Users/nihaldastagiri/Desktop/Major Project/FaceForensics++_C23/original/416.mp4,0,REAL,original,416
870,/Users/nihaldastagiri/Desktop/Major Project/FaceForensics++_C23/original/870.mp4,0,REAL,original,870
882,/Users/nihaldastagiri/Desktop/Major Project/FaceForensics++_C23/original/882.mp4,0,REAL,original,882
680,/Users/nihaldastagiri/Desktop/Major Project/FaceForensics++_C23/original/680.mp4,0,REAL,original,680
177,/Users/nihaldastagiri/Desktop/Major Project/FaceForensics++_C23/original/177.mp4,0,REAL,original,177
395,/Users/nihaldastagiri/Desktop/Major Project/FaceForensics++_C23/original/395.mp4,0,REAL,original,395
911,/Users/nihaldastagiri/Desktop/Major Project/FaceForensics++_C23/original/911.mp4,0,REAL,original,911
793,/Users/nihaldastagiri/Desktop/Major Project/FaceForensics++_C23/original/793.mp4,0,REAL,original,793
960,/Users/nihaldastagiri/Desktop/Major Project/FaceForensics++_C23/original/960.mp4,0,REAL,original,960
684,/Users/nihaldastagiri/Desktop/Major Project/FaceForensics++_C23/original/684.mp4,0,REAL,original,684
383,/Users/nihaldastagiri/Desktop/Major Project/FaceForensics++_C23/original/383.mp4,0,REAL,original,383
956,/Users/nihaldastagiri/Desktop/Major Project/FaceForensics++_C23/original/956.mp4,0,REAL,original,956
751,/Users/nihaldastagiri/Desktop/Major Project/FaceForensics++_C23/original/751.mp4,0,REAL,original,751
257,/Users/nihaldastagiri/Desktop/Major Project/FaceForensics++_C23/original/257.mp4,0,REAL,original,257
538,/Users/nihaldastagiri/Desktop/Major Project/FaceForensics++_C23/original/538.mp4,0,REAL,original,538
335,/Users/nihaldastagiri/Desktop/Major Project/FaceForensics++_C23/original/335.mp4,0,REAL,original,335
015,/Users/nihaldastagiri/Desktop/Major Project/FaceForensics++_C23/original/015.mp4,0,REAL,original,015
324,/Users/nihaldastagiri/Desktop/Major Project/FaceForensics++_C23/original/324.mp4,0,REAL,original,324
758,/Users/nihaldastagiri/Desktop/Major Project/FaceForensics++_C23/original/758.mp4,0,REAL,original,758
222,/Users/nihaldastagiri/Desktop/Major Project/FaceForensics++_C23/original/222.mp4,0,REAL,original,222
179,/Users/nihaldastagiri/Desktop/Major Project/FaceForensics++_C23/original/179.mp4,0,REAL,original,179
983,/Users/nihaldastagiri/Desktop/Major Project/FaceForensics++_C23/original/983.mp4,0,REAL,original,983
022,/Users/nihaldastagiri/Desktop/Major Project/FaceForensics++_C23/original/022.mp4,0,REAL,original,022
356,/Users/nihaldastagiri/Desktop/Major Project/FaceForensics++_C23/original/356.mp4,0,REAL,original,356
666,/Users/nihaldastagiri/Desktop/Major Project/FaceForensics++_C23/original/666.mp4,0,REAL,original,666
861,/Users/nihaldastagiri/Desktop/Major Project/FaceForensics++_C23/original/861.mp4,0,REAL,original,861
340,/Users/nihaldastagiri/Desktop/Major Project/FaceForensics++_C23/original/340.mp4,0,REAL,original,340
431,/Users/nihaldastagiri/Desktop/Major Project/FaceForensics++_C23/original/431.mp4,0,REAL,original,431
551,/Users/nihaldastagiri/Desktop/Major Project/FaceForensics++_C23/original/551.mp4,0,REAL,original,551
833,/Users/nihaldastagiri/Desktop/Major Project/FaceForensics++_C23/original/833.mp4,0,REAL,original,833
203,/Users/nihaldastagiri/Desktop/Major Project/FaceForensics++_C23/original/203.mp4,0,REAL,original,203
630,/Users/nihaldastagiri/Desktop/Major Project/FaceForensics++_C23/original/630.mp4,0,REAL,original,630
093,/Users/nihaldastagiri/Desktop/Major Project/FaceForensics++_C23/original/093.mp4,0,REAL,original,093
558,/Users/nihaldastagiri/Desktop/Major Project/FaceForensics++_C23/original/558.mp4,0,REAL,original,558
068,/Users/nihaldastagiri/Desktop/Major Project/FaceForensics++_C23/original/068.mp4,0,REAL,original,068
622,/Users/nihaldastagiri/Desktop/Major Project/FaceForensics++_C23/original/622.mp4,0,REAL,original,622
284,/Users/nihaldastagiri/Desktop/Major Project/FaceForensics++_C23/original/284.mp4,0,REAL,original,284
844,/Users/nihaldastagiri/Desktop/Major Project/FaceForensics++_C23/original/844.mp4,0,REAL,original,844
434,/Users/nihaldastagiri/Desktop/Major Project/FaceForensics++_C23/original/434.mp4,0,REAL,original,434
153,/Users/nihaldastagiri/Desktop/Major Project/FaceForensics++_C23/original/153.mp4,0,REAL,original,153
075,/Users/nihaldastagiri/Desktop/Major Project/FaceForensics++_C23/original/075.mp4,0,REAL,original,075
730,/Users/nihaldastagiri/Desktop/Major Project/FaceForensics++_C23/original/730.mp4,0,REAL,original,730
446,/Users/nihaldastagiri/Desktop/Major Project/FaceForensics++_C23/original/446.mp4,0,REAL,original,446
188,/Users/nihaldastagiri/Desktop/Major Project/FaceForensics++_C23/original/188.mp4,0,REAL,original,188
271,/Users/nihaldastagiri/Desktop/Major Project/FaceForensics++_C23/original/271.mp4,0,REAL,original,271
236,/Users/nihaldastagiri/Desktop/Major Project/FaceForensics++_C23/original/236.mp4,0,REAL,original,236
487,/Users/nihaldastagiri/Desktop/Major Project/FaceForensics++_C23/original/487.mp4,0,REAL,original,487
117,/Users/nihaldastagiri/Desktop/Major Project/FaceForensics++_C23/original/117.mp4,0,REAL,original,117
943,/Users/nihaldastagiri/Desktop/Major Project/FaceForensics++_C23/original/943.mp4,0,REAL,original,943
512,/Users/nihaldastagiri/Desktop/Major Project/FaceForensics++_C23/original/512.mp4,0,REAL,original,512
825,/Users/nihaldastagiri/Desktop/Major Project/FaceForensics++_C23/original/825.mp4,0,REAL,original,825
591,/Users/nihaldastagiri/Desktop/Major Project/FaceForensics++_C23/original/591.mp4,0,REAL,original,591
126,/Users/nihaldastagiri/Desktop/Major Project/FaceForensics++_C23/original/126.mp4,0,REAL,original,126
116,/Users/nihaldastagiri/Desktop/Major Project/FaceForensics++_C23/original/116.mp4,0,REAL,original,116
473,/Users/nihaldastagiri/Desktop/Major Project/FaceForensics++_C23/original/473.mp4,0,REAL,original,473
693,/Users/nihaldastagiri/Desktop/Major Project/FaceForensics++_C23/original/693.mp4,0,REAL,original,693
057,/Users/nihaldastagiri/Desktop/Major Project/FaceForensics++_C23/original/057.mp4,0,REAL,original,057
863,/Users/nihaldastagiri/Desktop/Major Project/FaceForensics++_C23/original/863.mp4,0,REAL,original,863
912,/Users/nihaldastagiri/Desktop/Major Project/FaceForensics++_C23/original/912.mp4,0,REAL,original,912
369,/Users/nihaldastagiri/Desktop/Major Project/FaceForensics++_C23/original/369.mp4,0,REAL,original,369
268,/Users/nihaldastagiri/Desktop/Major Project/FaceForensics++_C23/original/268.mp4,0,REAL,original,268
046,/Users/nihaldastagiri/Desktop/Major Project/FaceForensics++_C23/original/046.mp4,0,REAL,original,046
349,/Users/nihaldastagiri/Desktop/Major Project/FaceForensics++_C23/original/349.mp4,0,REAL,original,349
195,/Users/nihaldastagiri/Desktop/Major Project/FaceForensics++_C23/original/195.mp4,0,REAL,original,195
999,/Users/nihaldastagiri/Desktop/Major Project/FaceForensics++_C23/original/999.mp4,0,REAL,original,999
834,/Users/nihaldastagiri/Desktop/Major Project/FaceForensics++_C23/original/834.mp4,0,REAL,original,834
736,/Users/nihaldastagiri/Desktop/Major Project/FaceForensics++_C23/original/736.mp4,0,REAL,original,736
263,/Users/nihaldastagiri/Desktop/Major Project/FaceForensics++_C23/original/263.mp4,0,REAL,original,263
443,/Users/nihaldastagiri/Desktop/Major Project/FaceForensics++_C23/original/443.mp4,0,REAL,original,443
675,/Users/nihaldastagiri/Desktop/Major Project/FaceForensics++_C23/original/675.mp4,0,REAL,original,675
304,/Users/nihaldastagiri/Desktop/Major Project/FaceForensics++_C23/original/304.mp4,0,REAL,original,304
341,/Users/nihaldastagiri/Desktop/Major Project/FaceForensics++_C23/original/341.mp4,0,REAL,original,341
966,/Users/nihaldastagiri/Desktop/Major Project/FaceForensics++_C23/original/966.mp4,0,REAL,original,966
149,/Users/nihaldastagiri/Desktop/Major Project/FaceForensics++_C23/original/149.mp4,0,REAL,original,149
124,/Users/nihaldastagiri/Desktop/Major Project/FaceForensics++_C23/original/124.mp4,0,REAL,original,124
786,/Users/nihaldastagiri/Desktop/Major Project/FaceForensics++_C23/original/786.mp4,0,REAL,original,786
050,/Users/nihaldastagiri/Desktop/Major Project/FaceForensics++_C23/original/050.mp4,0,REAL,original,050
353,/Users/nihaldastagiri/Desktop/Major Project/FaceForensics++_C23/original/353.mp4,0,REAL,original,353
927,/Users/nihaldastagiri/Desktop/Major Project/FaceForensics++_C23/original/927.mp4,0,REAL,original,927
142,/Users/nihaldastagiri/Desktop/Major Project/FaceForensics++_C23/original/142.mp4,0,REAL,original,142
470,/Users/nihaldastagiri/Desktop/Major Project/FaceForensics++_C23/original/470.mp4,0,REAL,original,470
399,/Users/nihaldastagiri/Desktop/Major Project/FaceForensics++_C23/original/399.mp4,0,REAL,original,399
625,/Users/nihaldastagiri/Desktop/Major Project/FaceForensics++_C23/original/625.mp4,0,REAL,original,625
320,/Users/nihaldastagiri/Desktop/Major Project/FaceForensics++_C23/original/320.mp4,0,REAL,original,320
019,/Users/nihaldastagiri/Desktop/Major Project/FaceForensics++_C23/original/019.mp4,0,REAL,original,019
809,/Users/nihaldastagiri/Desktop/Major Project/FaceForensics++_C23/original/809.mp4,0,REAL,original,809
790,/Users/nihaldastagiri/Desktop/Major Project/FaceForensics++_C23/original/790.mp4,0,REAL,original,790
808,/Users/nihaldastagiri/Desktop/Major Project/FaceForensics++_C23/original/808.mp4,0,REAL,original,808
407,/Users/nihaldastagiri/Desktop/Major Project/FaceForensics++_C23/original/407.mp4,0,REAL,original,407
537,/Users/nihaldastagiri/Desktop/Major Project/FaceForensics++_C23/original/537.mp4,0,REAL,original,537
620,/Users/nihaldastagiri/Desktop/Major Project/FaceForensics++_C23/original/620.mp4,0,REAL,original,620
038,/Users/nihaldastagiri/Desktop/Major Project/FaceForensics++_C23/original/038.mp4,0,REAL,original,038
175,/Users/nihaldastagiri/Desktop/Major Project/FaceForensics++_C23/original/175.mp4,0,REAL,original,175
245,/Users/nihaldastagiri/Desktop/Major Project/FaceForensics++_C23/original/245.mp4,0,REAL,original,245
828,/Users/nihaldastagiri/Desktop/Major Project/FaceForensics++_C23/original/828.mp4,0,REAL,original,828
667,/Users/nihaldastagiri/Desktop/Major Project/FaceForensics++_C23/original/667.mp4,0,REAL,original,667
754,/Users/nihaldastagiri/Desktop/Major Project/FaceForensics++_C23/original/754.mp4,0,REAL,original,754
858,/Users/nihaldastagiri/Desktop/Major Project/FaceForensics++_C23/original/858.mp4,0,REAL,original,858
154,/Users/nihaldastagiri/Desktop/Major Project/FaceForensics++_C23/original/154.mp4,0,REAL,original,154
287,/Users/nihaldastagiri/Desktop/Major Project/FaceForensics++_C23/original/287.mp4,0,REAL,original,287
602,/Users/nihaldastagiri/Desktop/Major Project/FaceForensics++_C23/original/602.mp4,0,REAL,original,602
569,/Users/nihaldastagiri/Desktop/Major Project/FaceForensics++_C23/original/569.mp4,0,REAL,original,569
743,/Users/nihaldastagiri/Desktop/Major Project/FaceForensics++_C23/original/743.mp4,0,REAL,original,743
017,/Users/nihaldastagiri/Desktop/Major Project/FaceForensics++_C23/original/017.mp4,0,REAL,original,017
127,/Users/nihaldastagiri/Desktop/Major Project/FaceForensics++_C23/original/127.mp4,0,REAL,original,127
322,/Users/nihaldastagiri/Desktop/Major Project/FaceForensics++_C23/original/322.mp4,0,REAL,original,322
255,/Users/nihaldastagiri/Desktop/Major Project/FaceForensics++_C23/original/255.mp4,0,REAL,original,255
657,/Users/nihaldastagiri/Desktop/Major Project/FaceForensics++_C23/original/657.mp4,0,REAL,original,657
964,/Users/nihaldastagiri/Desktop/Major Project/FaceForensics++_C23/original/964.mp4,0,REAL,original,964
190,/Users/nihaldastagiri/Desktop/Major Project/FaceForensics++_C23/original/190.mp4,0,REAL,original,190
115,/Users/nihaldastagiri/Desktop/Major Project/FaceForensics++_C23/original/115.mp4,0,REAL,original,115
616,/Users/nihaldastagiri/Desktop/Major Project/FaceForensics++_C23/original/616.mp4,0,REAL,original,616
606,/Users/nihaldastagiri/Desktop/Major Project/FaceForensics++_C23/original/606.mp4,0,REAL,original,606
180,/Users/nihaldastagiri/Desktop/Major Project/FaceForensics++_C23/original/180.mp4,0,REAL,original,180
301,/Users/nihaldastagiri/Desktop/Major Project/FaceForensics++_C23/original/301.mp4,0,REAL,original,301
759,/Users/nihaldastagiri/Desktop/Major Project/FaceForensics++_C23/original/759.mp4,0,REAL,original,759
712,/Users/nihaldastagiri/Desktop/Major Project/FaceForensics++_C23/original/712.mp4,0,REAL,original,712
723,/Users/nihaldastagiri/Desktop/Major Project/FaceForensics++_C23/original/723.mp4,0,REAL,original,723
685,/Users/nihaldastagiri/Desktop/Major Project/FaceForensics++_C23/original/685.mp4,0,REAL,original,685
979,/Users/nihaldastagiri/Desktop/Major Project/FaceForensics++_C23/original/979.mp4,0,REAL,original,979
517,/Users/nihaldastagiri/Desktop/Major Project/FaceForensics++_C23/original/517.mp4,0,REAL,original,517
984,/Users/nihaldastagiri/Desktop/Major Project/FaceForensics++_C23/original/984.mp4,0,REAL,original,984
045,/Users/nihaldastagiri/Desktop/Major Project/FaceForensics++_C23/original/045.mp4,0,REAL,original,045
909,/Users/nihaldastagiri/Desktop/Major Project/FaceForensics++_C23/original/909.mp4,0,REAL,original,909
157,/Users/nihaldastagiri/Desktop/Major Project/FaceForensics++_C23/original/157.mp4,0,REAL,original,157
851,/Users/nihaldastagiri/Desktop/Major Project/FaceForensics++_C23/original/851.mp4,0,REAL,original,851
171,/Users/nihaldastagiri/Desktop/Major Project/FaceForensics++_C23/original/171.mp4,0,REAL,original,171
016,/Users/nihaldastagiri/Desktop/Major Project/FaceForensics++_C23/original/016.mp4,0,REAL,original,016
511,/Users/nihaldastagiri/Desktop/Major Project/FaceForensics++_C23/original/511.mp4,0,REAL,original,511
048,/Users/nihaldastagiri/Desktop/Major Project/FaceForensics++_C23/original/048.mp4,0,REAL,original,048
971,/Users/nihaldastagiri/Desktop/Major Project/FaceForensics++_C23/original/971.mp4,0,REAL,original,971
940,/Users/nihaldastagiri/Desktop/Major Project/FaceForensics++_C23/original/940.mp4,0,REAL,original,940
515,/Users/nihaldastagiri/Desktop/Major Project/FaceForensics++_C23/original/515.mp4,0,REAL,original,515
952,/Users/nihaldastagiri/Desktop/Major Project/FaceForensics++_C23/original/952.mp4,0,REAL,original,952
480,/Users/nihaldastagiri/Desktop/Major Project/FaceForensics++_C23/original/480.mp4,0,REAL,original,480
283,/Users/nihaldastagiri/Desktop/Major Project/FaceForensics++_C23/original/283.mp4,0,REAL,original,283
718,/Users/nihaldastagiri/Desktop/Major Project/FaceForensics++_C23/original/718.mp4,0,REAL,original,718
877,/Users/nihaldastagiri/Desktop/Major Project/FaceForensics++_C23/original/877.mp4,0,REAL,original,877
225,/Users/nihaldastagiri/Desktop/Major Project/FaceForensics++_C23/original/225.mp4,0,REAL,original,225
026,/Users/nihaldastagiri/Desktop/Major Project/FaceForensics++_C23/original/026.mp4,0,REAL,original,026
954,/Users/nihaldastagiri/Desktop/Major Project/FaceForensics++_C23/original/954.mp4,0,REAL,original,954
437,/Users/nihaldastagiri/Desktop/Major Project/FaceForensics++_C23/original/437.mp4,0,REAL,original,437
951,/Users/nihaldastagiri/Desktop/Major Project/FaceForensics++_C23/original/951.mp4,0,REAL,original,951
364,/Users/nihaldastagiri/Desktop/Major Project/FaceForensics++_C23/original/364.mp4,0,REAL,original,364
229,/Users/nihaldastagiri/Desktop/Major Project/FaceForensics++_C23/original/229.mp4,0,REAL,original,229
037,/Users/nihaldastagiri/Desktop/Major Project/FaceForensics++_C23/original/037.mp4,0,REAL,original,037
965,/Users/nihaldastagiri/Desktop/Major Project/FaceForensics++_C23/original/965.mp4,0,REAL,original,965
374,/Users/nihaldastagiri/Desktop/Major Project/FaceForensics++_C23/original/374.mp4,0,REAL,original,374
469,/Users/nihaldastagiri/Desktop/Major Project/FaceForensics++_C23/original/469.mp4,0,REAL,original,469
967,/Users/nihaldastagiri/Desktop/Major Project/FaceForensics++_C23/original/967.mp4,0,REAL,original,967
850,/Users/nihaldastagiri/Desktop/Major Project/FaceForensics++_C23/original/850.mp4,0,REAL,original,850
704,/Users/nihaldastagiri/Desktop/Major Project/FaceForensics++_C23/original/704.mp4,0,REAL,original,704
841,/Users/nihaldastagiri/Desktop/Major Project/FaceForensics++_C23/original/841.mp4,0,REAL,original,841
194,/Users/nihaldastagiri/Desktop/Major Project/FaceForensics++_C23/original/194.mp4,0,REAL,original,194
854,/Users/nihaldastagiri/Desktop/Major Project/FaceForensics++_C23/original/854.mp4,0,REAL,original,854
864,/Users/nihaldastagiri/Desktop/Major Project/FaceForensics++_C23/original/864.mp4,0,REAL,original,864
503,/Users/nihaldastagiri/Desktop/Major Project/FaceForensics++_C23/original/503.mp4,0,REAL,original,503
969,/Users/nihaldastagiri/Desktop/Major Project/FaceForensics++_C23/original/969.mp4,0,REAL,original,969
830,/Users/nihaldastagiri/Desktop/Major Project/FaceForensics++_C23/original/830.mp4,0,REAL,original,830
579,/Users/nihaldastagiri/Desktop/Major Project/FaceForensics++_C23/original/579.mp4,0,REAL,original,579
968,/Users/nihaldastagiri/Desktop/Major Project/FaceForensics++_C23/original/968.mp4,0,REAL,original,968
162,/Users/nihaldastagiri/Desktop/Major Project/FaceForensics++_C23/original/162.mp4,0,REAL,original,162
908,/Users/nihaldastagiri/Desktop/Major Project/FaceForensics++_C23/original/908.mp4,0,REAL,original,908
152,/Users/nihaldastagiri/Desktop/Major Project/FaceForensics++_C23/original/152.mp4,0,REAL,original,152
801,/Users/nihaldastagiri/Desktop/Major Project/FaceForensics++_C23/original/801.mp4,0,REAL,original,801
993,/Users/nihaldastagiri/Desktop/Major Project/FaceForensics++_C23/original/993.mp4,0,REAL,original,993
755,/Users/nihaldastagiri/Desktop/Major Project/FaceForensics++_C23/original/755.mp4,0,REAL,original,755
111,/Users/nihaldastagiri/Desktop/Major Project/FaceForensics++_C23/original/111.mp4,0,REAL,original,111
226,/Users/nihaldastagiri/Desktop/Major Project/FaceForensics++_C23/original/226.mp4,0,REAL,original,226
688,/Users/nihaldastagiri/Desktop/Major Project/FaceForensics++_C23/original/688.mp4,0,REAL,original,688
103,/Users/nihaldastagiri/Desktop/Major Project/FaceForensics++_C23/original/103.mp4,0,REAL,original,103
421,/Users/nihaldastagiri/Desktop/Major Project/FaceForensics++_C23/original/421.mp4,0,REAL,original,421
419,/Users/nihaldastagiri/Desktop/Major Project/FaceForensics++_C23/original/419.mp4,0,REAL,original,419
750,/Users/nihaldastagiri/Desktop/Major Project/FaceForensics++_C23/original/750.mp4,0,REAL,original,750
586,/Users/nihaldastagiri/Desktop/Major Project/FaceForensics++_C23/original/586.mp4,0,REAL,original,586
780,/Users/nihaldastagiri/Desktop/Major Project/FaceForensics++_C23/original/780.mp4,0,REAL,original,780
672,/Users/nihaldastagiri/Desktop/Major Project/FaceForensics++_C23/original/672.mp4,0,REAL,original,672
119,/Users/nihaldastagiri/Desktop/Major Project/FaceForensics++_C23/original/119.mp4,0,REAL,original,119
053,/Users/nihaldastagiri/Desktop/Major Project/FaceForensics++_C23/original/053.mp4,0,REAL,original,053
151,/Users/nihaldastagiri/Desktop/Major Project/FaceForensics++_C23/original/151.mp4,0,REAL,original,151
403,/Users/nihaldastagiri/Desktop/Major Project/FaceForensics++_C23/original/403.mp4,0,REAL,original,403
945,/Users/nihaldastagiri/Desktop/Major Project/FaceForensics++_C23/original/945.mp4,0,REAL,original,945
207,/Users/nihaldastagiri/Desktop/Major Project/FaceForensics++_C23/original/207.mp4,0,REAL,original,207
658,/Users/nihaldastagiri/Desktop/Major Project/FaceForensics++_C23/original/658.mp4,0,REAL,original,658
843,/Users/nihaldastagiri/Desktop/Major Project/FaceForensics++_C23/original/843.mp4,0,REAL,original,843
762,/Users/nihaldastagiri/Desktop/Major Project/FaceForensics++_C23/original/762.mp4,0,REAL,original,762
008,/Users/nihaldastagiri/Desktop/Major Project/FaceForensics++_C23/original/008.mp4,0,REAL,original,008
807,/Users/nihaldastagiri/Desktop/Major Project/FaceForensics++_C23/original/807.mp4,0,REAL,original,807
036,/Users/nihaldastagiri/Desktop/Major Project/FaceForensics++_C23/original/036.mp4,0,REAL,original,036
452,/Users/nihaldastagiri/Desktop/Major Project/FaceForensics++_C23/original/452.mp4,0,REAL,original,452
651,/Users/nihaldastagiri/Desktop/Major Project/FaceForensics++_C23/original/651.mp4,0,REAL,original,651
253,/Users/nihaldastagiri/Desktop/Major Project/FaceForensics++_C23/original/253.mp4,0,REAL,original,253
303,/Users/nihaldastagiri/Desktop/Major Project/FaceForensics++_C23/original/303.mp4,0,REAL,original,303
746,/Users/nihaldastagiri/Desktop/Major Project/FaceForensics++_C23/original/746.mp4,0,REAL,original,746
571,/Users/nihaldastagiri/Desktop/Major Project/FaceForensics++_C23/original/571.mp4,0,REAL,original,571
623,/Users/nihaldastagiri/Desktop/Major Project/FaceForensics++_C23/original/623.mp4,0,REAL,original,623
732,/Users/nihaldastagiri/Desktop/Major Project/FaceForensics++_C23/original/732.mp4,0,REAL,original,732
891,/Users/nihaldastagiri/Desktop/Major Project/FaceForensics++_C23/original/891.mp4,0,REAL,original,891
262,/Users/nihaldastagiri/Desktop/Major Project/FaceForensics++_C23/original/262.mp4,0,REAL,original,262
610,/Users/nihaldastagiri/Desktop/Major Project/FaceForensics++_C23/original/610.mp4,0,REAL,original,610
297,/Users/nihaldastagiri/Desktop/Major Project/FaceForensics++_C23/original/297.mp4,0,REAL,original,297
414,/Users/nihaldastagiri/Desktop/Major Project/FaceForensics++_C23/original/414.mp4,0,REAL,original,414
150,/Users/nihaldastagiri/Desktop/Major Project/FaceForensics++_C23/original/150.mp4,0,REAL,original,150
